tree
version=v4
num_class=1
num_tree_per_iteration=1
label_index=0
max_feature_idx=9
objective=binary sigmoid:1
feature_names=armed_day_share_30d hours_since_last_armed days_since_last_armed n_armed_7d disarm_share_30d n_armed_90d net_event_share_7d hours_since_guard_change net_event_share_1d day_of_week
feature_infos=[0:1] [1:55392] [1:2308] [0:3726] [0:0.62407410144805908] [0:3726] [0.00049261085223406553:0.060240965336561203] [1:160] [0:0.18933333456516266] [0:6]
tree_sizes=2652 2695 2723 2715 2701 2704 2730 2711 2737 2738 2740 2718 2736 2717 2749 2751 2716 2726 2750 2750 2748 2728 2749 2752 2755 2746 2748 2754 2750 2748 2730 2743 2766 2785 2725 2751 2748 2763 2774 2775 2756 2750 2779 2754 2772 2773 2747 2769 2755 2774 2747 2759 2766 2749 2779 2754 2785 2742 2764 2760 2760 2771 2779 2750 2779 2756 2752 2760 2776 2763 2772 2772 2779 2759 2752 2788

Tree=0
num_leaves=24
num_cat=0
split_feature=0 1 1 0 1 1 1 0 4 1 9 8 4 8 1 9 4 1 1 9 8 1 0
split_gain=52564.7 13758.6 8419.58 4921.11 3086.75 2940.7 1583.68 1215.72 1147.67 1124.89 1076.99 573.296 382.78 338.864 335.441 266.504 368.821 262.824 176.833 274.091 153.865 147.293 119.219
threshold=0.15000000596046451 27.500000000000004 27.500000000000004 0.050000002607703216 10.500000000000002 158.50000000000003 1539.5000000000002 0.25000000745058065 0.0092013892717659491 205.50000000000003 3.5000000000000004 0.05823293328285218 0.0092013892717659491 0.0079370080493390577 15.500000000000002 3.5000000000000004 0.11019675806164743 1176.5000000000002 177.50000000000003 1.0000000180025095e-35 0.011952381115406753 144.50000000000003 0.083333335816860213
decision_type=2 2 2 2 2 2 2 2 2 2 2 10 2 10 2 2 2 2 2 2 10 2 2
left_child=1 4 -2 6 -1 7 8 -4 10 13 17 21 20 22 -6 16 -15 18 -3 -20 -11 -10 -5
right_child=2 3 5 9 14 -7 -8 -9 11 12 -12 -13 -14 15 -16 -17 -18 -19 19 -21 -22 -23 -24
leaf_value=-4.203234358834 -3.9922175997065077 -4.4393406574048582 -4.2965840002414559 -4.4925484481142854 -4.4486656500516739 -4.4333218086944326 -4.5458907135060862 -4.1487922297775155 -4.5194765366612391 -4.4935867078044573 -4.5354054711794936 -4.4749880800568915 -4.5181200731138134 -4.3540312662757668 -4.3670363288177976 -4.4582215396837865 -4.442939448845606 -4.4198412622717145 -4.4459672472008149 -4.5035739134798733 -4.4337393669786263 -4.5370605453195578 -4.4487194999997266
leaf_weight=13.757637273520229 16.245496675372124 10.523400172591208 13.044392086565496 16.005541563034061 11.264394789934158 11.029306355863808 2664.3430410325527 12.774176169186829 59.998922701925039 10.046774011105301 52.161073006689548 18.488685976713896 62.390113893896341 10.581154670566322 12.097465842962265 15.225661709904669 11.054255269467829 10.069386787712572 13.100601755082605 35.375310424715281 9.8570201061665994 679.7636972554028 13.050116334110497
leaf_count=1105 1152 956 1102 1492 1028 999 254700 995 5665 937 4962 1709 5887 921 1060 1396 1006 906 1194 3315 893 64715 1191
internal_value=-4.53236 -4.53715 -4.19625 -4.53922 -4.33107 -4.28624 -4.54176 -4.22343 -4.52924 -4.47848 -4.49851 -4.53416 -4.50501 -4.44537 -4.40638 -4.42371 -4.39944 -4.47064 -4.47932 -4.488 -4.46394 -4.53563 -4.47286
internal_weight=3782.25 3729.15 53.0934 3692.03 37.1195 36.8479 3543.82 25.8186 879.481 148.211 121.23 758.251 82.2939 65.9167 23.3619 36.8611 21.6354 69.0687 58.9993 48.4759 19.9038 739.763 29.0557
internal_count=359286 355038 4248 351845 3193 3096 338122 2097 83422 13723 11333 72089 7717 6006 2088 3323 1927 6371 5465 4509 1830 70380 2683
is_linear=0
shrinkage=1


Tree=1
num_leaves=24
num_cat=0
split_feature=3 2 2 5 3 5 2 4 3 9 4 2 5 3 5 9 2 5 4 5 2 2 5
split_gain=34415.9 7161.53 4925.19 3066.74 2298.77 1427.98 1349.84 1365.06 1098.75 871.265 492.182 463.076 378.031 409.288 525.095 360.897 296.88 415.446 260.138 189.831 164.715 125.808 111.108
threshold=1.5000000000000002 1.5000000000000002 10.500000000000002 30.500000000000004 6.5000000000000009 21.500000000000004 64.500000000000014 0.0092013892717659491 16.500000000000004 3.5000000000000004 0.12739583104848864 1.5000000000000002 3.5000000000000004 8.5000000000000018 10.500000000000002 4.5000000000000009 50.500000000000007 8.5000000000000018 0.051388889551162727 4.5000000000000009 6.5000000000000009 23.500000000000004 1.0000000180025095e-35
decision_type=2 2 2 2 2 2 2 2 2 2 2 2 2 2 2 2 2 2 2 2 2 2 2
left_child=2 4 5 12 -2 11 7 9 -5 16 -7 -1 -3 14 -14 18 17 -4 19 20 -13 -9 -23
right_child=1 3 6 8 -6 10 -8 21 -10 -11 -12 15 13 -15 -16 -17 -18 -19 -20 -21 -22 22 -24
leaf_value=0.098310495871483966 0.20113791661280692 0.031076685858272786 0.043899336420939343 0.2426795975961446 0.3496261564424113 0.17031529402035014 -0.0035012348829262701 0.013493701761983314 0.12050746217050201 0.010355128789530973 0.082729173927440544 0.027106781770089579 0.078766223478423936 0.040559724287031453 0.15821816163171548 0.0095264118427068074 0.12247317073416771 0.10801616186454714 0.035664624689339966 0.10840210611826101 0.084754959513429734 0.023140413268815392 0.0022975396708735216
leaf_weight=16.463568670675159 24.463096866384149 16.256635501980782 44.90119812451303 23.064753586426377 23.845688609406352 14.712164437398316 2661.2296404121444 212.91104312054813 13.525651853531597 47.706739338114858 15.011684370227156 11.968859396874906 27.204886552877724 14.463699623942373 14.909199817106126 37.483432617038488 10.537062937393783 15.817812825553117 61.73145608138293 11.433846521191297 11.020578217692671 31.598459812812507 467.67431829031557
leaf_count=1194 1460 1471 3955 1432 1141 1094 255281 19920 1036 4449 1238 1055 2314 1276 1112 3451 834 1335 5598 923 957 2959 44290
internal_value=0.00974762 0.165351 0.00306378 0.117181 0.27445 0.0579697 0.000236581 0.0122046 0.197532 0.0459381 0.126093 0.0444773 0.0768078 0.0899456 0.106903 0.0378433 0.0697599 0.0606067 0.0488813 0.0725779 0.0547491 0.00656959 0.00361679
internal_weight=3829.94 157.734 3672.2 109.425 48.3088 179.826 3492.38 831.147 36.5904 118.963 29.7238 150.102 72.8344 56.5778 42.1141 133.638 71.2561 60.719 96.1547 34.4233 22.9894 712.184 499.273
internal_count=359775 11242 348533 8641 2601 15510 333023 77742 2468 10573 2332 13178 6173 4702 3426 11984 6124 5290 8533 2935 2012 67169 47249
is_linear=0
shrinkage=0.0107582


Tree=2
num_leaves=24
num_cat=0
split_feature=0 3 3 8 3 4 0 6 9 8 9 0 9 3 3 6 4 4 6 6 6 8 8
split_gain=31834.1 4426.74 3918.07 1393.77 853.45 837.034 814.406 592.843 603.7 585.29 566.701 422.387 343.171 339.376 320.17 296.064 674.413 276.858 210.459 165.573 164.423 108.181 80.8487
threshold=0.083333335816860213 2.5000000000000004 1.0000000180025095e-35 0.014167670160531999 1.0000000180025095e-35 0.0092013892717659491 0.050000002607703216 0.0092135793529450911 3.5000000000000004 0.044755019247531898 3.5000000000000004 1.0000000180025095e-35 2.5000000000000004 2.5000000000000004 9.5000000000000018 0.031267929822206504 0.22174768894910815 0.059178240597248084 0.035212852060794837 0.014817734248936178 0.011551188305020334 0.0036387211875990037 0.015874016098678115
decision_type=2 2 2 10 2 2 2 8 2 10 2 2 2 2 2 10 2 2 10 10 10 10 10
left_child=2 4 5 -3 17 7 21 -1 18 11 -6 -7 15 -8 -5 16 -11 -2 19 20 -9 -4 -19
right_child=1 3 6 14 10 9 13 8 -10 12 -12 -13 -14 -15 -16 -17 -18 22 -20 -21 -22 -23 -24
leaf_value=0.0043503644304995802 0.10987819942431998 0.15608512116031037 0.021058710374702163 0.22280699712669841 0.17041814427212101 -0.0029912777793589776 0.06710732624943444 0.042479708975677294 0.0071389247649316428 0.1399690656491589 0.091146823453461395 0.010441173193112156 0.0072930209004592097 0.12544800069014167 0.2786046314341129 0.019251234027673991 0.01593408426607263 0.040679720450684222 0.10232754972743723 0.031363074201917696 0.095219434690832661 0.045037166368214088 0.075821739057010895
leaf_weight=127.59750961977988 14.545086230151353 30.686605265364051 29.116576248779893 25.550230938009918 24.845418869517744 2919.209374033846 27.026008864864707 13.55494437646121 42.453111834824085 10.274602715857329 18.020449040457606 298.66087959893048 47.784049103036523 20.1579065984115 22.480383105576038 18.524076447822154 10.021829403936861 20.84371932130307 10.951739808544515 26.416552253998816 13.828798040747641 86.473992675542831 11.917240075767038
leaf_count=11758 1097 1636 2504 1129 1464 280244 2064 1164 3940 891 1158 27724 4471 1343 820 1733 938 1808 869 2220 1128 6909 997
internal_value=0.009356 0.153798 0.00276638 0.212748 0.102332 0.000392851 0.054374 0.0200197 0.038669 -0.00100177 0.137102 -0.00174456 0.0265964 0.0920378 0.248938 0.0503546 0.078735 0.0708185 0.0593397 0.0505839 0.0691206 0.0389978 0.0534687
internal_weight=3870.94 168.889 3702.05 78.7172 90.1719 3539.28 162.774 234.803 107.205 3304.47 42.8659 3217.87 86.6046 47.1839 48.0306 38.8205 20.2964 47.306 64.752 53.8003 27.3837 115.591 32.761
internal_count=360009 10109 349900 3585 6524 337080 12820 21079 9321 316001 2622 307968 8033 3407 1949 3562 1829 3902 5381 4512 2292 9413 2805
is_linear=0
shrinkage=0.0107582


Tree=3
num_leaves=24
num_cat=0
split_feature=3 5 1 1 1 9 3 5 6 5 1 1 6 9 1 5 9 9 6 6 3 5 6
split_gain=23931.3 3797.32 1909.47 1475.14 1337.74 777.236 795.331 697.032 578.083 418.341 407.186 393.776 284.604 365.707 286.783 340.704 250.257 183.869 184.857 149.603 126.059 225.604 87.7833
threshold=1.0000000180025095e-35 18.500000000000004 1539.5000000000002 27.500000000000004 27.500000000000004 4.5000000000000009 8.5000000000000018 4.5000000000000009 0.024103647097945217 1.5000000000000002 276.50000000000006 545.50000000000011 0.039602983742952354 3.5000000000000004 805.50000000000011 2.5000000000000004 4.5000000000000009 3.5000000000000004 0.0088582760654389876 0.009173439349979164 4.5000000000000009 7.5000000000000009 0.0038591725751757626
decision_type=2 2 2 2 2 2 2 2 8 2 2 2 10 2 2 2 2 2 10 10 2 2 10
left_child=2 4 8 -3 7 6 -5 -2 11 -6 -10 17 13 14 -12 -16 20 18 -1 -4 21 -11 -13
right_child=1 3 19 5 9 -7 -8 -9 10 16 12 22 -14 -15 15 -17 -18 -19 -20 -21 -22 -23 -24
leaf_value=0.018732226052036394 0.070303259021690614 0.1852315645077573 -0.0050981894968857742 0.16316949393387906 0.011640240215783304 0.061262773717545779 0.080888697512144211 0.15351834937615857 0.073675088755179863 0.063045335228472693 0.03167962808990063 -0.0041063960591378578 0.0016007817553049081 0.0090090984164134576 0.12768875131879304 0.044251899491445347 0.03270435984723033 0.010801627344056739 0.041813308473814814 0.00057390770477469381 0.041761211431297664 0.10894376590432973 0.0072343879775806511
leaf_weight=98.419047357514501 21.371536990627646 53.595982390455902 1897.5355572355911 38.100586557760835 27.529828722588718 24.041107068769634 21.155718617141247 25.631237012334168 24.928179893642664 44.166223173029721 26.707469938322902 97.731554324738681 38.092827958986163 32.221930102445185 10.737221720628442 11.995156424120067 30.812642150558531 122.98623587749898 67.854020111262798 751.25984189752489 15.69697841349989 17.241777162998915 412.0308783268556
leaf_count=8749 1316 1623 183272 1820 2391 1379 1269 1173 1950 3407 2295 9211 3448 2969 877 1057 2425 11091 5743 72135 1173 1090 38271
internal_value=0.00912562 0.0983738 0.00119212 0.141202 0.0662378 0.112867 0.133799 0.115688 0.0143324 0.0490755 0.0341195 0.0107493 0.025884 0.037211 0.0555896 0.0836731 0.0586247 0.0207752 0.0281519 -0.00348945 0.0689813 0.075937 0.00506012
internal_weight=3911.84 319.344 3592.5 136.893 182.45 83.2974 59.2563 47.0028 943.705 135.447 144.683 799.022 119.755 81.6618 49.4398 22.7324 107.918 289.259 166.273 2648.8 77.105 61.408 509.762
internal_count=360134 19066 341068 6091 12975 4468 3089 2489 85661 10486 12596 73065 10646 7198 4229 1934 8095 25583 14492 255407 5670 4497 47482
is_linear=0
shrinkage=0.0107582


Tree=4
num_leaves=24
num_cat=0
split_feature=2 5 1 1 7 5 1 1 4 5 2 5 5 1 5 4 7 1 2 1 1 2 4
split_gain=21087.9 3092.7 2648.48 1226.51 1212.72 675.37 621.92 597.69 568.635 390.773 338.288 284.077 202.162 163.846 145.716 241.098 114.771 107.465 94.4324 87.7624 86.7188 75.804 72.9189
threshold=4.5000000000000009 15.500000000000002 566.50000000000011 10.500000000000002 130.50000000000003 7.5000000000000009 1539.5000000000002 10.500000000000002 1.0000000180025095e-35 30.500000000000004 54.500000000000007 3.5000000000000004 45.500000000000007 191.50000000000003 1.0000000180025095e-35 0.19353009015321734 18.500000000000004 37.500000000000007 14.500000000000002 4118.5000000000009 240.50000000000003 31.500000000000004 0.23392361402511599
decision_type=2 2 2 2 8 2 2 2 2 2 2 2 2 2 2 2 8 2 2 2 2 2 2
left_child=1 3 4 -1 12 -6 8 -3 10 -9 21 17 20 -7 15 -10 -11 -5 -14 -8 -2 -4 -13
right_child=2 7 6 11 5 13 19 9 14 16 -12 22 18 -15 -16 -17 -18 -19 -20 -21 -22 -23 -24
leaf_value=0.14148215136337813 0.021422923140954463 0.18011937593685487 0.0083577448188342212 0.051710768441118625 0.032954060090501405 0.11115419304942516 -0.00085140232471589818 0.08991231415503928 -0.0013825068074347524 0.12148778147271161 0.087055847373684714 0.059163698597803301 0.051897279775831452 0.070747685811008737 0.0030249245052616164 0.056513638061229943 0.14838554121822214 0.019832858759539489 0.01630703066921756 -0.0050197817895785866 0.0099494763341084862 0.034026458519625886 0.087223944262057235
leaf_weight=19.924053993076086 120.23850397113711 30.367162134498358 19.332548681646585 19.471068767830729 53.738494562916458 20.987020646221936 874.6730489730835 26.219907489605248 17.413633876480162 30.097777946852148 12.658115032128988 39.509986843913794 25.988645509816706 26.072015239857137 468.43659457843751 15.946647880598901 47.5763174360618 32.9654242657125 12.921854596585034 1762.7063019294292 208.3967504138127 42.79761387500912 14.736584136262534
leaf_count=806 9645 704 1652 1335 4306 1100 84472 1302 1586 1145 930 2461 1726 1896 43877 1406 1612 2726 1125 170730 18684 3570 872
internal_value=0.00868023 0.102152 0.00205828 0.064004 0.0259592 0.0590162 -0.00142462 0.138123 0.00869676 0.125843 0.0363702 0.0495307 0.0168931 0.0887736 0.00457211 0.0262951 0.137968 0.0316722 0.0400802 -0.00363736 0.0141474 0.0260401 0.0667908
internal_weight=3943.18 260.868 3682.31 126.607 468.343 100.798 3213.96 134.261 576.585 103.894 74.7883 106.683 367.546 47.059 501.797 33.3603 77.6741 52.4365 38.9105 2637.38 328.635 62.1302 54.2466
internal_count=359668 12963 346705 8200 38482 7302 308223 4763 53021 4059 6152 7394 31180 2996 46869 2992 2757 4061 2851 255202 28329 5222 3333
is_linear=0
shrinkage=0.0107582


Tree=5
num_leaves=24
num_cat=0
split_feature=0 2 0 1 2 1 7 7 9 0 1 9 6 9 6 6 7 6 2 9 6 1 9
split_gain=19432.5 3205.04 2058.66 1345.9 672.526 526.043 664.185 491.723 441.688 411.518 444.718 350.701 313.867 307.122 205.864 271.039 199.79 188.676 158.433 152.873 128.279 95.7667 92.1764
threshold=0.083333335816860213 22.500000000000004 0.18333333730697635 10.500000000000002 8.5000000000000018 2054.5000000000005 126.50000000000001 130.50000000000003 4.5000000000000009 0.050000002607703216 75.500000000000014 3.5000000000000004 0.024103647097945217 3.5000000000000004 0.010766312945634128 0.016755336895585064 105.50000000000001 0.035212852060794837 1.5000000000000002 1.5000000000000002 0.014314400497823955 295.50000000000006 2.5000000000000004
decision_type=2 2 2 2 2 2 8 8 2 2 2 2 10 2 10 10 8 10 2 2 10 2 2
left_child=1 3 4 -1 18 6 20 9 14 21 -11 12 -8 -4 -9 -16 -6 -17 -2 -20 -3 -5 -22
right_child=2 5 13 7 16 -7 11 8 -10 10 -12 -13 -14 -15 15 17 -18 -19 19 -21 22 -23 -24
leaf_value=0.10780281696600773 0.11376817254022138 -6.1259077754997432e-05 0.1521786898754747 0.017828407897108958 0.02182691312982166 -0.0040024022026918489 0.035954552000523866 0.031240873744441979 0.003172807423561391 0.087424507637452603 0.0262793327821619 0.0060969348879985645 0.097584346281745532 0.11534181259031469 0.10995104833310103 0.03534882810643504 0.074373347763910427 0.08481412394303757 0.10606206244417173 0.070031191145408303 0.019878648715677155 0.0056706904440328217 0.0035974269897839388
leaf_weight=23.129692193120718 24.331367379054427 563.9515939084813 65.055345566943288 184.93043109029531 28.426956224255264 2407.5581529764459 50.29419106990099 23.049053352326155 22.03771126549691 18.068050909787416 57.823249942623079 37.744286770001054 11.809448776766656 43.962681767530739 14.191830701194702 22.781922328285873 11.871723921969531 14.678170631639658 19.954047994688153 43.127043212763965 71.906538599170744 126.13846523500979 91.405438675545156
leaf_count=825 735 53352 1757 14753 2308 233914 3976 1725 1784 1018 4602 3398 806 1291 939 1554 752 909 939 2267 6487 11299 8524
internal_value=0.00846276 0.00248189 0.102989 0.0276364 0.0736746 -0.00145951 0.00594235 0.0238024 0.0454965 0.0183786 0.0408394 0.0319602 0.0476779 0.137327 0.0579818 0.0699123 0.037311 0.0547361 0.090437 0.081433 0.00237018 0.0128986 0.0107663
internal_weight=3978.23 3741.5 236.729 506.829 127.711 3234.67 827.111 483.699 96.7387 386.96 75.8913 99.8479 62.1036 109.018 74.701 51.6519 40.2987 37.4601 87.4125 63.0811 727.264 311.069 163.312
internal_count=359914 349865 10049 39408 7001 310457 76543 38583 6911 31672 5620 8180 4782 3048 5127 3402 3060 2463 3941 3206 68363 26052 15011
is_linear=0
shrinkage=0.0107582


Tree=6
num_leaves=24
num_cat=0
split_feature=5 6 7 9 5 8 5 5 6 4 4 9 8 8 8 5 5 7 7 9 4 8 6
split_gain=9582.06 2533.17 2251.67 1275.43 1005.91 910.751 908.29 479.687 384.323 633.4 353.762 348.264 212.709 199.992 155.073 143.735 132.196 109.853 107.165 130.296 97.0204 128.359 88.942
threshold=4.5000000000000009 0.023515399545431141 132.50000000000003 4.5000000000000009 1.0000000180025095e-35 0.044755019247531898 31.500000000000004 30.500000000000004 0.03413654491305352 0.22174768894910815 0.047488424926996238 3.5000000000000004 0.016053518280386928 0.011496719904243948 0.024727193638682369 139.50000000000003 6.5000000000000009 3.5000000000000004 8.5000000000000018 3.5000000000000004 0.19769676029682162 0.036072287708520896 0.0095365419983863848
decision_type=2 10 8 2 2 8 2 2 10 2 2 2 10 10 10 2 2 10 8 2 2 10 10
left_child=4 2 15 7 5 22 12 -4 9 -7 11 13 -3 -6 -15 17 -14 -2 -18 -20 -8 -22 -1
right_child=1 6 3 -5 10 8 20 -9 -10 -11 -12 -13 16 14 -16 -17 18 -19 19 -21 21 -23 -24
leaf_value=-0.0051846662124424309 0.040064111851811281 0.018532412119191956 0.072961155973998479 0.0072804350593798743 0.025707786238413955 0.1041849073371217 0.10222847510548892 0.12508763663400488 0.0075609496924839079 0.01149456878771106 0.0077837628849639282 0.0053633931764963203 0.032538199431390365 0.077686870394045565 0.033111571023342251 0.043668258402738337 0.04559674437432517 0.016712774993024742 0.086241561530966585 0.049963044124577624 0.066574221177017931 0.10164032039565216 -0.00039633345844591536
leaf_weight=1785.0158270122483 24.710508866235614 19.650737563148141 52.711538487114012 26.063245074823499 46.863623449578881 18.678075197152793 65.645607981830835 33.386650341562927 26.90329138468951 15.708609939552842 626.76878065336496 53.426535714417696 19.502724101766944 21.694032576866448 15.487895637750624 26.861998177133501 24.487664643675089 413.12577912490815 31.673710572533309 17.977442307397723 27.159086951054633 21.810143715701997 599.8437964739278
leaf_count=174287 1728 1458 3100 1683 3648 1472 2363 1082 2480 1489 56140 4636 1463 1490 1029 1807 1676 33999 1696 1120 1406 849 57719
internal_value=0.00875905 0.0419531 0.0299556 0.0732185 0.00043807 -0.00292793 0.0723194 0.093178 0.0380193 0.0618464 0.0112118 0.0268404 0.0507152 0.0404924 0.0591234 0.0195132 0.057468 0.0180309 0.0640245 0.0731097 0.0936724 0.0821972 -0.0039803
internal_weight=4015.16 804.767 576.86 112.161 3210.39 2446.15 227.907 86.0982 61.29 34.3867 764.241 137.472 113.292 84.0456 37.1819 464.698 93.6415 437.836 74.1388 49.6512 114.615 48.9692 2384.86
internal_count=359820 55430 43399 5865 304390 237447 12031 4182 5441 2961 66943 10803 7413 6167 2519 37534 5955 35727 4492 2816 4618 2255 232006
is_linear=0
shrinkage=0.0107582


Tree=7
num_leaves=24
num_cat=0
split_feature=3 5 1 4 1 1 7 1 1 5 5 1 5 5 1 3 1 4 5 4 1 7 1
split_gain=16269.4 1831.16 1675 1114.67 762.504 686.423 324.371 297.864 290.894 288.792 245.769 323.904 188.812 187.293 116.41 107.122 98.2531 80.2503 65.589 150.956 58.1924 67.1503 52.5189
threshold=1.0000000180025095e-35 17.500000000000004 1539.5000000000002 0.0092013892717659491 10.500000000000002 86.500000000000014 54.500000000000007 10.500000000000002 527.50000000000011 3.5000000000000004 5.5000000000000009 1262.5000000000002 62.500000000000007 45.500000000000007 312.50000000000006 6.5000000000000009 2520.5000000000005 0.02922453731298447 1.0000000180025095e-35 0.19353009015321734 103.50000000000001 128.50000000000003 407.50000000000006
decision_type=2 2 2 2 2 2 8 2 2 2 2 2 2 2 2 2 2 2 2 2 2 8 2
left_child=2 4 3 10 -2 7 -7 -3 13 -6 11 -1 -9 -5 -15 20 17 -4 19 -10 21 -11 -12
right_child=1 5 16 8 9 6 -8 12 18 15 22 -13 -14 14 -16 -17 -18 -19 -20 -21 -22 -23 -24
leaf_value=0.020893545872696252 0.10133305467715042 0.12832555811929677 0.020028315449383213 0.013519132798521719 0.025647486989082844 0.032308406444390439 0.088537922469107827 0.083368376496439425 -0.004262382684836182 0.072352986990317197 0.064116604379765726 0.074529422603589066 0.10991239799788861 0.063051571646636884 0.020007651275299358 0.030114467501951132 -0.0042877485535472498 0.00026527779684689008 0.0020211091412679926 0.039610875293909727 0.045323928661182143 0.048438671967430701 0.044566850194741811
leaf_weight=99.457707029767334 27.945068994536996 41.739134415984154 25.413954427465796 256.61652521509677 80.293236631900072 26.723809828050435 21.373079102486372 69.997780693694949 18.740035003051162 37.952940148301423 31.666032160632312 14.994099302217363 55.807392284274101 15.086437009274961 14.043746734969316 20.126441150903702 2217.0412994232029 369.33323845081031 503.18616104032844 17.598761167377234 29.752810546196997 21.216452988795936 32.036726179532707
leaf_count=7542 868 665 2332 21737 5921 1300 762 2230 1689 2005 1836 961 1354 989 1107 1197 217031 35453 46089 1475 1776 1066 2209
internal_value=0.00859511 0.0709191 0.00113165 0.0129459 0.0488763 0.0931291 0.0572993 0.103414 0.0076775 0.0411328 0.0373502 0.027922 0.0951456 0.016454 0.042304 0.0525338 -0.00340728 0.00153777 0.00302918 0.0169868 0.0576069 0.0637808 0.0542873
internal_weight=4048.14 432.928 3615.21 1003.43 217.287 215.641 48.0969 167.544 825.272 189.342 178.155 114.452 125.805 285.747 29.1302 109.049 2611.79 394.747 539.525 36.3388 88.9222 59.1694 63.7028
internal_count=359594 19144 340450 85634 12833 6311 2062 4249 73086 11965 12548 8503 3584 23833 2096 6044 254816 37785 49253 3164 4847 3071 4045
is_linear=0
shrinkage=0.0107582


Tree=8
num_leaves=24
num_cat=0
split_feature=1 5 1 4 1 9 1 9 4 2 6 4 5 6 1 9 6 6 6 4 6 5 2
split_gain=15300.4 1816.05 1174.06 910.59 669.182 474.187 418.506 449.456 509.749 418.289 409.031 367.353 182.608 201.233 163.484 201.683 152.157 136.915 134.323 156.096 133.66 189.811 137.062
threshold=191.50000000000003 13.500000000000002 1539.5000000000002 0.051388889551162727 10.500000000000002 4.5000000000000009 10.500000000000002 3.5000000000000004 1.0000000180025095e-35 2.5000000000000004 0.029986129142344001 0.033634260296821601 9.5000000000000018 0.012050881981849672 27.500000000000004 3.5000000000000004 0.01553073385730386 0.0092135793529450911 0.010229470208287241 0.0092013892717659491 0.015863529406487945 1.0000000180025095e-35 14.500000000000002
decision_type=2 2 2 2 2 2 2 2 2 2 10 2 2 10 2 2 10 10 10 2 10 2 2
left_child=1 4 3 5 -1 10 -3 8 -8 -10 12 -9 13 -2 -6 18 -15 -4 -16 -20 -5 -22 -23
right_child=2 6 17 20 14 -7 7 11 9 -11 -12 -13 -14 16 15 -17 -18 -19 19 -21 21 22 -24
leaf_value=0.093500945776515701 0.01374448252617993 0.11128400005583305 -0.0049216315370527825 0.0026759876220411854 0.056991378359444705 0.0022449306272831829 0.11177551374922427 0.028376996478790963 0.098171144960360113 0.047804588588053441 0.078743510414333931 0.074958378687541363 0.055577683751140007 0.0741574946388351 0.027627772589558258 0.017582409176613058 0.026820536794621083 0.00055964415126355852 0.074616316253508883 0.037807067320761549 0.046911757061740854 0.031011390349803311 0.0050603992709969637
leaf_weight=25.883441910147667 62.890616443008184 48.863000474870205 1873.1848361585289 590.09506620652974 34.351867721416056 50.34874102473259 60.347312100231647 32.450754039920866 34.193041766062379 43.210342707112432 26.503385360352695 49.477525978349149 29.518032455816865 13.601801820099352 47.184722968377173 72.534903530962765 18.621757036074996 734.1414609067142 21.977050392888486 33.932429226115346 17.519539304077625 28.598505859263241 133.51990048587322
leaf_count=760 4746 714 184424 53033 1616 4170 1460 1136 806 1932 1593 1857 1755 856 3251 5211 1304 70798 1154 2300 1423 2127 11553
internal_value=0.00820145 0.0636723 0.000382632 0.0104791 0.0418899 0.0308396 0.0828034 0.0764671 0.0883354 0.0700569 0.0403653 0.0565097 0.0322025 0.0249467 0.0355268 0.0313276 0.0468067 -0.00337828 0.0409977 0.0522793 0.0051495 0.0132746 0.00963876
internal_weight=4082.95 504.406 3578.54 971.217 235.864 201.484 268.542 219.679 137.751 77.4034 151.136 81.9283 124.632 95.1142 209.981 175.629 32.2236 2607.33 103.094 55.9095 769.733 179.638 162.118
internal_count=359979 22197 337782 82560 14292 14424 7905 7191 4198 2738 10254 2993 8661 6906 13532 11916 2160 255222 6705 3454 68136 15103 13680
is_linear=0
shrinkage=0.0107582


Tree=9
num_leaves=24
num_cat=0
split_feature=0 1 1 1 7 0 0 1 7 2 1 6 1 6 1 7 7 6 6 6 6 6 1
split_gain=13921.8 2009.11 1377.15 684.02 597.593 397.267 330.339 324.14 298.851 194.367 105.415 104.235 101.883 88.3306 84.8414 75.8185 75.4999 71.0391 99.4588 66.4888 60.8225 159.884 56.3831
threshold=0.050000002607703216 86.500000000000014 1539.5000000000002 27.500000000000004 120.50000000000001 0.21666666865348819 0.25000000745058065 10.500000000000002 132.50000000000003 54.500000000000007 240.50000000000003 0.0088977832347154635 191.50000000000003 0.028809633105993274 240.50000000000003 81.500000000000014 104.50000000000001 0.0098027577623724955 0.013316913042217495 0.014314400497823955 0.026440672576427463 0.030632242560386661 423.50000000000006
decision_type=2 2 2 2 8 2 2 2 8 2 2 10 2 10 2 10 10 10 10 10 10 10 2
left_child=2 5 3 -1 10 7 8 -2 14 17 -5 -4 -10 -9 19 -13 -17 -6 -19 -3 -12 -22 -20
right_child=1 6 11 4 9 -7 -8 13 12 -11 20 15 -14 -15 -16 16 -18 18 22 -21 21 -23 -24
leaf_value=0.05154856483974847 0.10248383670595834 0.026706906524964824 -0.0047675772089330474 0.013811080085555138 0.014525443510022376 0.09945931429242609 0.087594363013604806 0.057010961822384902 0.067821657365021215 0.062123885842414225 0.0026535966352476703 -0.00061454607439021447 0.041697740719092491 0.078442685625382272 0.018180059696675362 0.039382193681593132 -0.00094395155006490622 0.049172588659912593 0.033458689718662074 0.049496151421592603 0.042187041003856569 0.0049269544750471135 0.014110308084878894
leaf_weight=46.556186221539974 31.426702259108424 38.975377235561609 1836.2215318791568 149.67403140198439 56.900349685922265 109.26728059910238 15.28324919939041 76.821878389455378 32.230942475609481 17.252999349497259 600.27037961129099 741.60828063450754 37.294956893660128 31.383321396075189 70.380042960867286 11.103191328234972 10.409887054935096 23.042652370408177 33.518967581912875 23.91956140100956 16.741308856755495 65.354397770017385 36.33211303409189
leaf_count=1849 578 2373 181659 11008 4349 1668 476 2994 1220 1004 54221 71585 2132 994 5624 1046 998 1534 2081 1182 1320 5569 2505
internal_value=0.0079008 0.0632049 0.00081538 0.0112415 0.00936306 0.0840927 0.039365 0.0720659 0.0357292 0.0279321 0.00563491 -0.00337875 0.0538106 0.0632289 0.0262956 -3.69546e-05 0.0198714 0.0239928 0.0297912 0.0353758 0.00384145 0.0125264 0.0233959
internal_weight=4111.97 466.983 3644.99 1045.64 999.087 248.899 218.084 139.632 202.801 167.047 832.04 2599.34 69.5259 108.205 133.275 763.121 21.5131 149.794 92.8937 62.8949 682.366 82.0957 69.8511
internal_count=359969 19241 340728 85440 83591 6234 13007 4566 12531 11473 72118 255288 3352 3988 9179 73629 2044 10469 6120 3555 61110 6889 4586
is_linear=0
shrinkage=0.0107582


Tree=10
num_leaves=24
num_cat=0
split_feature=1 5 1 4 1 6 4 6 5 1 6 2 4 2 6 5 1 1 6 2 5 5 1
split_gain=11949.9 1472.51 1278.83 717.28 431.832 274.959 302.178 268.033 264.547 250.514 180.818 174.341 156.005 144.914 141.314 124.518 115.595 107.783 82.4471 78.54 69.4303 66.0304 59.3338
threshold=191.50000000000003 6.5000000000000009 1704.5000000000002 1.0000000180025095e-35 10.500000000000002 0.022330464795231823 0.065960649400949492 0.018339880742132667 1.0000000180025095e-35 27.500000000000004 0.035857716575264938 4.5000000000000009 0.056493055075407035 14.500000000000002 0.009173439349979164 4.5000000000000009 61.500000000000007 709.50000000000011 0.010766312945634128 38.500000000000007 37.500000000000007 2.5000000000000004 4180.5000000000009
decision_type=2 2 2 2 2 10 2 10 2 2 10 2 2 2 10 2 2 2 10 2 2 2 2
left_child=1 9 3 10 -3 6 20 17 -9 -1 15 12 -7 -10 22 18 -8 -5 -2 -20 -6 -11 -4
right_child=2 4 14 7 5 11 16 8 13 21 -12 -13 -14 -15 -16 -17 -18 -19 19 -21 -22 -23 -24
leaf_value=0.050352734061755361 0.0090693837809443963 0.090551163395201875 -0.0019052484568126747 0.0087281322267389171 0.056970357633389347 0.062503613026994531 0.052150829777463797 0.052302651568383603 0.036031655867071674 0.014964296801747991 0.061356630907697815 0.051619921561751263 0.088975880456407738 0.0088220894207349972 0.0007223013098766615 0.037720743420105854 0.02709055908660506 0.0001816728934287539 0.017662951489951492 0.047391694851873271 0.077044885287086529 0.029955037579889775 -0.0061885562469622861
leaf_weight=47.794275665655732 49.66908563580364 68.668245764449239 532.6781272161752 294.01074251998216 42.217539547011256 42.604332095012069 36.588213082402945 23.216125745326281 27.294859052635729 75.10158746317029 19.435196753591299 37.594312915578485 65.342796393670142 133.19206352718174 722.0649795550853 67.532771224156022 51.023853223770857 407.49676720518619 26.032284921966493 17.006861959584057 37.899111118167639 62.166585527360439 1258.9472104171291
leaf_count=1833 3747 917 52520 25058 1534 1074 1253 1732 1902 5559 1092 1519 1482 11339 69685 4054 2630 37724 1790 1050 750 3786 125694
internal_value=0.00816068 0.0540478 0.000890153 0.010771 0.0661159 0.0607589 0.0513682 0.00679303 0.0183612 0.0291405 0.0303687 0.07158 0.0785298 0.0134503 -0.00329572 0.0266093 0.0375575 0.00376362 0.0185142 0.0294126 0.066469 0.0217539 -0.00491507
internal_weight=4145.58 567.001 3578.58 1064.89 381.938 313.27 167.729 885.211 183.703 185.062 179.676 145.541 107.947 160.487 2513.69 160.241 87.6121 701.508 92.7082 43.0391 80.1167 137.268 1791.63
internal_count=359724 22337 337387 89488 11159 10242 6167 77755 14973 11178 11733 4075 2556 13241 247899 10641 3883 62782 6587 2840 2284 9345 178214
is_linear=0
shrinkage=0.0107582


Tree=11
num_leaves=24
num_cat=0
split_feature=0 1 1 0 8 1 7 8 9 1 1 9 9 7 1 9 7 7 1 8 5 1 7
split_gain=12348.4 2348.63 709.873 467.64 403.243 397.678 447.01 335.72 294.286 284.363 252.208 191.831 187.817 154.646 150.871 142.902 129.149 121.195 84.5546 78.7403 77.6708 68.7668 66.3576
threshold=0.083333335816860213 589.50000000000011 37.500000000000007 0.25000000745058065 0.019646301865577701 1539.5000000000002 126.50000000000001 0.045873418450355537 3.5000000000000004 158.50000000000003 1235.5000000000002 4.5000000000000009 4.5000000000000009 130.50000000000003 10.500000000000002 3.5000000000000004 2.5000000000000004 63.500000000000007 240.50000000000003 0.044755019247531898 4.5000000000000009 75.500000000000014 14.500000000000002
decision_type=2 2 2 2 10 2 8 10 2 2 2 2 2 8 2 2 10 8 2 10 2 2 8
left_child=1 2 14 9 13 6 7 -3 10 12 20 16 -2 21 -1 -15 -6 -11 -18 -7 -8 -4 -21
right_child=3 5 4 -5 11 19 8 -9 -10 17 -12 -13 -14 15 -16 -17 18 -19 -20 22 -22 -23 -24
leaf_value=0.065474051365739624 0.072355720887399541 0.00049075056815954749 0.022782024774078834 0.08376401209765201 0.056063101584437634 -0.003703368488734482 0.018917987710288079 0.046501757940940407 0.0016049884640492256 0.028181479133127747 0.078621701141710604 0.0049321389061200123 0.045993951871868388 0.036293507185083479 0.037572013127102864 0.0061390289981383388 0.043675473352664008 0.058707097664636131 0.018668885593747513 0.0034405520590546418 0.048002752910235688 0.0066047570414325095 0.032802464863809021
leaf_weight=35.842683853581548 126.60664759390056 479.95623128116131 33.711098013445735 132.601641908288 36.382474962621927 2524.1637517130002 31.167409805580974 19.080942475236952 33.066518759354949 41.224508535116911 15.68390023242682 22.174063730053604 41.572608171962202 48.552097414620221 59.984269404783845 29.086645930074155 29.894416632130742 23.720234634354711 32.855920202098787 49.082736428827047 16.127698868513107 310.60113492421806 10.881146463565527
leaf_count=825 3164 43538 2116 1941 1893 249982 2077 1428 2623 2758 747 1613 1295 2703 2699 2091 1797 1076 2572 4504 933 24792 961
internal_value=0.00791491 0.00219495 0.0210137 0.0676327 0.0162515 -0.00158802 0.00634088 0.00225027 0.0275943 0.0584562 0.0412391 0.0335379 0.0658402 0.0112817 0.04801 0.0249971 0.0399361 0.0393327 0.0305836 -0.00341392 0.0288383 0.00818883 0.00876995
internal_weight=4184.02 3818.3 639.085 365.726 543.258 3179.21 595.083 499.037 96.0455 233.124 62.979 121.307 168.179 421.951 95.827 77.6387 99.1328 64.9447 62.7503 2584.13 47.2951 344.312 59.9639
internal_count=360128 349894 43101 10234 39577 306793 51346 44966 6380 8293 3757 7875 4459 31702 3524 4794 6262 3834 4369 255447 3010 26908 5465
is_linear=0
shrinkage=0.0107582


Tree=12
num_leaves=24
num_cat=0
split_feature=0 1 1 7 9 1 0 0 6 1 9 7 6 9 4 6 6 0 9 4 6 6 6
split_gain=11143.9 1344.24 1224.24 534.677 426.454 401.449 348.737 253.535 202.048 194.639 171.937 173.716 153.361 142.556 285.579 140.564 118.641 114.228 111.265 102.148 102.039 219.782 70.2025
threshold=0.050000002607703216 86.500000000000014 1539.5000000000002 107.50000000000001 3.5000000000000004 10.500000000000002 0.11666667088866235 0.31666667759418493 0.035212852060794837 10.500000000000002 3.5000000000000004 57.500000000000007 0.017759708687663082 3.5000000000000004 0.0092013892717659491 0.013732620049268009 0.019167216494679454 1.0000000180025095e-35 1.5000000000000002 0.24045138806104663 0.011087284423410894 0.011440626811236145 0.039090441539883621
decision_type=2 2 2 8 2 2 2 2 10 2 2 8 10 2 2 10 10 2 2 2 10 10 10
left_child=2 7 3 5 8 -1 19 9 18 -2 11 -8 17 15 -15 -11 -14 -7 -5 -3 -4 -22 -18
right_child=1 6 20 4 -6 12 10 -9 -10 13 -12 -13 16 14 -16 -17 22 -19 -20 -21 21 -23 -24
leaf_value=0.051804450470308648 0.080919353172784855 0.029952288072633792 -0.0044754485317737873 0.04284908554204471 0.0041529512915132911 -0.0010124127376078583 0.044845517052514827 0.084707035692070595 0.069752486232069991 0.048791813035108197 0.031361350760252704 0.083960678675100986 0.04477290615085857 0.020982667342130966 0.06477019019274266 0.07518477107204187 0.015838701293076074 0.0079325574047694938 0.02114732083707329 0.010153827599707663 0.042228216565922072 -0.00035966495556251946 0.001417845811608618
leaf_weight=22.301064006984234 50.095291770994663 120.73531230073422 2021.0162840513512 55.318952596746385 65.873354614712298 360.36498484481126 26.990570201538503 79.817141238600016 19.450090275146067 37.908555567264557 29.245646972209215 25.633585079573095 13.361511141993104 31.486721662804484 38.103720658458769 60.94264074228704 132.92452789191157 305.13877494633198 54.086393504403532 40.209308419376612 14.401081258431075 532.88201567344368 55.335619451478124
leaf_count=527 687 7052 201953 3170 4964 32924 1166 875 845 1134 1295 690 1008 971 1168 1310 10124 24400 3139 2818 1372 51394 4202
internal_value=0.00743769 0.0529981 0.000687159 0.0102736 0.02642 0.00673846 0.0342025 0.0682943 0.037803 0.0622988 0.0522795 0.0639024 0.00557926 0.0567597 0.0449599 0.065065 0.013799 0.00308894 0.0321213 0.0250062 -0.00335956 0.000761201 0.0116
internal_weight=4193.62 541.168 3652.45 1084.16 194.729 889.426 242.814 298.354 128.855 218.537 81.8698 52.6242 867.125 168.442 69.5904 98.8512 201.622 665.504 109.405 160.945 2568.3 547.283 188.26
internal_count=359188 19166 340022 85303 12118 73185 13021 6145 7154 5270 3151 1856 72658 4583 2139 2444 15334 57324 6309 9870 254719 52766 14326
is_linear=0
shrinkage=0.0107582


Tree=13
num_leaves=24
num_cat=0
split_feature=0 1 2 0 3 1 1 9 9 1 2 0 2 5 9 9 1 3 0 1 9 5 2
split_gain=10585.2 1294.84 1202.21 295.906 289 274.34 264.949 150.84 150.386 135.442 116.6 111.098 113.861 105.018 100.054 99.3633 105.047 78.2979 59.5065 52.6273 37.6844 37.3775 84.7198
threshold=0.050000002607703216 879.50000000000011 4.5000000000000009 0.18333333730697635 3.5000000000000004 2400.5000000000005 10.500000000000002 3.5000000000000004 3.5000000000000004 276.50000000000006 19.500000000000004 0.25000000745058065 1.5000000000000002 1.0000000180025095e-35 4.5000000000000009 3.5000000000000004 37.500000000000007 4.5000000000000009 0.083333335816860213 49.500000000000007 2.5000000000000004 3.5000000000000004 7.5000000000000009
decision_type=2 2 2 2 2 2 2 2 2 2 2 2 2 2 2 2 2 2 2 2 2 2 2
left_child=1 6 4 10 15 7 -1 -3 9 17 14 12 -6 -11 18 16 -2 21 -4 -10 -7 -8 -23
right_child=2 5 3 -5 11 20 8 -9 19 13 -12 -13 -14 -15 -16 -17 -18 -19 -20 -21 -22 22 -24
leaf_value=0.047677949838281254 0.047020612674233228 0.0075951818913783534 0.028108402585109191 0.061178745947557955 0.074096804923012627 -0.0024920102581134397 0.024265797426116266 -0.0022615935872545997 0.022779264943147276 0.034068133082233318 0.0092335191970849915 0.08011273807983918 0.051159409148090869 0.009970498903301362 0.016448472724486355 0.040257366486823765 0.070934703819093517 0.006498476579808319 0.042736628299652114 0.0052351294545837116 -0.0053257201324300018 0.050503709447835193 0.019210410384856897
leaf_weight=25.959794122725725 42.852678366005421 428.37192022707313 63.492274503223598 34.563596373423934 56.953159628435969 950.12002966739237 85.747707722708583 309.52697007823735 21.433527651242912 22.978331477381289 34.879469756036997 96.784208033233881 44.778720987960696 234.72452676389366 42.250336149707437 54.235509548336267 42.254584793001413 22.462076043710113 65.338911253958941 257.5768175451085 1268.1449863351882 22.850983171723783 17.830488368868828
leaf_count=590 906 38139 3736 997 756 94802 5680 28831 1174 1746 2534 958 1298 18699 2599 1631 1072 1183 2841 21008 126945 1060 1201
internal_value=0.00765967 0.000914331 0.050434 0.0320506 0.0635208 -0.00222178 0.0139431 0.00346056 0.0126656 0.0168394 0.0271617 0.0718578 0.0640023 0.0121195 0.0308166 0.0516422 0.0588956 0.0250083 0.0355282 0.00658309 -0.004112 0.0282966 0.0367904
internal_weight=4246.11 3667.73 578.383 240.525 337.859 2956.16 711.564 737.899 685.604 406.594 205.961 198.516 101.732 257.703 171.082 139.343 85.1073 148.891 128.831 279.01 2218.27 126.429 40.6815
internal_count=360386 341058 19328 12707 6621 288717 52341 66970 51751 29569 11710 3012 2054 20445 9176 3609 1978 9124 6577 22182 221747 7941 2261
is_linear=0
shrinkage=0.0107582


Tree=14
num_leaves=24
num_cat=0
split_feature=1 5 1 1 8 5 8 1 5 2 6 1 6 8 3 1 2 8 3 8 8 5 8
split_gain=9138.67 883.962 852.288 358.491 356.661 585.089 223.248 181.845 125.085 120.123 112.344 105.841 105.638 96.9995 91.7268 83.4667 65.4164 60.5109 60.2851 52.6611 43.3134 84.3039 40.4371
threshold=240.50000000000003 5.5000000000000009 1539.5000000000002 27.500000000000004 0.020040160045027736 1.0000000180025095e-35 0.019646301865577701 27.500000000000004 33.500000000000007 24.500000000000004 0.009173439349979164 349.50000000000006 0.029487091116607193 0.0038341755280271177 7.5000000000000009 158.50000000000003 132.50000000000003 0.0063600880093872556 6.5000000000000009 0.024080277420580391 0.038987340405583389 1.5000000000000002 0.0047174009960144767
decision_type=2 2 2 2 10 2 10 2 2 2 10 2 10 10 2 2 2 10 2 10 10 2 10
left_child=1 7 4 12 9 -6 8 -1 14 -2 -4 -7 -3 -12 15 -5 -15 -10 -8 -13 21 22 -9
right_child=2 3 10 6 5 11 18 20 17 -11 13 19 -14 16 -16 -17 -18 -19 -20 -21 -22 -23 -24
leaf_value=0.042042458256235989 0.011244966523894336 0.054035430612951657 -0.0045139392622955375 0.039580345296790269 0.08907740167270263 0.034400945090998003 0.058990339106461336 0.018243337487437152 0.035871020183291066 0.0023327992562323895 0.010268072798102202 0.026045640160459255 0.070006672008819368 0.0041612636801966777 0.0087509017936234171 0.017735949254738124 -0.0033332829585689576 0.054767256744653596 0.042363069300423564 0.0098389889733138166 0.036597947657655734 0.023414453818477104 0.00044984116197764026
leaf_weight=49.772214779630303 269.67949316464365 107.8064590562135 1815.6271037822589 68.135867528617382 13.845098484307526 31.903913426212966 85.672700225375593 24.106394967064261 36.427367240190506 498.78319840412587 100.71830012090504 28.520512409508228 86.435175016522408 192.47840275429189 21.990331994369626 28.812716404907405 449.77021146472543 42.568464060314 35.835043068043888 124.50261041987687 14.341110970824955 95.653687082231045 38.209842997603118
leaf_count=1658 20612 1666 183323 2566 870 1941 2408 1770 1065 43341 9777 2140 904 18270 1157 1720 43945 1099 915 9244 797 5847 2794
internal_value=0.00737698 0.0418639 0.000180252 0.0496174 0.00878298 0.0216279 0.0426083 0.0239295 0.0355607 0.00546041 -0.00307187 0.0165768 0.0611434 0.000452181 0.0285895 0.033089 -0.0010872 0.0460553 0.0540878 0.01286 0.0186969 0.0170711 0.0073336
internal_weight=4261.6 735.767 3525.83 513.684 967.235 198.772 319.442 222.083 197.935 768.463 2558.59 184.927 194.242 742.967 118.939 96.9486 642.249 78.9958 121.508 153.023 172.311 157.97 62.3162
internal_count=359829 26366 333463 13500 78148 14195 10930 12866 7607 63953 255315 13325 2570 71992 5443 4286 62215 2164 3323 11384 11208 10411 4564
is_linear=0
shrinkage=0.0107582


Tree=15
num_leaves=24
num_cat=0
split_feature=2 2 7 9 2 9 7 6 8 7 6 6 2 7 2 8 6 3 7 8 6 2 2
split_gain=8221.13 1153.74 927.698 445.585 436.639 286.233 571.617 286.123 256.187 215.406 194.637 167.858 148.776 141.917 206.989 130.564 108.319 107.854 105.952 111.905 344.749 84.4584 79.4691
threshold=9.5000000000000018 74.500000000000014 1.0000000180025095e-35 3.5000000000000004 1.5000000000000002 3.5000000000000004 130.50000000000003 0.012050881981849672 0.044088352471590049 153.50000000000003 0.034713298082351692 0.022758620791137222 36.500000000000007 59.500000000000007 2.5000000000000004 0.018691621720790867 0.0098027577623724955 1.5000000000000002 81.500000000000014 1.0000000180025095e-35 0.011466799303889276 30.500000000000004 148.50000000000003
decision_type=2 2 10 2 2 2 8 10 10 8 10 10 2 8 2 10 10 2 10 10 10 2 2
left_child=4 2 3 7 9 6 15 -2 21 11 -10 -1 -9 14 -7 -6 -3 -8 19 20 -18 -4 -21
right_child=1 16 8 -5 5 13 17 12 10 -11 -12 -13 -14 -15 -16 -17 18 -19 -20 22 -22 -23 -24
leaf_value=0.047670689353829288 0.02708844258467058 -0.0046860660771085921 0.0080037695675259767 0.0087131418389955265 0.023658061646429859 0.055105918538043037 0.049168817176346392 0.04738295675702444 0.048198299442682134 0.035182654323831622 0.0047841152574968505 0.06841566041205642 0.082141103862886505 0.01040036446941091 0.023019308805355944 0.04266969008691994 0.071781520449135966 0.070612826476166846 0.025111405649661224 0.0043270542750866491 -0.0011849558918530041 0.0011961697232258609 -0.0041494816601116034
leaf_weight=89.983434740453959 64.111881461925805 1782.7455735336989 363.10352650564164 66.342904442921281 129.38213001936674 30.250697535462677 50.727962046861649 41.424013244919479 27.615927433595061 64.532616268843412 21.07128216419369 90.67827270179987 21.745144572108984 59.585802860558033 100.83522407803684 61.780291939154267 10.000797814689575 58.495327359065413 19.527601915411651 186.30716458708048 29.876767678186297 503.28810247592628 409.07058205455542
leaf_count=1901 3691 180943 29178 4813 6747 1082 1680 1911 1836 1108 1554 985 952 2409 5437 2151 924 1130 1819 17772 2896 45856 40099
internal_value=0.00761869 0.000826849 0.00992548 0.0313189 0.0403322 0.0344774 0.0410214 0.0431013 0.00539869 0.0520571 0.0294105 0.058084 0.0593512 0.0241675 0.030425 0.0298028 -0.00331164 0.0606549 0.000430437 -0.000328361 0.017118 0.00404924 -0.00149697
internal_weight=4282.48 3546.23 1108.7 193.624 736.252 491.057 300.386 127.281 915.079 245.194 48.6872 180.662 63.1692 190.672 131.086 191.162 2437.53 109.223 654.783 635.255 39.8776 866.392 595.378
internal_count=358874 334244 89791 11367 24630 20636 11708 6554 78424 3994 3390 2886 2863 8928 6519 8898 244453 2810 63510 61691 3820 75034 57871
is_linear=0
shrinkage=0.0107582


Tree=16
num_leaves=24
num_cat=0
split_feature=1 1 1 4 5 5 4 1 5 4 4 5 5 2 1 1 7 2 5 1 1 5 7
split_gain=7720.48 840.204 699.517 482.457 269.921 222.829 236.231 161.72 111.813 216.258 236.6 111.777 83.8522 75.7 62.0314 124.235 153.394 60.2737 81.7524 55.9522 47.9331 46.3418 44.4197
threshold=349.50000000000006 86.500000000000014 2054.5000000000005 0.020057871006429199 3.5000000000000004 6.5000000000000009 0.056493055075407035 10.500000000000002 1.0000000180025095e-35 0.19353009015321734 0.23829860985279086 62.500000000000007 52.500000000000007 1.5000000000000002 15.500000000000002 27.500000000000004 5.5000000000000009 62.500000000000007 5.5000000000000009 8901.5000000000018 709.50000000000011 26.500000000000004 11.500000000000002
decision_type=2 2 2 2 2 2 2 2 2 2 2 2 2 2 2 2 10 2 2 2 2 2 8
left_child=1 4 3 17 13 -3 -7 -6 9 -5 -11 14 -8 -1 -9 -16 21 18 -2 -4 -10 -17 -15
right_child=2 5 19 8 7 6 12 11 20 10 -12 -13 -14 22 15 16 -18 -19 -20 -21 -22 -23 -24
leaf_value=0.038031133054862935 0.015753172197918941 0.015769557840767886 -0.0022232499113216913 -0.00023187817369043105 0.059470467887564146 0.045534901956009385 0.017136976980993621 0.028120532642380999 0.0068719065594999686 0.077026748665798908 0.012010751603782049 0.053753943512833142 0.035231132828729965 0.02795275005872876 0.061356542366846206 0.03941637037808831 0.024525533974799205 0.041776981346024346 0.032365271151711984 -0.0056708659030068323 0.001180462553351034 0.056181616525387112 0.0066228430237420472
leaf_weight=37.84038950316608 104.52938117086887 204.39502900093794 1453.9211921570823 32.948693581856787 106.66921799257398 84.225468731485307 96.32504572533071 42.850088702514768 239.68282026611269 11.748763115145268 14.439198408275841 94.804904336109757 42.825853199698031 22.850868522189558 32.918941471725702 37.628703640773892 56.288076896220446 18.435467314906418 51.030305391177535 871.34951623529196 599.97211506776512 38.808141613379121 22.356277821585536
leaf_count=1194 6610 13704 146006 2702 1078 2703 5558 865 19500 827 1200 1282 1675 1399 572 1256 2131 1415 2696 88512 55048 630 1380
internal_value=0.00728787 0.0349199 -0.000199726 0.00698653 0.0444925 0.0238871 0.0313145 0.0480753 0.00381217 0.0181099 0.0411843 0.0440672 0.0227064 0.0268046 0.0396618 0.0426468 0.0380051 0.0233837 0.0212032 -0.00351518 0.00280513 0.0479302 0.0174056
internal_weight=4318.84 920.787 3398.06 1072.79 493.016 427.771 223.376 409.968 898.792 59.1367 26.188 303.299 139.151 83.0475 208.494 165.644 132.725 173.995 155.56 2325.27 839.655 76.4368 45.2071
internal_count=359943 35427 324516 89998 11787 23640 9936 7814 79277 4729 2027 6736 7233 3973 5454 4589 4017 10721 9306 234518 74548 1886 2779
is_linear=0
shrinkage=0.0107582


Tree=17
num_leaves=24
num_cat=0
split_feature=1 1 5 7 8 9 9 1 1 8 7 1 5 2 8 7 1 9 5 8 2 9 7
split_gain=7575.89 795.426 616.102 560.142 327.617 311.404 254.809 399.306 223.309 209.726 201.285 252.194 160.516 125.918 102.45 176.067 94.9993 137.397 95.261 90.7948 84.6297 72.2489 139.545
threshold=240.50000000000003 1539.5000000000002 5.5000000000000009 1.0000000180025095e-35 0.036072287708520896 4.5000000000000009 3.5000000000000004 27.500000000000004 10.500000000000002 0.054917396977543838 1.5000000000000002 61.500000000000007 2.5000000000000004 2.5000000000000004 0.044755019247531898 14.500000000000002 1262.5000000000002 1.0000000180025095e-35 8.5000000000000018 0.027793103829026226 162.50000000000003 4.5000000000000009 130.50000000000003
decision_type=2 2 2 10 10 2 2 2 2 8 10 2 2 2 10 8 2 2 2 10 2 2 8
left_child=2 3 8 5 -5 16 10 -8 -1 -10 13 -12 -6 -4 20 -16 17 -2 -19 -13 -3 -9 -23
right_child=1 14 6 4 12 -7 7 21 9 -11 11 19 -14 -15 15 -17 -18 18 -20 -21 -22 22 -24
leaf_value=0.050528344706339497 0.048925133699034395 -0.00047194037784801119 0.045958323554012331 0.002358161098712108 0.048149175076548471 -0.0012658929024064569 0.050410204925597404 0.032114955130621986 0.015169899092256472 0.055934938786522274 0.050812813792919354 0.020640719723428035 0.013554456374095632 0.06576228551158371 0.0018650265307869739 0.048781729301835261 0.054431456411481095 0.015588420647151668 0.038803484628502055 0.044988230625738999 -0.0047701807788425232 0.025885397633427593 -0.002233942322613328
leaf_weight=27.749920397996902 30.355725823901594 771.37035434134305 65.958126666024327 739.67025547754019 26.238929111510515 40.715481185354292 91.394909802824259 46.326833551749587 201.7273440733552 15.744748384691773 124.98161671496928 65.828888199292123 38.011898346245289 85.223252207972109 48.66344315931201 11.429760262370108 19.572560122236609 66.982381144538522 29.455350139178336 24.263079438358545 1695.5734397601336 55.332183522172272 32.376858497038484
leaf_count=552 1428 76090 867 63025 1755 2986 1089 1578 11828 692 1822 2820 2716 1666 4473 966 775 3949 1268 701 172865 2263 1057
internal_value=0.00703612 0.000115359 0.0361282 0.00828413 0.00438233 0.0250505 0.0420707 0.0330709 0.0217897 0.018122 0.0476097 0.0409218 0.0276839 0.0571232 -0.00308811 0.0107905 0.0323709 0.0289644 0.02268 0.0271991 -0.0034262 0.0212469 0.0155057
internal_weight=4354.95 3518.04 836.908 991.003 803.921 187.081 591.686 225.431 245.222 217.472 366.255 215.074 64.2508 151.181 2527.04 60.0932 146.366 126.793 96.4377 90.092 2466.94 134.036 87.709
internal_count=359231 332296 26935 77902 67496 10406 13863 5987 13072 12520 7876 5343 4471 2533 254394 5439 7420 6645 5217 3521 248955 4898 3320
is_linear=0
shrinkage=0.0107582


Tree=18
num_leaves=24
num_cat=0
split_feature=0 2 0 7 9 8 2 2 0 2 2 0 7 8 8 8 9 9 7 2 0 0 8
split_gain=7390.17 1055.27 678.709 481.413 404.784 301.326 255.705 249.332 166.12 120.586 97.5008 85.3471 80.8082 69.7599 91.839 64.0667 62.0253 59.1874 150.82 52.8218 52.7884 49.716 34.3318
threshold=0.050000002607703216 64.500000000000014 0.21666666865348819 105.50000000000001 3.5000000000000004 0.044088352471590049 1.5000000000000002 3.5000000000000004 1.0000000180025095e-35 11.500000000000002 190.50000000000003 0.083333335816860213 7.5000000000000009 0.020040160045027736 0.035716535523533828 0.044755019247531898 1.5000000000000002 4.5000000000000009 52.500000000000007 20.500000000000004 0.35000000894069677 1.0000000180025095e-35 0.012024096213281156
decision_type=2 2 2 8 2 10 2 2 2 2 2 2 10 10 10 10 2 2 8 2 2 2 10
left_child=1 3 6 5 13 7 -2 -1 -7 11 22 -8 -11 16 -15 -12 -5 18 -13 -18 -4 -9 -3
right_child=2 10 20 4 -6 8 9 21 -10 12 15 17 -14 14 -16 -17 19 -19 -20 -21 -22 -23 -24
leaf_value=0.021730729952067877 0.046376069887883106 -0.0017860277801436664 0.049372311690259074 0.035618092562416839 0.0019823436365786072 0.047765367183093196 0.023637268371844263 -0.0001541134243140293 0.012424780180702439 0.026919237295500331 -0.0051780294060997717 0.026959142465509733 0.0081361481556844178 0.055830689457884934 0.027637185566178651 0.012131695136600885 0.032536440936183221 0.024566509286860966 0.051304322250313387 0.0089435468985658399 0.059864625136627797 0.0052512713238823932 0.0027851356736706759
leaf_weight=84.358811979182065 105.50202730856836 705.57093326281756 114.9886556006968 53.665255500935018 70.471916232258081 28.515415609814227 101.32696373015642 437.36605960596353 33.456789651885629 53.993568221107125 1541.1070620426908 54.782152824103832 52.082992887124419 29.361798991449177 24.573832553811371 25.148701878264546 18.516013666987419 37.668445379473269 63.726043467409909 26.999134610407054 107.55742157809436 358.23791787587106 260.31849881913513
leaf_count=3483 1500 70471 1454 2728 4988 1744 4365 38754 1672 2904 157966 1753 3722 1169 971 2251 896 1335 1375 1535 945 27421 24982
internal_value=0.0066942 0.000656908 0.0389714 0.00912803 0.0233193 0.00575938 0.0316304 0.00414454 0.0286876 0.0273513 -0.00324228 0.0313279 0.0176973 0.0331394 0.0429875 -0.00490007 0.0277828 0.0363171 0.0400513 0.0185428 0.054444 0.00227979 -0.000554041
internal_weight=4389.3 3697.67 691.628 1165.52 223.588 941.935 469.082 879.963 61.9722 363.58 2532.15 257.504 106.077 153.116 53.9356 1566.26 99.1804 156.177 118.508 45.5151 222.546 795.604 965.889
internal_count=360384 341031 19353 85361 12287 73074 16954 69658 3416 15454 255670 8828 6626 7299 2140 160217 5159 4463 3128 2431 2399 66175 95453
is_linear=0
shrinkage=0.0107582


Tree=19
num_leaves=24
num_cat=0
split_feature=3 4 9 5 5 6 6 6 5 9 5 5 9 9 4 6 6 5 6 7 9 5 5
split_gain=6546 822.399 348.237 331.354 296.557 268.339 167.599 134.471 110.972 137.612 110.178 109.351 96.7233 176.512 83.3564 97.6496 119.48 77.4642 63.7893 84.2663 57.1441 53.6419 50.6212
threshold=1.0000000180025095e-35 0.0092013892717659491 3.5000000000000004 3.5000000000000004 1.0000000180025095e-35 0.0087724206969141977 0.022330464795231823 0.0088977832347154635 51.500000000000007 3.5000000000000004 4.5000000000000009 1.5000000000000002 2.5000000000000004 1.5000000000000002 0.23906250298023227 0.011466799303889276 0.016755336895585064 27.500000000000004 0.018339880742132667 1.5000000000000002 1.5000000000000002 1.5000000000000002 5.5000000000000009
decision_type=2 2 2 2 2 8 10 10 2 2 2 2 2 2 2 10 10 2 10 10 2 2 2
left_child=1 2 5 21 7 11 18 -3 9 -8 -7 -1 13 -9 15 -15 -17 -6 19 -5 -13 -2 -4
right_child=3 4 22 6 17 10 8 12 -10 -11 -12 20 -14 14 -16 16 -18 -19 -20 -21 -22 -23 -24
leaf_value=0.0003281623492319776 0.011279457972844189 -0.0046439889174690547 -0.0019284263253729491 0.043263870443637081 0.0028455447961645494 0.026765345104896584 0.046219222829750162 -0.00027967540319768028 0.051413211193209525 0.025247397995606165 0.047001507157925969 0.037024800075118811 -0.0025253410132900162 0.048743520018074096 0.0061967415808535454 -0.0047757896905549794 0.032424273129856775 0.011502545553368789 0.020972090738429532 0.030880107509417651 0.010607848803291619 0.025731518943241105 0.013903533475283803
leaf_weight=51.581981927156448 50.112888325937092 1581.7207419695333 89.944704443216324 101.4455039491877 925.6905956948176 79.390515397302806 97.782222921960056 197.05727267730981 150.67399750091136 57.532866306602955 51.255767235532403 19.800778839737177 378.90897176135331 15.600839966908095 44.80926141794771 16.953769371844828 24.332642556168139 137.38420741539448 40.170014199800789 170.61006489489228 18.18153540417552 73.088002093136311 31.578714275732636
leaf_count=4563 2779 162997 7694 1762 79848 4271 1988 18976 1555 1528 1864 976 36891 1494 4370 1641 2064 10413 915 4945 943 3414 1788
internal_value=0.00681206 0.000913208 0.0168051 0.035965 -0.000721377 0.0248726 0.0391756 -0.00292608 0.0448344 0.0384513 0.0347054 0.010529 0.00108366 0.00566092 0.0171717 0.0258158 0.0171493 0.00396434 0.0336296 0.0354982 0.0243812 0.0198534 0.00218585
internal_weight=4405.61 3664.19 341.734 741.416 3322.46 220.211 618.215 2259.38 305.989 155.315 130.646 89.5643 677.663 298.754 101.697 56.8873 41.2864 1063.07 312.226 272.056 37.9823 123.201 121.523
internal_count=359679 340793 22099 18886 318694 12617 12693 228433 5071 3516 6135 6482 65436 28545 9569 5199 3705 90261 7622 6707 1919 6193 9482
is_linear=0
shrinkage=0.0107582


Tree=20
num_leaves=24
num_cat=0
split_feature=2 2 2 4 7 9 9 8 6 2 4 9 7 9 4 6 8 6 8 8 6 8 6
split_gain=6471.68 585.988 585.722 536.54 286.96 266.298 257.199 223.57 291.355 135.768 163.164 160.177 137.499 132.261 131.319 115.522 120.271 105.365 101.706 98.0646 88.0066 108.27 255.033
threshold=15.500000000000002 4.5000000000000009 76.500000000000014 0.051388889551162727 130.50000000000003 3.5000000000000004 1.5000000000000002 0.044755019247531898 0.031267929822206504 1.5000000000000002 0.02922453731298447 4.5000000000000009 103.50000000000001 4.5000000000000009 0.072673611342906966 0.012050881981849672 0.024080277420580391 0.0046144798398017892 0.024080277420580391 0.015874016098678115 0.009173439349979164 1.0000000180025095e-35 0.011466799303889276
decision_type=2 2 2 2 8 2 2 10 10 2 2 2 8 2 2 10 10 10 10 10 10 10 10
left_child=1 9 3 5 19 15 -6 -5 -9 10 -1 12 18 -8 -13 17 -17 -2 -11 -3 -4 22 -22
right_child=2 4 20 7 6 -7 13 8 -10 11 -12 14 -14 -15 -16 16 -18 -19 -20 -21 21 -23 -24
leaf_value=0.029029325401203523 0.043963888920642256 0.010913991613036073 -0.0047710628209865881 0.001161520437371971 0.050435042089168318 0.0048049395421738625 0.029872355817614767 0.055947721675259597 -0.0047627532255201952 0.02329258388168659 0.046767312427130468 0.0024480498006180409 0.04711230748439009 4.4607205207861827e-05 0.030179934151140654 0.05559749804759255 0.025856917420397463 0.013416011253579836 0.04357969608638302 0.023702150302258695 0.051868369830805935 -0.0013503259080480787 -0.0020929959525797849
leaf_weight=82.577186437323689 17.68938163202256 215.56438010931015 1696.3037058487535 753.30234970338643 59.656751949340105 67.095569981262088 58.947747475467622 20.078166645951569 16.804976247251034 91.221640505827963 219.91203493066132 33.364316480234265 86.049880270846188 24.297145375981927 48.476801078766584 33.502933820709586 29.694494192488492 50.016809697262943 41.674317588098347 102.36224670521915 15.151502494700251 644.86912314873189 30.616700399667025
leaf_count=1231 1059 13756 175725 65801 1669 5084 1988 1142 1210 3453 2730 1214 1609 1254 1776 1400 1248 2828 880 5115 1364 63096 2999
internal_value=0.00672426 0.029858 -0.000569339 0.00639599 0.0207234 0.0222322 0.033386 0.0024278 0.0282882 0.0368356 0.0419253 0.0317168 0.0365167 0.0211667 0.0188749 0.0311643 0.0416252 0.0213987 0.0296552 0.0150316 -0.00345296 -0.00021551 0.015773
internal_weight=4439.23 1064.1 3375.13 988.185 460.828 197.999 142.902 790.185 36.8831 603.276 302.489 300.787 218.946 83.2449 81.8411 130.904 63.1974 67.7062 132.896 317.927 2386.94 690.637 45.7682
internal_count=359631 36675 322956 79772 23782 11619 4911 68153 2352 12893 3961 8932 5942 3242 2990 6535 2648 3887 4333 18871 243184 67459 4363
is_linear=0
shrinkage=0.0107582


Tree=21
num_leaves=24
num_cat=0
split_feature=0 1 1 4 9 1 7 9 3 0 1 1 4 9 1 1 9 1 7 0 1 4 1
split_gain=6712.76 901.063 527.018 412.436 268.431 184.774 156.229 167.201 138.984 107.858 89.1602 70.7015 61.0419 60.1287 67.1658 51.8258 49.5431 44.3631 77.161 42.6758 37.3265 36.6889 32.9975
threshold=0.050000002607703216 1539.5000000000002 103.50000000000001 0.051388889551162727 4.5000000000000009 75.500000000000014 135.50000000000003 1.5000000000000002 1.5000000000000002 0.41666667163372045 9029.5000000000018 1206.5000000000002 0.020057871006429199 1.0000000180025095e-35 240.50000000000003 10.500000000000002 3.5000000000000004 545.50000000000011 4.5000000000000009 0.11666667088866235 15.500000000000002 0.095578704029321684 61.500000000000007
decision_type=2 2 2 2 2 2 8 2 2 2 2 2 2 2 2 2 2 2 10 2 2 2 2
left_child=1 3 8 4 11 15 19 -8 -2 12 16 13 -10 -1 22 -5 -3 18 -7 -4 -14 -20 -15
right_child=2 10 6 5 -6 17 7 -9 9 -11 -12 -13 20 14 -16 -17 -18 -19 21 -21 -22 -23 -24
leaf_value=0.03394288677861132 0.028988198087947632 6.8808333631993488e-05 0.014228765188347189 0.030350679719657513 -0.0005764548685356013 0.024861088687494128 0.049643206439393336 0.023138552455547738 0.03694692832884211 0.057532626644026551 -0.0058342336331783338 0.039953875400305233 0.052269221647071817 0.018365836014257685 0.013482153953212037 0.013511434072186109 -0.0036828541711778563 0.0012694887443755708 -0.0058524448660768596 0.025760203511518961 0.04278104187043423 0.0062932560145719527 0.034435803552254618
leaf_weight=42.293229999952018 70.74222994223237 954.49065345339477 117.36977516580373 30.668369974941015 59.960667379200459 24.261438948102295 47.123181248083711 66.329127181321383 127.40065762773156 69.509324055165052 838.39876387733966 31.614268840290606 78.411073677241802 24.530328080058098 89.623339338228106 68.200985374860466 710.75440894067287 520.34426457528025 32.679399099200964 54.353699947707355 124.13413688912988 241.42606888525188 37.28600225970149
leaf_count=1929 1695 95750 7100 519 4402 1686 1085 2298 1735 438 87020 1387 688 855 5066 3007 72106 45181 2394 2034 2336 17299 1693
internal_value=0.0066607 0.0007037 0.0358909 0.00835625 0.0196534 0.00484353 0.0243518 0.0341484 0.0428892 0.0453508 -0.00297301 0.0250361 0.042784 0.0226012 0.0194331 0.0187356 -0.00153247 0.00316584 0.00647298 0.0178791 0.0464549 0.00484517 0.02806
internal_weight=4461.91 3706.53 755.373 1202.89 285.308 917.581 285.176 113.452 470.197 399.455 2503.64 225.347 329.946 193.733 151.44 98.8694 1665.25 818.711 298.367 171.723 202.545 274.105 61.8163
internal_count=359703 340294 19409 85418 15332 70086 12517 3383 6892 5197 254876 10930 4759 9543 7614 3526 167856 66560 21379 9134 3024 19693 2548
is_linear=0
shrinkage=0.0107582


Tree=22
num_leaves=24
num_cat=0
split_feature=0 2 0 4 9 2 8 2 8 9 0 8 9 4 4 2 9 8 4 8 8 8 3
split_gain=5969.28 890.054 444.065 373.769 295.77 201.846 173.731 167.052 250.45 226.403 94.9237 94.4711 87.6449 139.213 101.756 73.2179 47.5764 46.9761 46.4736 58.7194 43.4776 44.0903 40.2473
threshold=0.050000002607703216 64.500000000000014 0.18333333730697635 0.051388889551162727 4.5000000000000009 1.5000000000000002 0.020040160045027736 4.5000000000000009 0.044755019247531898 2.5000000000000004 0.083333335816860213 0.044755019247531898 3.5000000000000004 0.07696759328246118 0.061724536120891578 190.50000000000003 3.5000000000000004 0.013351158704608681 0.0092013892717659491 0.0047174009960144767 0.050242349505424506 0.065461847931146636 8.5000000000000018
decision_type=2 2 2 2 2 2 10 2 10 2 2 10 2 2 2 2 2 10 2 8 10 10 2
left_child=1 3 5 4 6 -2 18 22 -9 -10 17 15 13 -12 -14 -3 20 -7 19 -1 -13 -22 -5
right_child=2 11 -4 7 -6 10 -8 8 9 -11 12 16 14 -15 -16 -17 -18 -19 -20 -21 21 -23 -24
leaf_value=0.029518174576957181 0.040242612472041507 -0.00094086847740453548 0.044157579353325829 0.02034561225097414 -0.0023578556360403517 0.013574377184118816 0.037060232350348235 0.00174466136954265 0.053528814251098476 0.0027763347174136308 0.045162663106668721 0.035762381342913804 0.0023087528921445629 0.022236608797675195 0.029207534727064385 -0.0047894722934301538 -0.0025065832901273789 0.025063105398815944 0.0051155042252371899 0.014278824192405164 -0.0056464022613471601 0.021276241089229469 0.0050171876739985447
leaf_weight=48.974101702682674 107.44790431298316 918.25146183371544 289.54634619876742 90.016332993283868 60.378596710041165 111.86842221487314 81.173040653578937 763.83515848126262 21.147144593298435 19.601221506483853 64.004880493506789 10.632917704991995 26.161755214445293 58.85117709543556 43.079443732276559 1517.804981039837 22.226830906234682 65.21305672917515 28.345701177604496 72.73331612534821 11.84445992857218 17.350608306005597 25.427708392962813
leaf_count=2364 1419 91573 3027 3587 4447 5853 3170 63240 1113 1275 1302 919 884 2200 1745 157984 2061 2735 1991 3400 1050 1484 803
internal_value=0.00631118 0.000665044 0.0336492 0.00823155 0.018845 0.0272652 0.0243815 0.00486755 0.00313105 0.0291172 0.0234879 -0.00300486 0.0287257 0.0341813 0.0190448 -0.00333878 0.0101029 0.0178056 0.0175222 0.0204116 0.0171396 0.0103542 0.0169696
internal_weight=4475.92 3709.74 766.173 1211.63 291.605 476.627 231.226 920.028 804.584 40.7484 369.179 2498.11 192.097 122.856 69.2412 2436.06 62.0548 177.081 150.053 121.707 39.828 29.1951 115.444
internal_count=359626 340461 19165 85390 15372 16138 10925 70018 65628 2388 14719 255071 6131 3502 2629 249557 5514 8588 7755 5764 3453 2534 4390
is_linear=0
shrinkage=0.0107582


Tree=23
num_leaves=24
num_cat=0
split_feature=0 1 0 6 6 7 1 7 1 9 1 6 6 6 9 1 9 7 9 1 9 6 7
split_gain=5657.31 810.736 366.664 200.937 230.916 208.485 175.219 175.532 171.309 135.724 77.9426 75.2621 108.736 73.4808 71.8534 85.8377 54.0545 52.9339 67.3392 50.9214 70.6103 48.1639 47.1236
threshold=0.050000002607703216 933.50000000000011 0.18333333730697635 0.011087284423410894 0.011440626811236145 83.500000000000014 27.500000000000004 130.50000000000003 86.500000000000014 4.5000000000000009 4528.5000000000009 0.011551188305020334 0.017149392515420917 0.029986129142344001 3.5000000000000004 1572.5000000000002 3.5000000000000004 71.500000000000014 3.5000000000000004 3900.5000000000005 2.5000000000000004 0.0079130814410746115 86.500000000000014
decision_type=2 2 2 10 10 8 2 8 2 2 2 10 10 10 2 2 2 8 2 2 2 10 8
left_child=1 6 8 10 -5 19 -1 -8 22 11 17 -9 -13 -14 15 -7 -4 -3 21 20 -6 -19 -2
right_child=2 3 16 4 5 14 7 9 -10 -11 -12 12 13 -15 -16 -17 -18 18 -20 -21 -22 -23 -24
leaf_value=0.025246137427799041 0.037102499719181149 -0.0023091676188578872 0.044987934968184894 0.042526029245641639 0.0088052232313196761 0.038823486357267921 0.0056596831250740765 0.013200955475776197 0.020621463362985443 -0.0020855949358092635 -0.0054754876713459357 0.049101623038084866 0.007289557460132194 0.032791226503608564 0.0014901533395702204 0.01053166043666595 0.035609407464238248 0.007028242182735781 -0.0067256700016886297 -0.0032517764181809751 -0.0016132172698277334 0.028460745992720436 0.02684559421644836
leaf_weight=77.490462092682719 142.82990821450949 823.41473484411836 190.33364207483828 16.640378686599433 135.41841463372111 28.155592535622418 612.36950683314353 52.150550494901836 266.8176189744845 30.449876863509417 1258.6490958156064 23.708960237912834 23.681400099769235 29.207069435156882 18.35996993072331 22.200147007592022 113.71020648628473 59.932987381704152 34.839480069465935 295.840775645338 169.56219961401075 15.214677399955688 81.45267941057682
leaf_count=1837 2653 81291 1759 1478 11954 980 45400 2769 12023 2246 132571 917 1005 1044 1530 1973 1293 5015 3228 29635 15645 1100 1546
internal_value=0.00614457 0.000586989 0.032196 -0.00213815 0.00294243 0.00195845 0.00982495 0.00827607 0.0264474 0.0183399 -0.00372853 0.0231707 0.0299577 0.0213736 0.0197095 0.0263519 0.0414808 -0.00137282 0.00563696 -7.18145e-05 0.00301285 0.0113685 0.0333779
internal_weight=4522.43 3727.29 795.144 2878.23 686.177 669.537 849.058 771.567 491.1 159.198 2192.05 128.748 76.5974 52.8885 68.7157 50.3557 304.044 933.402 109.987 600.821 304.981 75.1477 224.283
internal_count=360892 341618 19274 286400 63195 61717 55218 53381 16222 7981 223205 5735 2966 2049 4483 2953 3052 90634 9343 57234 27599 6115 4199
is_linear=0
shrinkage=0.0107582


Tree=24
num_leaves=24
num_cat=0
split_feature=1 1 7 1 8 4 4 6 6 6 8 7 4 6 7 1 7 6 6 1 4 8 1
split_gain=5353.8 698.444 450.405 274.053 191.173 190.149 144.781 107.935 106.52 100.234 99.1385 214.988 116.509 77.1802 72.9678 59.9868 56.1892 100.315 86.6553 54.3099 65.5045 50.4154 49.0741
threshold=240.50000000000003 1539.5000000000002 107.50000000000001 27.500000000000004 0.045873418450355537 0.02922453731298447 0.19353009015321734 0.0088582760654389876 0.035857716575264938 0.0088977832347154635 1.0000000180025095e-35 9.5000000000000018 0.2691782414913178 0.022758620791137222 81.500000000000014 423.50000000000006 130.50000000000003 0.017149392515420917 0.024103647097945217 2437.5000000000005 0.072673611342906966 0.037952858954668052 61.500000000000007
decision_type=2 2 8 2 10 2 2 10 10 10 10 8 2 10 8 2 8 10 10 2 2 10 2
left_child=3 2 4 5 15 -1 -6 -5 -4 -3 11 12 -11 -7 -12 -2 18 -18 22 -16 -21 -20 -9
right_child=1 9 8 7 6 13 -8 16 -10 10 14 -13 -14 -15 19 -17 17 -19 21 20 -22 -23 -24
leaf_value=0.022623695030876481 0.0081562614259659653 -0.0046337641988675885 0.017915824831725154 0.017237697231064709 0.00091949446864412045 0.034410281419164447 0.040656861188476993 0.028725584682947104 0.040950778155602434 0.068193596974215662 -0.0018889972491713757 -0.0037671006965122786 0.016111716432503292 0.046204707147813814 0.033174638144707731 0.00075078430648347196 0.042365901548851906 0.025881668288066081 0.025262876555605045 -0.0030787465986182551 0.029586095740525575 0.039766902025732936 0.013215184510867378
leaf_weight=93.356086088344455 159.32345396652818 1732.2551035666838 204.42884336225688 193.36994701717049 17.387687854468822 123.46956036239862 27.229397435672581 31.560126983560622 26.214065033011138 9.9312176955863851 655.99432203173637 29.092872319743037 9.9555428279563767 133.94525151699781 10.785504807718096 616.31228977628052 62.972626052796841 132.98993781674653 92.631413054652512 26.513143305666745 9.703639295883475 39.614272184669971 93.744233573786914
leaf_count=1276 11432 181611 10306 8754 977 1972 1571 997 983 884 64734 2801 930 1025 858 52768 1348 3081 2790 2491 880 1055 4522
internal_value=0.00611142 -9.97861e-05 0.00725243 0.0281204 0.00351768 0.0357777 0.0251719 0.0239681 0.0205344 -0.00320997 6.98848e-05 0.0148682 0.042127 0.0405479 -0.000961214 0.00227197 0.0268377 0.0311794 0.0235339 0.0119869 0.00567489 0.0296083 0.0171223
internal_weight=4532.78 3535.13 1050.9 997.653 820.253 350.771 44.6171 646.883 230.643 2484.23 751.976 48.9796 19.8868 257.415 702.997 775.636 453.513 195.963 257.55 47.0023 36.2168 132.246 125.304
internal_count=360046 333226 78037 26820 66748 4273 2548 22547 11289 255189 73578 4615 1814 2997 68963 64200 13793 4429 9364 4229 3371 3845 5519
is_linear=0
shrinkage=0.0107582


Tree=25
num_leaves=24
num_cat=0
split_feature=2 2 5 9 5 6 2 2 9 6 6 5 9 1 6 6 9 1 6 9 9 9 3
split_gain=4630.62 504.274 415.732 202.156 224.519 362.201 150.282 118.852 93.137 73.9192 73.0206 71.093 74.1105 64.3084 56.9273 56.3696 56.4939 46.0338 43.773 44.297 40.786 40.7256 39.9075
threshold=15.500000000000002 64.500000000000014 12.500000000000002 3.5000000000000004 1.0000000180025095e-35 0.0098552517592906969 1.5000000000000002 4.5000000000000009 4.5000000000000009 0.01084729051217437 0.0088977832347154635 1.5000000000000002 5.5000000000000009 1381.5000000000002 0.024896631017327312 0.022330464795231823 3.5000000000000004 205.50000000000003 0.013316913042217495 1.5000000000000002 1.0000000180025095e-35 3.5000000000000004 4.5000000000000009
decision_type=2 2 2 2 2 10 2 2 2 10 10 2 2 2 10 10 2 2 10 2 2 2 2
left_child=2 3 6 4 5 -2 -1 15 22 -6 -3 14 17 18 -8 16 -4 -13 19 -11 -19 -12 -9
right_child=1 10 7 -5 9 -7 11 8 -10 13 21 12 -14 -15 -16 -17 -18 20 -20 -21 -22 -23 -24
leaf_value=0.028538352587927928 -0.0043246735727154647 -0.0042722535431377251 0.033562632796216067 6.2763743009581821e-05 0.0051902248103935693 0.062694399073056128 0.0035260627204418112 0.029814766745102108 0.0092640334157302519 0.032787838206046284 0.0018518173992805218 0.022115191529241372 0.0032848007297406612 0.032453062259507948 0.02147289793493273 0.03654568183135147 0.021651713412563282 0.027526244532605205 0.0090232093354569252 0.0090663991594369005 0.0090329495918691181 -0.0032214951773928482 0.016013063284756598
leaf_weight=109.60225542075932 15.704379907809196 1725.177454396151 115.08206795528531 352.79921763949096 296.65099818538874 23.001402107998729 94.381768368184566 122.36656419560313 43.691001604311168 20.313528584316373 440.25478942599148 187.47140854503959 39.136318667791784 19.026877894997597 26.114285860210657 249.76299402303994 76.918328203260899 17.172673463821411 145.80918264389038 16.524816866032779 70.317598845809698 313.55968526098877 30.254047637805343
leaf_count=2121 1213 181650 1447 29183 23562 1234 6307 4012 1872 1285 42570 7536 2204 1178 1389 2460 1270 933 9028 1125 4265 31189 843
internal_value=0.00587065 -0.000558019 0.0241888 0.00638929 0.0105454 0.035504 0.0172807 0.0300803 0.0231145 0.00860667 -0.00305175 0.0144414 0.0171365 0.0136319 0.00741598 0.0331757 0.0287913 0.019108 0.0116708 0.0221485 0.0126636 -0.000258502 0.0270792
internal_weight=4551.09 3368.82 1182.27 889.83 537.031 38.7058 544.196 638.075 196.312 498.325 2478.99 434.594 314.098 201.674 120.496 441.763 192 274.962 182.648 36.8383 87.4903 753.814 152.621
internal_count=359876 323217 36659 67808 38625 2447 24755 11904 6727 36178 255409 22634 14938 12616 7696 5177 2717 12734 11438 2410 5198 73759 4855
is_linear=0
shrinkage=0.0107582


Tree=26
num_leaves=24
num_cat=0
split_feature=0 1 8 5 0 1 1 9 8 1 0 9 1 8 8 8 9 1 5 1 1 9 8
split_gain=5229.69 869.878 293.352 321.114 256.828 181.085 179.749 131.169 97.137 85.1858 83.9361 78.4953 74.0275 60.9518 59.5774 53.9145 47.1657 46.3998 42.8125 38.4053 36.0212 35.5946 34.3345
threshold=0.050000002607703216 1638.5000000000002 0.018592592328786853 1.0000000180025095e-35 0.18333333730697635 49.500000000000007 27.500000000000004 3.5000000000000004 0.044755019247531898 327.50000000000006 0.11666667088866235 3.5000000000000004 9421.5000000000018 0.048234315589070327 0.062083953991532333 0.035716535523533828 3.5000000000000004 15.500000000000002 85.500000000000014 276.50000000000006 854.50000000000011 3.5000000000000004 0.013351158704608681
decision_type=2 2 10 2 2 2 2 2 10 2 2 2 2 10 10 10 2 2 2 2 2 2 10
left_child=1 2 5 -4 6 -1 -2 10 12 14 22 19 21 -10 -5 16 20 -6 -19 -7 -11 -3 -8
right_child=4 8 3 9 17 11 7 -9 13 15 -12 -13 -14 -15 -16 -17 -18 18 -20 -21 -22 -23 -24
leaf_value=0.021984134596226227 0.036271153358502811 -0.00077797766004473806 0.050196928291138844 0.02486208664945248 0.031840036344056126 0.012109111529064704 0.018541897731893194 0.013686006388076053 0.026764338206038029 0.0093480289399680144 0.036242050976166486 -5.6513266254092483e-05 -0.0062219561925728291 0.0032978457387475924 0.0057865853856213668 0.0012406582413167114 0.0031522408036358737 0.043938431382404206 0.034130131402665347 0.0048629280035254047 0.024632738286917956 -0.0040303438688692383 0.028050006027804459
leaf_weight=66.612302982248366 131.45893108472228 915.9335690420121 30.044504065066576 86.15834609977901 114.96290674060583 105.66007972229272 104.65581242460757 146.96307572815567 18.116167274303734 30.540353504940867 72.515034050680697 388.9629367319867 770.81307027675211 43.728983151726425 24.295529000461102 69.494043571874499 35.311842024326324 137.9959455691278 82.300812004134059 425.83088919520378 42.945448074489832 677.56649397313595 75.832070780918002
leaf_count=2081 1546 93401 1330 3416 678 5829 4399 6272 1573 1939 1677 31638 81977 3877 750 4341 2851 1567 855 32935 2720 70233 2361
internal_value=0.00620244 0.000673787 0.00775338 0.0167257 0.0300092 0.00485557 0.0253573 0.02177 -0.00313674 0.0132425 0.0264656 0.00361592 -0.0034849 0.0101728 0.0206665 0.00864298 0.013371 0.0373827 0.0402746 0.00630352 0.0182811 -0.00216091 0.0225371
internal_weight=4598.7 3732.01 1305.86 318.79 866.685 987.066 531.425 399.966 2426.16 288.746 253.003 920.454 2364.31 61.8452 110.454 178.292 108.798 335.26 220.297 531.491 73.4858 1593.5 180.488
internal_count=360246 340891 89830 17347 19355 72483 16255 14709 251061 16017 8437 70402 245611 5450 4166 11851 7510 3100 2422 38764 4659 163634 6760
is_linear=0
shrinkage=0.0107582


Tree=27
num_leaves=24
num_cat=0
split_feature=0 1 4 0 1 1 5 4 1 1 1 5 0 3 5 7 7 1 3 5 4 7 7
split_gain=4444.31 1001.53 373.404 330.711 153.141 142.062 113.859 214.865 105.085 77.7902 75.0851 70.8169 66.6033 51.9696 43.5446 41.6926 39.8637 38.5116 32.3646 27.3632 35.6242 20.8206 19.8487
threshold=0.050000002607703216 1539.5000000000002 0.051388889551162727 0.18333333730697635 27.500000000000004 10.500000000000002 1.0000000180025095e-35 0.19353009015321734 349.50000000000006 7883.5000000000009 1381.5000000000002 8.5000000000000018 0.11666667088866235 8.5000000000000018 16.500000000000004 6.5000000000000009 3.5000000000000004 191.50000000000003 1.5000000000000002 1.0000000180025095e-35 1.0000000180025095e-35 87.500000000000014 13.500000000000002
decision_type=2 2 2 2 2 2 2 2 2 2 2 2 2 2 2 10 10 2 2 2 2 10 10
left_child=1 2 10 4 -2 -4 7 -7 13 19 11 -1 -6 15 -13 17 -5 -8 -14 22 -21 -10 -3
right_child=3 9 5 16 12 6 8 -9 21 -11 -12 14 18 -15 -16 -17 -18 -19 -20 20 -22 -23 -24
leaf_value=0.015011583900854879 0.032898379780125338 -0.0011206100581812254 0.026873590641813591 0.031939535860613731 0.016800704528872768 0.0021415018360706009 0.02927142636789511 0.043196449048607345 0.00082173683610284255 -0.0053862107896449889 0.039833151835742972 0.038685209740203043 0.021029910242431168 -0.0031379696086047903 0.019960695007344941 0.008917323507339453 0.03941373711446311 0.0086439008613358442 0.032647405566624835 0.018378234835023158 0.00079167529884127186 0.015896028341603346 -0.0039520169505740379
leaf_weight=239.96182330138981 129.22809423692524 823.08113977033645 34.423794854432344 142.96838953904808 297.05418730713427 36.394053904339671 25.145402263849974 24.810983749106526 582.51333237718791 951.41412074957043 18.674009921960533 25.748258059844375 58.36419781204313 33.824782352894545 32.567550035193563 183.01321645732969 195.93781562335789 17.960179191082716 52.967876624315977 14.120941481553016 237.48061691876501 10.798428460955618 439.59867242351174
leaf_count=12353 1482 84719 502 1299 11980 2671 1219 1622 49503 101274 800 1013 1904 1345 1219 10829 1766 1234 940 1150 22923 849 45502
internal_value=0.00613855 0.00101795 0.00879666 0.0279379 0.022691 0.00541963 0.00461194 0.0187854 0.0035952 -0.00297547 0.0189066 0.0175961 0.0194608 0.00929907 0.0282297 0.0111595 0.036261 0.020678 0.0265578 -0.00146081 0.00177891 0.00109617 -0.00210636
internal_weight=4608.05 3731.53 1265.84 876.521 537.614 948.884 914.46 61.205 853.255 2465.7 316.952 298.278 408.386 259.944 58.3158 226.119 338.906 43.1056 111.332 1514.28 251.602 593.312 1262.68
internal_count=360098 340727 85159 19371 16306 69774 69272 4293 64979 255568 15385 14585 14824 14627 2232 13282 3065 2453 2844 154294 24073 50352 130221
is_linear=0
shrinkage=0.0107582


Tree=28
num_leaves=24
num_cat=0
split_feature=3 4 8 5 9 9 6 5 5 4 4 5 8 6 6 9 4 9 6 5 6 4 6
split_gain=3870.39 711.615 390.139 316.247 272.864 213.774 211.976 211.785 161.324 183.46 165.804 143.964 89.9176 255.514 119.34 70.9049 251.264 80.9526 76.9724 53.479 81.6874 52.313 49.2884
threshold=1.0000000180025095e-35 0.0092013892717659491 0.044755019247531898 1.0000000180025095e-35 4.5000000000000009 2.5000000000000004 0.011551188305020334 10.500000000000002 2.5000000000000004 0.19353009015321734 0.24357638508081439 1.5000000000000002 0.035716535523533828 0.029986129142344001 0.016755336895585064 3.5000000000000004 0.0686226822435856 4.5000000000000009 0.0088977832347154635 1.0000000180025095e-35 0.0046144798398017892 0.12533564865589145 0.0083747971802949923
decision_type=2 2 10 2 2 2 8 2 2 2 2 2 10 10 10 2 2 2 10 2 10 2 10
left_child=1 4 3 -3 6 8 7 19 9 -4 -11 -2 13 14 -8 18 17 -17 -13 -1 -21 -7 -22
right_child=11 2 5 -5 -6 21 12 -9 -10 10 -12 15 -14 -15 -16 16 -18 -19 -20 20 22 -23 -24
leaf_value=-0.0027848389159389969 0.0096518773798229922 -0.0036686339709781158 0.015040320615065689 0.0035310112730140481 -0.0027529347232437525 0.024548044552010758 0.035443223715640473 0.038091979404506482 0.0045656118221835389 0.089419968780196729 0.035076646592405038 0.021544685139798486 0.014838614055171296 0.063856206513662181 0.0093452081685410793 0.020534270365968159 0.029485412215755413 0.0015788385554039251 0.031305105991986666 0.030382890090628903 -0.003649958099842861 -0.00033821783543699181 0.016731070944121591
leaf_weight=56.165580690838397 60.899292984977365 2131.7333278674632 15.102670338004826 1055.8792295213789 81.068254217505455 12.217084623873232 49.311394292861223 27.292520010843873 15.960239655338226 12.968143493868412 13.033472463488577 120.1625925116241 39.832676750607789 25.076987468637526 34.447367309592664 44.24063359387219 215.38085798546672 63.504879364743829 422.15842582285404 18.988216793164611 33.852706907317042 48.884129212237895 23.103354549966753
leaf_count=5389 2895 222786 936 87297 6354 695 1924 850 887 812 1021 2895 1485 798 1520 784 4438 1646 6344 1001 1850 3852 1119
internal_value=0.00597737 0.00104766 -0.0005722 -0.00128379 0.0148084 0.018623 0.0194296 0.0108111 0.0335957 0.0448665 0.062187 0.0256404 0.02867 0.0337317 0.0247106 0.0267655 0.0227756 0.00936234 0.0291426 0.00517441 0.0110607 0.00463868 0.00461773
internal_weight=4621.26 3694.92 3305.78 3187.61 389.139 118.166 308.071 159.402 57.0645 41.1043 26.0016 926.347 148.668 108.836 83.7588 865.447 323.126 107.746 542.321 132.11 75.9443 61.1012 56.9561
internal_count=359578 340576 318286 310083 22290 8203 15936 10209 3656 2769 1833 19002 5727 4242 3444 16107 6868 2430 9239 9359 3970 4547 2969
is_linear=0
shrinkage=0.0107582


Tree=29
num_leaves=24
num_cat=0
split_feature=1 3 1 7 1 6 6 6 6 4 6 7 4 7 6 6 6 6 2 3 6 4 2
split_gain=4038.26 426.477 374.03 315.575 131.514 87.823 84.4624 84.2504 143.402 146.938 64.2925 118.098 203.498 60.12 59.5955 112.401 56.0163 47.5277 47.373 44.8023 46.2234 43.7941 40.462
threshold=423.50000000000006 1.5000000000000002 2167.5000000000005 110.50000000000001 10.500000000000002 0.023515399545431141 0.046491613611578948 0.026185500435531143 0.030632242560386661 0.21184027940034869 0.0088977832347154635 81.500000000000014 0.085266206413507475 130.50000000000003 0.0088582760654389876 0.016755336895585064 0.013732620049268009 0.024103647097945217 4.5000000000000009 1.0000000180025095e-35 0.012206773739308121 0.1396875008940697 24.500000000000004
decision_type=2 2 2 8 2 10 10 10 10 2 10 10 2 8 10 10 10 10 2 2 10 2 2
left_child=1 5 3 7 -3 13 -7 -2 9 -9 -4 -12 -13 19 -15 -16 -6 22 -18 -1 21 -21 -5
right_child=2 4 10 17 16 6 -8 8 -10 -11 11 12 -14 14 15 -17 18 -19 -20 20 -22 -23 -24
leaf_value=0.00759854661276569 0.00053270562801638051 0.035641758988611605 -0.0044647664921646461 0.025220531089874942 0.019877281760929 0.02527734672843316 0.0058249288942231357 0.05572567086408417 0.0033407691235951545 0.0072861121850283242 -0.0012442561292938809 -0.0088146122354866279 0.059838799087751068 0.0088984740450419146 0.032492572757128017 0.0073207319565772979 0.029074492821094533 0.027031734689687816 0.019174390861243177 0.0073616692660598178 0.0026155141079225869 0.023194507386291793 0.01132107407577309
leaf_weight=227.55759466346353 800.19394319597632 161.77007349953055 1535.3260194472969 30.232832874171436 189.88173618819565 141.07902681548148 31.627770540304482 14.242996878921987 84.164912204258144 14.756643698550759 629.30661208648235 10.049807119183244 9.934830333106218 46.342611199244857 60.012104872614145 31.210943200625479 283.82410364225507 41.746220835484564 69.704181617125869 27.908520362339914 25.445741914212704 73.425102703273296 122.30931031145155
leaf_count=15024 70293 1078 165267 1432 4612 4903 1252 775 6507 1072 62812 958 855 1694 1776 989 3818 1626 1813 1059 883 2812 6774
internal_value=0.00577588 0.0212986 -0.000682563 0.00440995 0.0271263 0.0151151 0.0217152 0.00176147 0.0104499 0.0310801 -0.00326457 -0.000426572 0.0253183 0.0127977 0.0188339 0.0238808 0.0245911 0.0168603 0.0271227 0.0104541 0.0155792 0.0188343 0.0140763
internal_weight=4662.05 1369.79 3292.26 1107.65 705.18 664.609 172.707 913.358 113.165 28.9996 2184.62 649.291 19.9846 491.903 137.566 91.223 543.41 194.288 353.528 354.337 126.779 101.334 152.542
internal_count=360084 41713 318371 88479 11321 30392 6155 78647 8354 1847 229892 64625 1813 24237 4459 2765 10243 9832 5631 19778 4754 3871 8206
is_linear=0
shrinkage=0.0107582


Tree=30
num_leaves=24
num_cat=0
split_feature=0 2 0 4 9 1 1 2 9 4 4 4 9 9 0 1 9 1 1 1 3 4 2
split_gain=3969.21 732.86 273.686 227.914 228.06 151.836 109.254 71.5755 69.6982 70.2838 66.7106 54.4469 50.4907 47.7183 44.0076 38.9908 53.2593 52.195 42.4551 38.3089 56.7876 32.0226 29.5939
threshold=0.050000002607703216 64.500000000000014 0.18333333730697635 0.051388889551162727 4.5000000000000009 75.500000000000014 37.500000000000007 116.50000000000001 4.5000000000000009 0.074895832687616362 0.020057871006429199 0.02922453731298447 3.5000000000000004 3.5000000000000004 0.083333335816860213 1262.5000000000002 1.0000000180025095e-35 240.50000000000003 61.500000000000007 10.500000000000002 2.5000000000000004 0.1396875008940697 58.500000000000007
decision_type=2 2 2 2 2 2 2 2 2 2 2 2 2 2 2 2 2 2 2 2 2 2 2
left_child=1 3 6 4 15 19 21 11 9 14 -10 13 -4 -3 -8 16 -1 18 -18 -5 -21 -2 -7
right_child=2 7 12 5 -6 22 8 -9 10 -11 -12 -13 -14 -15 -16 -17 17 -19 -20 20 -22 -23 -24
leaf_value=0.027597156084808439 0.023244172630776164 0.025313846656265009 0.036369014659087602 0.025024296096627072 -0.0031290679948565588 0.0038238823434786863 0.019257709735141515 -0.0034814555109820692 -0.0029853637072040301 0.015691725910838554 0.016303250006431447 0.00018683401669761021 0.028034538326214928 -0.0013269228668979613 0.031125922527139454 0.030780526754058846 0.012382929663590322 0.010625919963605157 0.029282177581619797 0.020055944997011733 0.0015562042406922179 0.032740946635306682 -0.0035790872755009965
leaf_weight=52.367675964720547 74.344745349138975 19.408139755018055 220.28607702441514 38.919568497687578 63.582903267815709 787.14928504452109 63.834206074476242 1960.5717965885997 30.658465930260718 160.48318203072995 64.220566229894757 443.08490703254938 136.22128310613334 12.988091834820805 83.477340244688094 31.562682919204235 28.920526070520282 109.89616484567523 42.498252799734473 43.8613167302683 34.161219311878085 92.007171630859375 67.88643734715879
leaf_count=2006 996 1597 1677 529 4430 60717 1922 207898 1201 6655 2919 43688 1340 1216 1510 1108 852 5393 1595 1839 1108 1045 5858
internal_value=0.00584816 0.000908128 0.0257936 0.00742791 0.01517 0.00480864 0.0211628 -0.00257332 0.0181326 0.0206176 0.0100706 0.00117126 0.0331847 0.014634 0.0259836 0.0195566 0.0180402 0.0152796 0.0224397 0.0163061 0.0119564 0.0284972 0.00323611
internal_weight=4662.39 3736.86 925.533 1300.81 328.828 971.978 569.026 2436.05 402.674 307.795 94.879 475.481 356.507 32.3962 147.312 265.245 233.683 181.315 71.4188 116.942 78.0225 166.352 855.036
internal_count=359099 339834 19265 85435 15384 70051 16248 254399 14207 10087 4120 46501 3017 2813 3432 10954 9846 7840 2447 3476 2947 2041 66575
is_linear=0
shrinkage=0.0107582


Tree=31
num_leaves=24
num_cat=0
split_feature=0 2 7 2 2 0 2 5 4 0 2 2 3 4 5 7 5 7 2 3 7 5 2
split_gain=3851.53 782.594 209.413 208.416 114.171 97.932 87.4564 73.826 153.277 64.0166 61.5422 46.2923 44.3095 37.0912 40.861 44.1084 33.2571 87.6391 27.9318 25.1654 24.586 24.0912 22.811
threshold=0.050000002607703216 68.500000000000014 105.50000000000001 8.5000000000000018 10.500000000000002 0.48333333432674414 184.50000000000003 1.0000000180025095e-35 0.19353009015321734 0.083333335816860213 1.5000000000000002 54.500000000000007 5.5000000000000009 0.12215277552604677 1.0000000180025095e-35 34.500000000000007 16.500000000000004 4.5000000000000009 1.5000000000000002 1.5000000000000002 7.5000000000000009 8.5000000000000018 46.500000000000007
decision_type=2 2 8 2 2 2 2 2 2 2 2 2 2 2 2 10 2 10 2 2 10 2 2
left_child=1 2 4 5 12 9 13 8 -6 10 -2 19 18 14 -3 -16 -5 -18 -1 21 -20 -4 -9
right_child=3 6 11 16 7 -7 -8 22 -10 -11 -12 -13 -14 -15 15 -17 17 -19 20 -21 -22 -23 -24
leaf_value=0.020084904057810722 0.029987314886925583 0.0010010894848591146 0.010882385710146544 0.010805733937864735 -0.00014441338440368979 0.039645440401757846 -0.0047649686133685231 0.0031294133248956297 0.033281486909308863 0.027967516540425244 0.01535319238260581 0.027105207036683773 0.0022751717316157028 -0.0015872919385652986 0.020242746388186735 -0.0040677644521284742 0.033807379365436221 0.011153586715024373 0.017688474377680421 0.025070925455832189 0.0084621367684127643 0.019547972212024374 -0.00091087537200227632
leaf_weight=49.294829607009888 48.993480656296015 128.89340875670314 184.06513760797679 106.17126264236867 38.352557162754238 68.954486288130283 1522.6258098138496 477.51711165066808 27.091871820390224 526.08889526687562 103.6044486798346 33.531254281289876 56.557271933183074 697.23018518462777 29.881087515503168 12.148708627559243 32.153702011331916 51.302319881506264 45.426281802356243 20.494895816780627 126.59012047108263 46.521456237882376 244.56482181791216
leaf_count=1035 609 13116 8944 5489 2799 340 163393 38563 1720 6196 3093 1321 1870 70556 2629 1151 919 2552 2411 578 6981 1758 21503
internal_value=0.00537261 0.000486369 0.00703465 0.0248743 0.00484462 0.0274292 -0.00321127 0.00275266 0.0136937 0.0261879 0.0200521 0.0152325 0.0107735 -0.000486285 0.00400489 0.013216 0.0148007 0.0198824 0.0129452 0.0136466 0.0108989 0.0126309 0.00176099
internal_weight=4678.06 3740.79 1350.01 937.269 1065.39 747.641 2390.78 787.526 65.4444 678.687 152.598 284.613 277.869 868.153 170.923 42.0298 189.627 83.456 221.311 251.081 172.016 230.587 722.082
internal_count=359526 340328 89483 19198 76882 10238 250845 64585 4519 9898 3702 12601 12297 87452 16896 3780 8960 3471 10427 11280 9392 10702 60066
is_linear=0
shrinkage=0.0107582


Tree=32
num_leaves=24
num_cat=0
split_feature=0 1 0 8 5 1 9 1 8 1 9 8 8 9 9 9 5 9 1 1 8 9 8
split_gain=3786.86 683.716 340.841 172.409 225.515 124.469 119.738 114.023 94.2166 71.4634 61.5669 60.6493 66.3736 60.4745 60.3069 31.9364 31.3975 30.903 30.7753 31.5901 43.2376 27.3547 26.4914
threshold=0.050000002607703216 1539.5000000000002 0.18333333730697635 0.055698657408356674 1.5000000000000002 37.500000000000007 3.5000000000000004 27.500000000000004 0.044755019247531898 9552.5000000000018 1.5000000000000002 0.020040160045027736 0.024032085202634338 2.5000000000000004 3.5000000000000004 2.5000000000000004 35.500000000000007 3.5000000000000004 276.50000000000006 1476.5000000000002 1.0000000180025095e-35 1.5000000000000002 0.010652482043951752
decision_type=2 2 2 10 2 2 2 2 10 2 2 10 10 2 2 2 2 2 2 2 10 2 10
left_child=1 3 7 5 -5 -1 11 -2 9 17 -9 18 -13 -10 -4 -14 22 21 -7 20 -20 -3 -12
right_child=2 8 14 4 -6 6 -8 10 13 -11 16 12 15 -15 -16 -17 -18 -19 19 -21 -22 -23 -24
leaf_value=0.018029472768402825 0.027470311562453248 -0.0024900631623392352 0.035416928484157097 0.047009379980290415 0.0077827287853399051 0.010825452673680031 0.00060510180445389394 0.022299498174853244 0.021054504018882262 -0.0059727003212192899 0.0082771881433353397 0.026661891185832017 0.012875893735084777 -5.7624318743608374e-05 0.026612559002932256 -0.00039814804238516295 0.019821520644179132 -0.0036629096058387167 0.011112936883917564 0.017521750835146087 0.0022821026003913823 0.0011842741300153415 0.015706329899192868
leaf_weight=90.041498295962811 144.44541938975453 471.42319369222969 246.41169016808271 27.753225893713534 43.623930429108441 120.27852076664567 455.97781641129404 140.90256454702467 30.403829677961767 736.15252116508782 121.67708885483444 35.08680006954819 90.815805800259113 32.473811206407845 141.98540793918073 27.278452984988689 72.361751180142164 689.05628279503435 79.735630905255675 21.04409297183156 328.69516085926443 466.61626545712352 102.24354338087142
leaf_count=2134 1505 48582 1767 1042 1667 6088 34922 4116 2411 80405 5054 1783 4692 2971 1334 1511 2008 72433 5921 1496 24309 47994 3393
internal_value=0.00544997 0.000544823 0.0243946 0.00677473 0.0230363 0.00584533 0.00489865 0.0191833 -0.00284558 -0.0031914 0.0164451 0.00768376 0.0136703 0.0101514 0.0321986 0.0098098 0.0136607 -0.00193303 0.00601563 0.00466854 0.00400616 -0.000662311 0.0116695
internal_weight=4716.48 3746.46 970.027 1320.33 71.3772 1248.95 1158.91 581.63 2426.13 2363.25 437.185 702.934 153.181 62.8776 388.397 118.094 296.282 1627.1 549.753 429.475 408.431 938.039 223.921
internal_count=359538 340361 19177 85565 2709 82856 80722 16076 254796 249414 14571 45800 7986 5382 3101 6203 10455 169009 37814 31726 30230 96576 8447
is_linear=0
shrinkage=0.0107582


Tree=33
num_leaves=24
num_cat=0
split_feature=0 2 0 8 5 8 1 6 8 1 8 0 6 6 8 2 1 5 2 6 6 6 6
split_gain=3523.69 651.338 269.221 193.219 158.726 408.875 114.606 80.9455 65.9494 56.1908 53.3456 49.2703 47.9284 70.9889 99.1358 42.8464 33.1344 33.9746 27.4751 60.7952 26.5917 28.7091 26.1919
threshold=0.050000002607703216 64.500000000000014 0.18333333730697635 0.016021390445530418 1.0000000180025095e-35 0.032107036560773856 75.500000000000014 0.0088977832347154635 0.0038341755280271177 37.500000000000007 0.044755019247531898 0.083333335816860213 0.046091796830296523 0.035212852060794837 0.028074916452169422 271.50000000000006 15.500000000000002 83.500000000000014 108.50000000000001 0.0098027577623724955 0.0037337247049435978 0.027674124576151374 0.012206773739308121
decision_type=2 2 2 8 2 10 2 10 10 2 10 2 10 10 10 2 2 2 2 10 10 10 10
left_child=1 3 9 6 5 -5 -1 15 22 -2 18 -11 13 -6 -15 -3 -4 -18 19 -10 -8 -22 -9
right_child=2 7 16 4 12 -7 20 8 10 11 -12 -13 -14 14 -16 -17 17 -19 -20 -21 21 -23 -24
leaf_value=0.015172325556251077 0.023865388568191859 -0.002540483484243101 0.025752857688130539 -0.00081763116003712361 0.0087348613454108562 0.064119529114400012 -0.0019755803671932951 0.013673125055349461 0.026137146294067257 0.012687759530052405 0.0080438397513318532 0.020126734277634784 -0.0019183858236638917 0.039635376785008176 0.012760453761044481 -0.0059787843879444847 0.035602066892072411 0.027705306798093986 -0.00351099775447701 -0.00016339650062807551 0.0038034945085197191 -0.006526505520981777 0.0027330726667819279
leaf_weight=91.692569675855339 173.66526840999722 852.00273875612766 127.19242978841066 22.367444454692304 244.5793778989464 22.519346852786839 129.6835263967514 49.680716626346111 11.167575259692965 197.40992871485651 64.41446918528527 215.6370455911383 33.674184635281563 22.401844919659197 54.617121516726911 826.30107354931533 157.75715972669423 105.17707967013121 452.55545167718083 113.83377902768552 672.3728632973507 32.648050723597407 51.67227824497968
leaf_count=3105 2029 89880 645 1259 13325 672 10389 4716 1047 8229 5473 5760 1566 961 2571 91600 1496 937 46562 10586 49510 2048 5161
internal_value=0.00513776 0.000394931 0.0233362 0.00645423 0.0127014 0.0317629 0.00375573 -0.00292433 3.11546e-05 0.0187306 -0.00124211 0.0165715 0.0102928 0.0115714 0.0205785 -0.00423331 0.0302624 0.0324436 -0.0022778 0.00218684 0.00250157 0.00332511 0.00809585
internal_weight=4725.02 3748.18 976.839 1326.56 400.159 44.8868 926.397 2421.63 743.324 586.712 641.971 413.047 355.273 321.598 77.019 1678.3 390.127 262.934 577.557 125.001 834.704 705.021 101.353
internal_count=359527 340431 19096 85406 20354 1931 65052 255025 73545 16018 63668 13989 18423 16857 3532 181480 3078 2433 58195 11633 61947 51558 9877
is_linear=0
shrinkage=0.0107582


Tree=34
num_leaves=24
num_cat=0
split_feature=0 1 0 1 7 1 1 7 2 3 7 4 0 1 1 1 4 4 1 1 0 1 3
split_gain=3752.56 670.185 223.746 128.098 111.32 112.632 94.9348 107.181 54.3581 50.7257 50.2477 44.5505 37.1744 34.9106 34.0522 26.482 33.713 27.5823 25.4957 39.7189 22.684 22.3629 21.1801
threshold=0.050000002607703216 1012.5000000000001 0.11666667088866235 27.500000000000004 103.50000000000001 2437.5000000000005 10.500000000000002 107.50000000000001 393.50000000000006 11.500000000000002 9.5000000000000018 0.12739583104848864 0.18333333730697635 37.500000000000007 1262.5000000000002 240.50000000000003 0.16348379850387576 0.2173263877630234 113.50000000000001 191.50000000000003 0.083333335816860213 1769.5000000000002 2.5000000000000004
decision_type=2 2 2 2 8 2 2 8 2 2 10 2 2 2 2 2 2 2 2 2 2 2 2
left_child=1 6 3 -2 8 14 -1 10 -3 12 22 -7 -4 -14 -6 17 -17 20 -9 -20 -5 -16 -8
right_child=2 4 9 15 5 11 7 18 -10 -11 -12 -13 13 -15 21 16 -18 -19 19 -21 -22 -23 -24
leaf_value=0.023551476848999504 0.028535859257903251 -0.0017482357399158056 0.022103130749359316 0.01105145060151129 0.0050273539928900168 -0.0044527137624371079 0.0089087418568823112 0.0062294024172504783 -0.0052408371033929504 0.033456097094425583 0.002450755684031618 0.015484718844079969 0.024664000890759423 0.032347065845472596 0.022251157113417849 0.015894152112667377 0.0043945813245957841 0.023292377676191321 0.028878706451934483 0.013911381807286873 0.019528761565926939 0.0080079179304580177 0.0004342524259054223
leaf_weight=44.574642319232225 102.12820466049016 1833.5920886658132 155.12937227264047 87.312152452766895 33.499186791479588 99.956252726726234 361.50506966467947 38.059799044393003 717.60777627211064 157.28483117930591 333.41592105850577 14.903032614849506 130.62111491337419 143.98133886046708 47.112133271992207 65.188440867699683 53.90875035431236 58.80347003787756 23.75199241284281 150.88576528895646 62.83710128068924 17.502139943651855 37.692685812711716
leaf_count=565 1119 185326 3027 2559 1670 10459 25232 1274 79008 937 22900 1533 806 1614 2079 2758 3262 1851 743 7134 1309 1518 1452
internal_value=0.00557968 0.000613307 0.0239085 0.0180142 -0.00210686 0.00536538 0.00820914 0.00748563 -0.00273065 0.0282279 0.0055337 -0.0018655 0.0263141 0.0286927 0.0138302 0.0147384 0.0106892 0.0170461 0.0142087 0.0159475 0.0145995 0.0183936 0.00810858
internal_weight=4771.25 3754.06 1017.19 430.178 2764.17 212.973 989.886 945.311 2551.2 587.017 732.614 114.859 429.732 274.602 98.1135 328.05 119.097 208.953 212.698 174.638 150.149 64.6143 399.198
internal_count=360135 340893 19242 12858 281593 17259 59300 58735 264334 6384 49584 11992 5447 2420 5267 11739 6020 5719 9151 7877 3868 3597 26684
is_linear=0
shrinkage=0.0107582


Tree=35
num_leaves=24
num_cat=0
split_feature=2 2 2 4 5 8 7 8 8 7 5 5 3 8 4 2 8 2 5 7 2 5 5
split_gain=3376.22 313.128 297.681 247.403 129.894 107.888 92.0929 79.4511 59.7787 83.7916 58.6123 50.466 48.2876 38.8384 35.5196 34.5915 34.0321 99.5102 44.191 28.7769 27.0496 24.8935 23.9872
threshold=18.500000000000004 106.50000000000001 4.5000000000000009 0.047488424926996238 3.5000000000000004 0.069149423390626921 130.50000000000003 0.040080320090055473 0.044755019247531898 10.500000000000002 5.5000000000000009 1.0000000180025095e-35 1.5000000000000002 0.021215190179646019 0.039490740746259696 402.50000000000006 0.0080267591401934641 58.500000000000007 8.5000000000000018 4.5000000000000009 23.500000000000004 100.50000000000001 19.500000000000004
decision_type=2 2 2 2 2 10 8 10 10 10 2 2 2 10 2 2 10 2 2 10 2 2 2
left_child=2 3 4 16 14 13 7 11 15 -10 -8 -4 -6 -5 -1 -3 18 -18 -2 -13 -15 -21 -14
right_child=1 8 6 5 12 -7 10 -9 9 -11 -12 19 22 20 -16 -17 17 -19 -20 21 -22 -23 -24
leaf_value=0.0039573002089370816 0.005827934552123706 -0.0024622698157217432 -0.0063824598640822095 -0.0001057152556880046 0.017859944561830991 0.024044861984347923 0.01093333469566188 0.024718697520673495 0.00067216316093139216 0.033790553894192492 0.023132811298437139 0.020586267705433852 0.022534556678857259 0.021292543855036896 0.01658277014312071 -0.0054306935736935886 0.012841080216814228 0.037445145658077029 0.024949976731260228 0.0084016971337047587 0.0045291325793703104 0.018577158796313071 0.02724111660666979
leaf_weight=35.694318612106144 87.425267830491066 1242.8905900437385 22.757393789477646 857.3586103124544 99.673562351614237 23.566038040444255 66.717230670154095 42.040576915256679 37.563276317901909 11.560872122645376 143.93548970390111 28.100820946507156 174.05118055455387 12.183173622936009 92.963041694834828 716.16354017984122 109.82837772276253 23.010634509846568 16.649724695831537 323.89954551961273 129.92260229960084 30.441554246470332 448.82097121700644
leaf_count=1421 5504 132498 1556 76658 1794 1153 2706 1494 3312 896 2994 1410 3079 764 3069 79439 4732 1272 723 17865 10409 920 3575
internal_value=0.00552997 -0.000615802 0.0188393 0.00358833 0.02304 0.00129419 0.0134043 0.0106418 -0.0032535 0.00846778 0.0192692 0.00918106 0.0248134 0.00075769 0.0130802 -0.00354743 0.0134946 0.0171038 0.00888765 0.0101072 0.00596672 0.00927602 0.0259261
internal_weight=4777.22 3268.12 1509.1 1259.94 851.203 1023.03 657.893 447.24 2008.18 49.1241 210.653 405.199 722.546 999.464 128.657 1959.05 236.914 132.839 104.075 382.442 142.106 354.341 622.872
internal_count=359243 317360 41883 101215 12938 88984 28945 23245 216145 4208 5700 21751 8448 87831 4490 211937 12231 6004 6227 20195 11173 18785 6654
is_linear=0
shrinkage=0.0107582


Tree=36
num_leaves=24
num_cat=0
split_feature=0 2 4 9 0 6 2 2 9 4 5 2 6 6 4 4 6 6 6 9 2 6 4
split_gain=3521.78 585.881 243.516 191.515 190.796 84.5309 98.3474 72.8254 69.7771 133.376 96.1566 69.6895 76.8444 63.2529 64.2188 120.86 50.6561 328.403 48.8781 46.486 48.171 37.9146 35.0832
threshold=0.050000002607703216 100.50000000000001 0.051388889551162727 3.5000000000000004 0.25000000745058065 0.024896631017327312 6.5000000000000009 1.5000000000000002 3.5000000000000004 0.070474538952112212 16.500000000000004 52.500000000000007 0.012588235549628736 0.036431439220905311 0.19353009015321734 0.21478009223937991 0.011087284423410894 0.011440626811236145 0.0333157666027546 1.0000000180025095e-35 7.5000000000000009 0.012050881981849672 0.056493055075407035
decision_type=2 2 2 2 2 10 2 2 2 2 2 2 10 10 2 2 10 10 10 2 2 10 2
left_child=1 2 3 11 7 6 -4 -2 9 10 -9 19 -13 14 -7 -16 -3 -18 -5 21 -21 -1 -10
right_child=4 16 5 18 -6 13 -8 8 22 -11 -12 12 -14 -15 15 -17 17 -19 -20 20 -22 -23 -24
leaf_value=0.013675389290987588 0.02523871119277582 -0.0046399388336463747 0.0097770806814832262 -0.0019222163709120693 0.029754292055208614 0.0031921973957069914 0.00018861621961936318 0.018476524585933268 0.0064788829465071522 0.013840710522634202 0.034632495217037824 0.018133447881777589 0.044761037211154826 0.0030487984862511003 0.048026981698787628 0.013326862051109839 0.054013735813249204 -0.0021074898104601735 0.015963543754315003 0.021153791001245131 0.0078165938467107763 0.031505100355963676 0.015897489710839971
leaf_weight=25.923024787567556 193.27956056967378 1618.9297358654439 141.87314429599792 100.80234252940863 299.22384336777031 34.935273881070316 972.09264362324029 79.054199002683163 72.388577225618064 174.79914569947869 92.590412568300962 31.918888499960303 20.66974781639874 104.4223202560097 15.039505605585871 51.035679215565324 12.41991331707686 422.39482297934592 21.44324719067663 44.084024457260966 108.44883069954813 29.541922295466065 124.51488596946001
leaf_count=1116 1624 177734 5059 6754 1875 2104 83289 1829 2134 5916 1162 1799 626 6468 819 3282 1087 42692 1031 1284 4508 858 4652
internal_value=0.00494746 0.000103975 0.00477107 0.012325 0.0225098 0.00257921 0.00140981 0.0195669 0.0175492 0.0204557 0.027192 0.0175367 0.0286012 0.0089202 0.0149897 0.0212268 -0.00376431 -0.00050411 0.00121545 0.0147388 0.0116716 0.0231731 0.012435
internal_weight=4791.83 3755.98 1702.23 382.832 1035.85 1319.4 1113.97 736.627 543.347 346.444 171.645 260.586 52.5886 205.433 101.01 66.0752 2053.74 434.815 122.246 207.998 152.533 55.4649 196.903
internal_count=359702 340510 118997 17976 19192 101021 88348 17317 15693 8907 2991 10191 2425 12673 6205 4101 221513 43779 7785 7766 5792 1974 6786
is_linear=0
shrinkage=0.0107582


Tree=37
num_leaves=24
num_cat=0
split_feature=0 1 4 1 8 1 7 4 8 7 0 6 8 6 8 7 6 7 7 4 6 1 6
split_gain=2903.86 583.322 214.754 201.277 128.905 142.531 124.229 154.239 122.26 134.433 101.089 81.365 149.498 65.6472 103.739 194.906 108.156 53.6222 50.4095 48.5619 46.2084 38.9659 38.5448
threshold=0.050000002607703216 1704.5000000000002 0.0092013892717659491 191.50000000000003 0.045873418450355537 49.500000000000007 9.5000000000000018 0.20144675672054294 0.044755019247531898 14.500000000000002 0.18333333730697635 0.029986129142344001 0.035716535523533828 0.0088977832347154635 1.0000000180025095e-35 9.5000000000000018 0.011551188305020334 1.5000000000000002 2.5000000000000004 0.19679398089647296 0.0046144798398017892 6583.5000000000009 0.010766312945634128
decision_type=2 2 2 2 10 2 10 2 10 10 2 8 10 10 10 8 10 10 10 2 10 2 10
left_child=1 2 11 10 5 -4 7 -6 13 -10 19 20 -13 -3 15 16 -15 21 -5 -2 -1 -16 -22
right_child=3 8 4 18 6 -7 -8 -9 9 -11 -12 12 -14 14 17 -17 -18 -19 -20 -21 22 -23 -24
leaf_value=0.024126081308340475 0.017151523984349191 -0.0040654007265590675 0.015943362614213957 0.018142556397065867 0.044842779844783194 0.0018963313387806064 -0.003304823961403287 0.0089437797057454818 0.0049651745408323756 0.045934469430838003 0.027182963867890861 0.038956899259638189 0.0074341965020713677 0.064593545314348244 0.020058838794132436 -0.0034493812929421463 0.015348470610842324 -0.0020432677151899174 0.0072259268041459934 0.024454114426209355 0.0037150855267419828 -0.003111725452725248 0.013302199829996413
leaf_weight=28.24340549390763 291.74495584331453 1606.8179026748985 91.511180035769939 79.642759617418051 26.586465334519744 967.02419149503112 23.647664219141006 28.919467529281974 52.159011727198958 11.270564942620693 402.99944794364274 37.907995542511344 32.207450338639319 10.403186842799188 22.709994829259813 27.856286810711026 10.247191503643988 567.01252821274102 127.07492582127452 165.05256709642708 81.37768847681582 13.329262532293795 120.27790206950158
leaf_count=1413 4858 176766 2202 2389 941 74851 905 1399 4505 820 2643 1142 996 833 2014 2745 992 58021 6542 2899 4040 1357 4624
internal_value=0.00529576 0.000850977 0.00623622 0.0209638 0.00410102 0.00311075 0.0173436 0.0261403 -0.00248367 0.0122466 0.0232554 0.014333 0.0244779 -0.0028974 -1.69795e-05 0.0151185 0.0401626 -0.00123448 0.011432 0.0197903 0.0112387 0.0114896 0.00943345
internal_weight=4826.02 3759.51 1437.7 1066.51 1137.69 1058.54 79.1536 55.5059 2321.81 63.4296 859.797 300.014 70.1154 2258.38 651.558 48.5067 20.6504 603.052 206.718 456.798 229.899 36.0393 201.656
internal_count=359897 340566 92513 19331 80298 77053 3245 2340 248053 5325 10400 12215 2138 242728 65962 4570 1825 61392 8931 7757 10077 3371 8664
is_linear=0
shrinkage=0.0107582


Tree=38
num_leaves=24
num_cat=0
split_feature=0 8 5 4 9 0 5 6 6 9 0 9 0 8 6 8 9 4 9 6 6 4 4
split_gain=3041.36 440.393 460.85 273.301 180.718 138.638 116.702 257.301 344.169 112.048 89.2534 81.4694 69.7872 65.4354 56.8169 144.663 263.238 50.9648 47.3403 45.1826 44.1168 42.8412 42.451
threshold=0.050000002607703216 0.044755019247531898 1.0000000180025095e-35 0.039490740746259696 1.5000000000000002 0.083333335816860213 1.0000000180025095e-35 0.03413654491305352 0.027044888585805896 1.0000000180025095e-35 1.0000000180025095e-35 2.5000000000000004 0.45000000298023229 0.00342481816187501 0.009155080188065769 1.0000000180025095e-35 2.5000000000000004 0.21329861134290698 3.5000000000000004 0.0098027577623724955 0.013218429870903494 0.0092013892717659491 0.02922453731298447
decision_type=2 8 2 2 2 2 2 8 10 2 2 2 2 10 10 10 2 2 2 10 10 2 2
left_child=1 2 14 4 -4 -2 7 8 11 -7 -5 -3 22 -6 -1 16 17 -16 20 -20 -15 -17 -11
right_child=5 6 3 10 13 9 -8 -9 -10 12 -12 -13 -14 18 15 21 -18 -19 19 -21 -22 -23 -24
leaf_value=-0.0045182346892497444 0.014663458623036823 0.038629339365246478 0.024664249873028638 -0.00068433481112816364 -0.0085822013121726083 0.032551422402247308 0.0087564931996733236 0.0032831783183334957 0.082913679066006316 0.016889995990427814 0.0054320637375919753 0.0053198939519794874 0.031015530339569743 0.006906788957872426 0.028566090096247686 0.0089229965424182985 -0.0044908105191784559 0.061439062542248242 0.014060426594945111 -0.0031695657995955079 0.02268888583399721 -0.0029779483411953443 0.022799792171494828
leaf_weight=1545.3783824201673 288.08085625991225 17.502387353219092 109.70763099007308 614.26192816346884 26.080990700982511 129.10595144703984 90.477361951954663 33.43116092775017 16.03502481803298 245.52763203717768 501.62059471476823 16.519187757745385 79.767519570887089 37.988026581704617 10.992025108076634 37.409430203959346 29.122659668326378 10.858565340749918 28.93370695784688 45.018793396651745 44.536881779320538 544.96078449208289 329.59844351001084
leaf_count=170202 9220 1096 3823 55374 1611 1416 3931 2517 624 2879 30001 1223 377 1703 864 2578 2733 959 1959 2619 1301 55349 5267
internal_value=0.00506148 0.000504881 -0.000305882 0.00449076 0.0137517 0.0210459 0.0172212 0.0263939 0.0418278 0.0233911 0.00206517 0.0224578 0.0215851 0.00719352 -0.00340605 -0.00069226 0.0166863 0.0449082 0.00982306 0.00357191 0.0154245 -0.00221343 0.0202769
internal_weight=4832.92 3760.84 3586.87 1408.15 292.266 1072.08 173.965 83.4878 50.0566 784 1115.88 34.0216 654.894 182.558 2178.72 633.343 50.9733 21.8506 156.477 73.9525 82.5249 582.37 575.126
internal_count=359626 340467 331076 98391 13016 19159 9391 5460 2943 9939 85375 2319 8523 9193 232685 62483 4556 1823 7582 4578 3004 57927 8146
is_linear=0
shrinkage=0.0107582


Tree=39
num_leaves=24
num_cat=0
split_feature=0 5 8 4 6 6 0 0 0 6 8 6 4 7 8 6 6 6 8 5 7 7 7
split_gain=2775.45 355.114 392.149 258.158 151.146 200.953 124.62 91.5474 56.9445 53.6458 183.69 209.598 35.1053 34.6893 33.0653 52.4981 59.444 39.6692 142.202 39.3947 26.982 26.7537 26.0499
threshold=0.050000002607703216 1.0000000180025095e-35 0.044755019247531898 0.051388889551162727 0.034713298082351692 0.027044888585805896 0.31666667759418493 1.0000000180025095e-35 0.083333335816860213 0.0097258980385959166 1.0000000180025095e-35 0.012588235549628736 0.23329860717058185 103.50000000000001 0.020040160045027736 0.017395966686308387 0.012050881981849672 0.022330464795231823 0.032800657674670226 8.5000000000000018 6.5000000000000009 6.5000000000000009 30.500000000000004
decision_type=2 2 10 2 10 10 2 2 2 8 8 10 2 10 10 10 10 10 10 2 10 8 10
left_child=1 2 9 14 5 -4 8 -5 21 -1 11 -11 -13 -12 15 16 19 -16 -19 22 -9 -2 -3
right_child=6 3 4 7 -6 -7 -8 20 -10 10 13 12 -14 -15 17 -17 -18 18 -20 -21 -22 -23 -24
leaf_value=-0.0041419840404910493 0.0220474983759128 0.0052005456932128708 0.017028942709221756 -0.0006171634832397684 0.0017520624911930623 0.061772631110995707 0.027206054443527441 0.01034733112901629 0.020039933695194044 0.050600886752482831 -0.0024789319720437582 -0.0082122585075470479 0.015627542758206374 0.01659292144493445 0.008067230957885441 -0.001148423814457874 0.024968895001042719 0.037761958448239479 0.0083784583666691691 0.022084434696383461 0.0042317717894974254 0.012872357912862212 0.019281009786056999
leaf_weight=1585.0654623219743 43.165096547454596 104.68126059416682 35.440747356973588 638.30526827368885 30.962925866246223 17.282241720706224 217.45710420235991 103.15835993550718 587.9442689139396 16.798813617788255 529.38144901301712 15.506971091963353 13.259050473570822 11.270136526785789 34.452601098455489 37.431427696719766 37.235907576978207 35.456574209965765 41.227834234945476 24.921927506104112 438.14393293112516 248.96326288022101 17.789979900233448
leaf_count=175066 1287 5656 2336 56951 2348 710 1221 5353 8863 1239 52772 1475 1285 917 1291 1550 1444 1098 1349 1034 26005 7954 1270
internal_value=0.00485788 0.000472394 -0.00223282 0.00450475 0.0206189 0.0316982 0.019913 0.00214278 0.0181109 -0.0031136 -0.000332968 0.0204105 0.00277663 -0.00208128 0.0128667 0.0104689 0.0128241 0.0176573 0.0219654 0.00975555 0.00539729 0.0142283 0.00724626
internal_weight=4865.3 3767.77 2254.97 1512.81 83.6859 52.723 1097.53 1179.61 880.073 2171.28 586.216 45.5648 28.766 540.652 333.198 222.061 184.629 111.137 76.6844 147.393 541.302 292.128 122.471
internal_count=360474 341149 238148 103001 5394 3046 19325 88309 18104 232754 57688 3999 2760 53689 14692 10954 9404 3738 2447 7960 31358 9241 6926
is_linear=0
shrinkage=0.0107582


Tree=40
num_leaves=24
num_cat=0
split_feature=2 1 2 6 9 9 1 8 5 1 1 6 1 1 8 9 6 1 8 6 2 9 6
split_gain=2654.78 314.035 284.775 145.17 104.999 100.541 84.7418 80.0128 111.324 73.3733 98.2505 70.4683 69.5706 90.8275 59.6345 49.2556 59.7202 58.0292 41.1183 99.7327 38.1201 36.6587 33.6795
threshold=22.500000000000004 2520.5000000000005 4.5000000000000009 0.012588235549628736 4.5000000000000009 3.5000000000000004 805.50000000000011 0.055698657408356674 1.5000000000000002 10.500000000000002 15.500000000000002 0.0088977832347154635 1602.5000000000002 1381.5000000000002 0.018592592328786853 3.5000000000000004 0.007408867124468089 49.500000000000007 1.0000000180025095e-35 0.011466799303889276 36.500000000000007 1.0000000180025095e-35 0.026440672576427463
decision_type=2 2 2 10 2 2 2 10 2 2 2 10 2 2 10 2 10 2 10 10 2 2 10
left_child=2 3 9 20 7 6 -5 8 -4 -1 -11 -3 13 21 15 16 -12 -17 19 -13 -2 -8 -23
right_child=1 11 4 5 -6 -7 12 -9 -10 10 14 18 -14 -15 -16 17 -18 -19 -20 -21 -22 22 -24
leaf_value=0.025055073041629107 0.0048814906199153869 -0.00497406570309019 0.0018782085988250266 0.001521983093016177 0.0037853229198489616 0.0015337146099862282 0.028225173676320676 0.028062557515484574 0.014172201392055196 0.0089867359611104907 0.011716261036501668 0.032057349350574922 0.006677769597734578 0.039231063131018706 0.02376945916417364 0.019107662694854775 0.024703368046545111 0.0050768852589825565 -0.0013298112769871506 -0.0025371642261354604 -0.00055716419872070229 0.0064194173802853667 0.02099723817878547
leaf_weight=222.4259173758328 198.91838279459625 1398.8295880910009 103.1310224281624 54.496903385967016 184.28808307927102 133.00396451447159 23.679291967302561 38.402855951339006 491.62115872371942 117.46445165760815 61.536053322255611 14.914447892457245 54.129695327021182 25.863406961783767 247.02119496464729 65.88105955440551 122.72901912406087 70.760893632657826 548.37891635857522 27.287960850633681 596.2558329096064 41.552604186348617 32.840909229591489
leaf_count=1484 15022 157510 6432 3102 9995 10741 1233 1157 18606 1391 1546 1157 4678 1350 2868 1371 1897 2285 56008 2684 53785 2475 1464
internal_value=0.00481117 -0.00106386 0.0155383 0.00338303 0.0109322 0.00899423 0.0132609 0.0130123 0.0120404 0.0196859 0.0179434 -0.00365844 0.0168534 0.0212975 0.0197958 0.0167369 0.0203665 0.011842 -0.000542302 0.00969 0.000803366 0.0165671 0.0128553
internal_weight=4875.41 3150.15 1725.26 1160.74 817.443 365.567 232.563 633.155 594.752 907.819 685.393 1989.41 178.066 123.936 567.928 320.907 184.265 136.642 590.581 42.2024 795.174 98.0728 74.3935
internal_count=360241 311209 49032 93850 36190 25043 14302 26195 25038 12842 11358 217359 11200 6522 9967 7099 3443 3656 59849 3841 68807 5172 3939
is_linear=0
shrinkage=0.0107582


Tree=41
num_leaves=24
num_cat=0
split_feature=1 1 7 3 8 1 6 2 7 2 1 7 1 3 6 7 8 8 7 6 3 1 6
split_gain=2629.52 344.746 202.126 155.142 129.934 68.6315 66.0155 64.889 56.1944 65.6645 46.0474 45.3755 43.956 41.1649 37.7555 37.6964 50.2864 35.4597 34.9366 32.6311 31.2832 25.3314 24.2527
threshold=349.50000000000006 1539.5000000000002 127.50000000000001 1.5000000000000002 0.044088352471590049 6583.5000000000009 0.031267929822206504 4.5000000000000009 127.50000000000001 2.5000000000000004 1262.5000000000002 17.500000000000004 27.500000000000004 4.5000000000000009 0.0049151068087667235 56.500000000000007 0.062083953991532333 0.043653544038534171 7.5000000000000009 0.022330464795231823 4.5000000000000009 6418.5000000000009 0.0046144798398017892
decision_type=2 2 8 2 10 2 10 2 8 2 2 10 2 2 10 8 10 10 10 10 2 2 10
left_child=3 2 4 15 -2 14 -6 8 9 11 22 19 -10 -11 -3 16 -1 -7 -9 -5 -20 -16 -4
right_child=1 5 10 7 6 17 -8 18 12 13 -12 -13 -14 -15 21 -17 -18 -19 20 -21 -22 -23 -24
leaf_value=0.0095530750068472826 0.00092327447441105663 -0.0039734416133854799 0.021742172371639362 0.018615597385563724 0.029269129110845855 -0.0050675764188372078 0.0047180517602621848 0.018156418939188977 0.010725322191316725 0.022960475359555314 0.024421875585424024 0.030937763975739427 0.020426564878469028 0.0099826516606950494 -0.00019253025332989715 0.015696311995341272 0.026522603029605848 0.0097542796924431543 0.014823891698331313 0.025999182364227231 0.00032248679179379999 0.012918698189581315 0.010032113447594677
leaf_weight=375.7007845826447 716.84762728679925 381.22653208207339 23.359118049964309 126.88775326497853 29.167864113114774 1057.0720478072762 22.419742526486516 68.66445510648191 94.675165642052889 50.22014918923378 38.269055349752307 105.22942762821913 126.02876751124859 64.787969846278429 896.57973521295935 266.60821401886642 21.358513692393899 19.014893127605319 33.247996311634779 152.69782621599734 35.706757938489318 17.382779572159052 165.54808136355132
leaf_count=16599 57282 41258 1182 1499 1175 118895 1306 1332 722 1084 1151 809 1382 1249 91376 7328 634 1522 1031 1016 1125 1845 6898
internal_value=0.00473747 -0.00056706 0.0047457 0.0164733 0.00211005 -0.00279769 0.0186002 0.0194941 0.020787 0.0227836 0.0136608 0.0249154 0.0162652 0.0156501 -0.00112942 0.0125672 0.0104661 -0.00480564 0.0127245 0.0226484 0.00731498 5.68743e-05 0.0114804
internal_weight=4888.7 3366.89 995.611 1521.81 768.435 2371.28 51.5876 858.146 720.527 499.823 227.176 384.815 220.704 115.008 1295.19 663.668 397.059 1076.09 137.619 279.586 68.9548 913.963 188.907
internal_count=359700 323890 68994 35810 59763 254896 2481 11249 7761 5657 9231 3324 2104 2333 134479 24561 17233 120417 3488 2515 2156 93221 8080
is_linear=0
shrinkage=0.0107582


Tree=42
num_leaves=24
num_cat=0
split_feature=0 4 8 0 0 5 6 5 4 3 6 8 4 4 6 6 6 8 8 5 8 6 3
split_gain=2547.76 344.516 213.354 226.289 168.392 118.707 115.223 107.67 97.536 69.5608 62.77 72.7315 74.1107 155.668 57.9338 49.1939 36.8924 39.5022 33.042 27.997 27.3598 26.3757 25.189
threshold=0.050000002607703216 0.0092013892717659491 0.044755019247531898 1.0000000180025095e-35 0.25000000745058065 1.0000000180025095e-35 0.034713298082351692 1.5000000000000002 0.22174768894910815 2.5000000000000004 0.0079130814410746115 1.0000000180025095e-35 0.19054397940635684 0.23906250298023227 0.0088582760654389876 0.035212852060794837 0.0063019196968525657 0.0041422247886657724 0.024080277420580391 1.0000000180025095e-35 0.015686515718698505 0.012588235549628736 5.5000000000000009
decision_type=2 2 10 2 2 2 10 2 2 2 10 10 2 2 8 10 10 10 10 2 10 10 2
left_child=1 7 3 10 9 6 8 14 -4 -2 -3 12 -12 -14 -1 16 -9 -18 21 -13 22 -19 -11
right_child=4 2 5 -5 -6 -7 -8 15 -10 20 11 19 13 -15 -16 -17 17 18 -20 -21 -22 -23 -24
leaf_value=-0.0022101419656198051 0.013655756296626827 -0.003726605266028039 0.042468880825864183 0.0052164573142176483 0.025294332332343253 0.0018989222686609122 0.0033324031145803997 0.023181662288100004 0.011975036213063985 0.021354129555162693 -0.0054003839902909178 -0.0023454051026691584 0.042140299510392352 0.0037505292030379006 0.0098034783554763107 0.026367622986808545 0.00074332147626325401 0.011430636814951742 0.0057860551564256025 0.0018596806424033652 0.022988616042275735 0.024046187843070846 0.012326948365023098
leaf_weight=92.70363486930728 484.6712040361017 1680.527140667662 31.238028771243989 533.31900359597057 335.82810172066092 71.448913655243814 27.580407637171447 32.031949446536601 19.860821526497602 68.618631090968847 26.39179633371532 664.81843165215105 18.319630609825253 36.736267149448395 93.125749930739403 36.241817846894264 36.671871304512024 38.57871478702873 41.469082911498845 252.97577359713614 174.74587025307119 38.164396432228386 74.78179575689137
leaf_count=8221 13594 181531 1368 30867 1927 3233 2212 1549 1548 1007 2415 69293 1625 3412 4839 934 1486 1643 1408 21763 1549 1262 1043
internal_value=0.00479351 0.000536179 -0.000597592 -0.00118331 0.0188975 0.0119378 0.0210538 0.00985943 0.0306181 0.0162216 -0.00245697 -0.000321692 0.00942126 0.0165261 0.00381037 0.0148965 0.012672 0.010498 0.0135241 -0.00118634 0.0201303 0.017705 0.0166469
internal_weight=4910.85 3772.2 3363.22 3213.09 1138.65 150.128 78.6793 408.987 51.0989 802.818 2679.77 999.242 81.4477 55.0559 185.829 223.158 186.916 154.884 118.212 917.794 318.146 76.7431 143.4
internal_count=359729 340609 319267 310906 19120 8361 5128 21342 2916 17193 280039 98508 7452 5037 13060 8282 7348 5799 4313 91056 3599 2905 2050
is_linear=0
shrinkage=0.0107582


Tree=43
num_leaves=24
num_cat=0
split_feature=2 1 6 7 8 7 9 8 9 7 9 8 2 6 8 9 9 7 6 6 7 7 9
split_gain=2368.32 229.161 204.427 150.688 140.929 119.162 189.648 100.826 184.931 232.001 93.1191 90.8969 74.257 65.5354 51.0329 43.6453 43.373 97.4428 62.8812 40.5371 38.6892 37.6335 46.8722
threshold=22.500000000000004 86.500000000000014 0.0088977832347154635 81.500000000000014 0.11117889359593393 130.50000000000003 4.5000000000000009 1.0000000180025095e-35 2.5000000000000004 11.500000000000002 3.5000000000000004 0.036072287708520896 190.50000000000003 0.029487091116607193 0.034574711695313461 1.5000000000000002 3.5000000000000004 1.0000000180025095e-35 0.0087724206969141977 0.035499714314937598 3.5000000000000004 1.5000000000000002 1.5000000000000002
decision_type=2 2 10 8 10 8 2 10 2 10 2 10 2 8 10 2 2 10 10 10 10 10 2
left_child=1 13 12 4 7 11 15 8 9 -4 -5 -3 21 14 16 -7 18 -18 -1 -13 -15 22 -2
right_child=2 5 3 10 -6 6 -8 -9 -10 -11 -12 19 -14 20 -16 -17 17 -19 -20 -21 -22 -23 -24
leaf_value=0.013506935772802688 0.015457637682657737 0.0061128019445171652 0.071090876618561644 0.016676577359158451 0.029656003582360382 0.024710699699692626 -0.0041201318109377466 -0.00068244371654792128 -0.0026471599038481015 0.00701885278106239 -0.0017335118317293565 0.025759552371025736 -0.0052238387137538292 0.01662305380427145 0.0065009800955687855 0.015391143739416012 0.0013096561360467344 0.017856072279632488 0.023480127697382391 0.010149586282447731 0.024307009757019285 -0.0018256076976534291 5.4249308269293042e-05
leaf_weight=121.33723366633058 33.604946250095963 524.15521655138582 11.593401637859644 124.23220653738827 19.283115300349891 118.45349575765431 44.434196119196713 859.45201158896089 35.146301579661667 15.00500258989632 42.736476863734424 41.93664590921253 1031.8342987531796 112.54374596849084 60.304056284949183 114.30933781061321 57.882842749357224 142.86157239880413 184.38078654929996 35.607686776667833 232.75159732624888 895.79243175126612 71.526042198762298
leaf_count=2130 2016 27478 844 5617 1100 2276 1920 81223 3195 1291 3074 1395 118887 1286 732 2844 999 2801 2142 1125 1977 88440 5388
internal_value=0.00445788 0.0143302 -0.00117263 0.00254623 0.000874127 0.01041 0.0162462 0.000271553 0.0135501 0.0349505 0.0119645 0.00772118 -0.00319868 0.0181079 0.0158568 0.0201341 0.0169707 0.0130852 0.019522 0.0185922 0.0218027 -0.00111096 0.00497821
internal_weight=4931.16 1790.96 3140.21 1107.45 940.48 878.897 277.197 921.197 61.7447 26.5984 166.969 601.7 2032.76 912.062 566.766 232.763 506.462 200.744 305.718 77.5443 345.295 1000.92 105.131
internal_count=360180 49105 311075 96344 87653 37038 7040 86553 5330 2135 8691 29998 214731 12067 8804 5120 8072 3800 4272 2520 3263 95844 7404
is_linear=0
shrinkage=0.0107582


Tree=44
num_leaves=24
num_cat=0
split_feature=0 1 8 0 7 6 8 6 7 1 6 7 8 6 1 1 4 1 1 8 6 1 4
split_gain=2321.73 543.231 174.365 129.559 107.252 90.2583 87.4284 83.2457 141.427 75.4873 72.5087 62.1179 69.6311 217.266 58.5469 46.5569 44.4584 43.948 42.6108 37.2377 69.2913 31.3203 34.1992
threshold=0.050000002607703216 1769.5000000000002 0.018592592328786853 0.21666666865348819 124.00000000000001 0.025716659612953666 0.024032085202634338 0.03413654491305352 9.5000000000000018 27.500000000000004 0.0098027577623724955 81.500000000000014 1.0000000180025095e-35 0.011466799303889276 37.500000000000007 4528.5000000000009 0.11207175627350809 9029.5000000000018 1262.5000000000002 0.011496719904243948 0.011440626811236145 349.50000000000006 0.22390045970678332
decision_type=2 2 8 2 8 8 8 10 8 2 10 10 10 10 2 2 2 2 2 10 10 2 2
left_child=1 2 4 14 9 -4 -7 8 -8 -1 15 12 13 -12 16 -3 -2 -14 -6 20 -16 22 -11
right_child=3 10 5 -5 18 6 7 -9 -10 21 11 -13 17 -15 19 -17 -18 -19 -20 -21 -22 -23 -24
leaf_value=0.014248971574484716 0.013948037232834347 -0.0015510872811516198 0.0057610396108345834 0.022722057353977913 0.0080903174884869467 0.035792957006144051 0.037561912566063338 0.008267882594951129 0.0083151026522971325 0.00085190055233990683 0.048322471881523575 0.018688039715823973 0.00031461098360188408 -0.0033955694239623563 0.013751329676926716 -0.0054199081891341573 0.023253004459181603 -0.0064540537601562161 0.021296294847071334 0.016145320320306973 0.0016918968750775187 -0.00031784230138499138 0.0092035813255947844
leaf_weight=52.136378893628716 99.415036858990788 541.8001346224919 175.56901092175394 399.45495569333434 172.63931389153004 23.308168184012175 37.324212845414877 122.43650659639388 39.27109591756016 138.14258080068976 13.604701010510324 20.265606156550348 426.89128213189542 30.412025468423963 201.22257718909532 1072.9061259478331 147.82866100594401 150.04262105282396 33.817462095990777 254.64899430423975 75.962787020020187 635.53797875158489 96.308990453369915
leaf_count=934 1017 58269 9121 2366 7427 858 1509 5345 1517 7711 906 1746 42116 2936 6782 123890 1233 15907 1431 5899 1996 54136 5291
internal_value=0.0045556 0.000447419 0.00540376 0.0177405 0.00324478 0.0115272 0.0160803 0.0137713 0.0225677 0.0016755 -0.00290634 0.000154331 -0.000450628 0.0125916 0.0151862 -0.00412177 0.0195117 -0.00144573 0.0102537 0.0131752 0.0104465 0.000921961 0.00428271
internal_weight=4960.95 3782.41 1526.49 1178.53 1128.58 397.909 222.34 199.032 76.5953 922.126 2255.92 641.216 620.951 44.0167 779.078 1614.71 247.244 576.934 206.457 531.834 277.185 869.99 234.452
internal_count=360343 341050 95280 19293 76930 18350 9229 8371 3026 68072 245770 63611 61865 3842 16927 182159 2250 58023 8858 14677 8778 67138 13002
is_linear=0
shrinkage=0.0107582


Tree=45
num_leaves=24
num_cat=0
split_feature=1 0 1 9 1 6 9 0 8 8 9 6 9 1 1 6 6 1 3 8 6 3 6
split_gain=2117.36 307.438 296.614 173.893 100.921 99.7914 69.6148 69.4613 64.2903 50.2957 59.6784 53.0641 42.4996 62.1328 42.2612 49.1794 84.0167 58.4538 40.2309 66.0381 46.1952 45.5319 40.1697
threshold=370.50000000000006 0.083333335816860213 2520.5000000000005 3.5000000000000004 10.500000000000002 0.0088977832347154635 1.0000000180025095e-35 0.41666667163372045 0.07345976680517198 0.043653544038534171 2.5000000000000004 0.025716659612953666 4.5000000000000009 49.500000000000007 1012.5000000000001 0.0038591725751757626 0.0049151068087667235 637.50000000000011 8.5000000000000018 0.055698657408356674 0.042037954553961761 1.0000000180025095e-35 0.040072992444038398
decision_type=2 2 2 2 2 10 2 2 10 10 2 10 2 2 2 10 10 2 2 10 10 2 10
left_child=1 4 3 5 -1 14 -3 12 22 -4 11 -11 -8 -14 15 -2 17 -17 19 20 21 -6 -7
right_child=2 6 9 -5 18 8 7 -9 -10 10 -12 -13 13 -15 -16 16 -18 -19 -20 -21 -22 -23 -24
leaf_value=0.020842902169853388 -0.0020481711092065849 0.026251857232824947 -0.0032899184893907269 -0.0012436261851754581 0.0060298284066163596 0.010350841186386949 0.018133910502408798 0.02587127982634594 0.026487441638079846 0.034433713190569773 -0.0029570057386137071 0.0044859113009632599 0.01805918839395124 0.0044563079957966661 0.00015208940971421508 0.011391926198281666 0.0058385578608488378 0.041787678745279062 0.00060418609947792464 0.022273234890393488 -0.0038358056470633455 0.012211546482938585 -0.0021422392708682352
leaf_weight=85.891500025987625 51.244267570786178 136.41746574826539 1898.605913172476 539.68240348529071 274.25018180254847 346.54140997119248 440.53946081362665 106.15812136232853 26.902134230360389 12.75874834507704 33.896013718098402 14.779104650020598 81.802188102155924 74.039789667353034 252.69517369940877 14.788094227202238 104.76758822798729 14.507989208213983 67.717687029391527 42.543839141726494 33.701406781561673 277.40290825348347 32.588018154725432
leaf_count=816 3752 1259 212150 45451 14359 21333 4738 461 994 878 2994 1182 673 1653 22907 893 7326 1067 1891 1098 1174 9032 1905
internal_value=0.00460347 0.0146962 -0.000287708 0.00352581 0.00984098 0.00657543 0.0192189 0.0178531 0.0104175 -0.00297992 0.00660032 0.0183634 0.0164257 0.0115967 0.00301378 0.00691606 0.0103425 0.0264471 0.00848243 0.00933208 0.0083914 0.0091384 0.00927699
internal_weight=4964.22 1620.46 3343.76 1383.72 781.508 844.035 838.957 702.54 406.032 1960.04 61.4339 27.5379 596.381 155.842 438.003 185.308 134.064 29.2961 695.616 627.898 585.354 551.653 379.129
internal_count=359986 37154 322832 105628 28370 60177 8784 7525 24232 217204 5054 2060 7064 2326 35945 13038 9286 1960 27554 25663 24565 23391 23238
is_linear=0
shrinkage=0.0107582


Tree=46
num_leaves=24
num_cat=0
split_feature=1 1 5 7 9 1 8 5 9 7 1 7 2 5 2 8 1 9 8 7 5 2 7
split_gain=2208.76 283.476 215.359 195.551 132.529 123.765 117.101 225.919 77.9296 168.937 109.378 90.6748 120.229 71.8693 68.8045 46.6328 44.8243 53.4855 43.7999 67.2746 38.9214 35.9235 30.0902
threshold=423.50000000000006 2558.5000000000005 3.5000000000000004 1.0000000180025095e-35 3.5000000000000004 10.500000000000002 0.044755019247531898 1.0000000180025095e-35 4.5000000000000009 81.500000000000014 49.500000000000007 135.50000000000003 2.5000000000000004 32.500000000000007 2.5000000000000004 0.055698657408356674 1443.5000000000002 1.0000000180025095e-35 0.044755019247531898 12.500000000000002 1.5000000000000002 384.50000000000006 6.5000000000000009
decision_type=2 2 2 10 2 2 10 2 2 8 2 8 2 2 2 8 2 2 10 8 2 2 10
left_child=2 3 15 4 16 -4 -5 -8 11 10 -10 14 -13 -14 -7 20 17 -2 21 22 -1 -3 -20
right_child=1 18 5 6 -6 8 7 -9 9 -11 -12 12 13 -15 -16 -17 -18 -19 19 -21 -22 -23 -24
leaf_value=0.0028462060048608504 0.025558769245279781 -0.0021215816775954619 0.024062430062939094 0.00069487931486073668 -0.0008834804098911145 0.018963165049144089 0.04444742970595511 0.0011544464281474473 0.026680707025627675 -0.0031205255981766665 0.0092848942959308459 0.011938991112650907 0.020488726078807949 0.032345859056118205 0.010707169260374891 0.020815874403266599 0.030134869343537415 0.010748870495441928 0.01415625918259502 0.029209087852036242 0.0099362164563835398 -0.0051702499889898796 -0.0058886812189304352
leaf_weight=174.30244343541563 39.921386785805225 1161.7002110984176 218.24955677241087 1033.279392532073 61.668290303088725 185.51137145608664 21.15730363316834 40.946473000571132 66.859299702569842 78.714867614209652 111.76577813457698 120.25589609704912 154.65009911544621 95.854452546685934 315.61495725344867 28.382904240861535 27.551264462061226 96.333602782338858 12.378278186544774 11.842854822985826 184.44249325059354 727.47104383725673 28.894236866384745
leaf_count=9090 1081 127670 1117 89965 3964 1803 810 2371 682 1926 4164 1034 2692 775 10049 766 1295 3177 1046 784 7510 84154 2347
internal_value=0.00480467 -0.000409783 0.0146141 0.00343532 0.012559 0.0166459 0.00155726 0.0159047 0.0152125 0.0100102 0.0157965 0.0167479 0.0207815 0.0250261 0.0137635 0.00754183 0.0176197 0.0150885 -0.00302466 0.00660995 0.00649146 -0.00329555 0.000123686
internal_weight=4997.75 3263.14 1734.6 1320.86 225.475 1347.48 1095.38 62.1038 1129.23 257.34 178.625 871.887 370.76 250.505 501.126 387.128 163.806 136.255 1942.29 53.1154 358.745 1889.17 41.2725
internal_count=360272 318664 41608 102663 9517 24242 93146 3181 23125 6772 4846 16353 4501 3467 11852 17366 5553 4258 216001 4177 16600 211824 3393
is_linear=0
shrinkage=0.0107582


Tree=47
num_leaves=24
num_cat=0
split_feature=1 1 3 7 1 9 8 6 9 8 6 7 8 7 8 6 6 6 3 1 1 8 1
split_gain=2088.5 311.281 198.037 118.148 99.2148 96.0406 91.5413 104.634 87.5142 78.3715 71.5067 90.4008 104.496 200.942 71.3909 51.143 49.6808 71.3549 47.9573 43.0104 46.7893 40.3151 39.1172
threshold=423.50000000000006 2095.5000000000005 1.5000000000000002 126.50000000000001 10.500000000000002 1.5000000000000002 0.044755019247531898 0.031267929822206504 1.0000000180025095e-35 0.013581043574959041 0.009155080188065769 81.500000000000014 1.0000000180025095e-35 9.5000000000000018 0.0086963097564876097 0.013218429870903494 0.046491613611578948 0.0333157666027546 1.0000000180025095e-35 75.500000000000014 15.500000000000002 0.086370799690485014 144.50000000000003
decision_type=2 2 2 8 2 2 10 10 2 10 10 10 10 8 10 10 10 10 2 2 2 10 2
left_child=2 3 9 6 -4 15 -2 -8 -6 18 -3 12 13 -12 -7 -5 17 22 -1 20 -10 -14 -11
right_child=1 10 4 5 8 14 7 -9 19 16 11 -13 21 -15 -16 -17 -18 -19 -20 -21 -22 -23 -24
leaf_value=0.0047701911866862793 0.001517423802753074 -0.0041898632507311124 0.023975552554977103 0.026028733211147018 0.024014285808159667 -0.0034789090593263863 0.029188469673566825 -0.0016059844293457525 0.0094116058496101877 0.0066394643435446791 0.038916266590244018 0.021813543819785675 -0.0024346829048972757 -0.0059078063633376575 0.012064099338674937 0.0097309265134264845 0.0017388484045671102 0.023912912216869617 0.011761615256769914 0.009412650364226725 0.017711041535006491 0.013227630025657529 0.016028340130416392
leaf_weight=294.51515254192054 869.55097091756761 1464.1849282709882 212.20347516983747 55.103013399988413 120.01969956047833 60.595483435317874 30.201072864234447 22.124510792084038 102.81664910539985 84.957628805190325 21.572176314890385 21.487267145887017 551.67526083160192 24.972243789583445 78.51662673894316 37.424160205759108 33.071191291324794 85.985583166591823 184.81453067623079 172.39022424072027 334.21199100464582 19.697415835224092 129.89126255363226
leaf_count=15307 73502 168425 1071 1991 1460 3389 1130 1352 944 1881 1660 1837 57019 2390 3212 972 960 2159 5148 3927 3914 1490 4704
internal_value=0.00468123 -0.000416298 0.0141424 0.00407496 0.017501 0.0109436 0.00234906 0.0161685 0.0156173 0.0102534 -0.00287911 0.000122422 -0.000631958 0.0148682 0.00529383 0.0194373 0.0142549 0.0156308 0.00746592 0.0139635 0.0157586 -0.00189468 0.0123158
internal_weight=5011.98 3257.11 1754.88 1153.52 941.642 231.639 921.877 52.3256 729.439 813.235 2103.59 639.404 617.917 46.5444 139.112 92.5272 333.906 300.834 479.33 609.419 437.029 571.373 214.849
internal_count=359844 318369 41475 85548 11316 9564 75984 2482 10245 30159 232821 64396 62559 4050 6601 2963 9704 8744 20455 8785 4858 58509 6585
is_linear=0
shrinkage=0.0107582


Tree=48
num_leaves=24
num_cat=0
split_feature=1 1 0 7 9 6 7 7 6 6 9 3 3 9 7 6 9 1 1 6 6 1 7
split_gain=1921.48 373.793 282.491 152.596 105.302 71.5697 67.0876 94.7883 53.3828 59.3008 44.2903 62.0127 38.3317 37.8507 55.1961 46.8014 37.8491 32.8324 31.8015 53.4455 32.6043 31.0576 32.6059
threshold=240.50000000000003 1539.5000000000002 0.083333335816860213 3.5000000000000004 4.5000000000000009 0.0092135793529450911 81.500000000000014 104.50000000000001 0.0092135793529450911 0.0046144798398017892 1.0000000180025095e-35 3.5000000000000004 10.500000000000002 3.5000000000000004 28.500000000000004 0.010299465619027616 4.5000000000000009 9552.5000000000018 1094.5000000000002 0.020040160045027736 0.032415375113487251 2952.5000000000005 9.5000000000000018
decision_type=2 2 2 10 2 10 10 10 10 10 2 2 2 2 8 8 2 2 2 10 10 2 8
left_child=2 3 12 4 8 17 21 -8 9 -2 -4 16 13 15 -15 -1 -12 -3 19 -10 -21 -7 -23
right_child=1 5 10 -5 -6 6 7 -9 18 -11 11 -13 -14 14 -16 -17 -18 -19 -20 20 -22 22 -24
leaf_value=0.0077376652128305903 0.019637886550966353 -0.0027253882438646 0.024565257595804316 0.0024398310877032908 -0.0016705535898396066 0.003319124158750463 0.038368448193718568 -0.003957858308836085 0.021291051042367309 0.0017935602204667757 0.016249925699001088 0.02062101139723236 0.0022507238265231122 0.011122329734474244 -3.2268176156311584e-06 0.015803724546946125 0.0073876203103632309 -0.005982713756545314 0.025863864207841279 -2.115645757349421e-05 0.015213067280357028 0.00054192881515741033 -0.0050705185925825954
leaf_weight=141.44626890402287 31.660439566709101 1082.8917100457475 130.7611835077405 873.85997378081083 62.38782718218863 193.58473743777722 12.584734418429436 11.924048242159186 71.9987662890926 67.5164656015113 232.17061614431441 382.5543659068644 78.723443673923612 131.0450059697032 85.143711216747761 202.40635174605995 73.4204773735255 535.13459760416299 39.470034660771489 31.511312091723084 33.591367192566395 291.69383923243731 203.30081500299275
leaf_count=4798 1443 120302 1021 64143 3905 17521 1026 1002 2380 2972 2568 2479 1757 4513 3280 5110 1259 63883 1013 1011 888 29878 20994
internal_value=0.00424567 -3.16906e-05 0.0146425 0.00481442 0.0109511 -0.00255129 0.000288221 0.0177778 0.0138067 0.00749045 0.0188253 0.0177345 0.00928003 0.0102681 0.0067407 0.0124858 0.0141208 -0.0038027 0.0173543 0.014904 0.00783965 -0.000334361 -0.00176319
internal_weight=5000.78 3543.11 1457.67 1212 338.136 2331.11 713.088 24.5088 275.748 99.1769 818.907 688.145 638.765 560.041 216.189 343.853 305.591 1618.03 176.571 137.101 65.1027 688.579 494.995
internal_count=359146 332361 26785 77755 13612 254606 70421 2028 9707 4415 7327 6306 19458 17701 7793 9908 3827 184185 5292 4279 1899 68393 50872
is_linear=0
shrinkage=0.0107582


Tree=49
num_leaves=24
num_cat=0
split_feature=2 2 2 4 8 3 2 6 6 8 6 7 6 8 6 8 4 6 7 7 2 6 2
split_gain=1949.39 235.043 176.868 149.704 68.7061 64.1424 62.7888 108.248 57.7154 60.458 162.538 74.3826 51.3314 39.8158 39.1925 45.6357 38.5859 38.8219 38.4375 33.0665 31.9259 35.2252 36.888
threshold=24.500000000000004 4.5000000000000009 106.50000000000001 0.02922453731298447 0.015187131240963938 1.5000000000000002 62.500000000000007 0.011379310395568611 0.0098027577623724955 1.0000000180025095e-35 0.011466799303889276 81.500000000000014 0.024896631017327312 0.090160921216011061 0.035857716575264938 0.045873418450355537 0.043726852163672454 0.012206773739308121 17.500000000000004 7.5000000000000009 31.500000000000004 0.024103647097945217 40.500000000000007
decision_type=2 2 2 2 10 2 2 10 10 10 10 10 10 10 10 10 2 10 10 8 2 10 2
left_child=1 5 3 6 16 -1 20 -8 -4 10 -10 13 -5 -11 15 -14 -3 -18 19 -7 -2 22 -22
right_child=2 4 8 12 -6 18 7 -9 9 11 -12 -13 14 -15 -16 -17 17 -19 -20 -21 21 -23 -24
leaf_value=0.010970288698414829 -0.0010705602342400921 0.010445186398390547 -0.0044439810891916051 -0.00078904489659622156 0.012307657305536771 0.020276778952385225 0.0091335797395786112 0.045892955706309739 0.045310703917013563 -0.0026860743709027869 -0.0019152983440521134 0.020845611493527698 0.0067107628364341636 0.014408601678942597 0.00042514972551313562 0.026637667634923569 0.0060538066321126401 -0.002430159113615978 0.022220335509296467 0.014768453643176364 0.016110774104561826 0.019975179326134969 0.0020849547593608554
leaf_weight=229.30387005116791 39.339373912662268 179.27138704899698 1396.6773650292307 808.92334658745676 349.18027233984321 173.02465785108507 25.745454935356975 14.488993888720868 12.125658716075121 460.02227448951453 27.69437656737864 16.929430651478469 46.940433106385171 16.326182530261576 62.013570805080235 18.560202359221876 332.15247716195881 76.870423391461372 155.83745386824012 465.73201773129404 32.749723568558693 31.087526140734553 64.328405447304249
leaf_count=5174 1737 5532 162379 72942 11204 1660 1893 658 764 48005 2686 1396 3643 1202 4750 709 18663 4003 1566 4556 1531 891 2670
internal_value=0.00403946 0.0124194 -0.00130749 0.00204387 0.00852732 0.015983 0.0103059 0.0223735 -0.00329454 -0.000283084 0.0124678 -0.00131247 0.000211002 -0.00210009 0.00655496 0.0123582 0.00628346 0.00445935 0.0174295 0.0162606 0.00740691 0.010009 0.00681697
internal_weight=5035.32 1961.37 3073.95 1144.18 937.475 1023.9 207.739 40.2344 1929.78 533.098 39.82 493.278 936.438 476.348 127.514 65.5006 588.294 409.023 794.594 638.757 167.505 128.166 97.0781
internal_count=360214 52358 307856 91424 39402 12956 9380 2551 216432 54053 3450 50603 82044 49207 9102 4352 28198 22666 7782 6216 6829 5092 4201
is_linear=0
shrinkage=0.0107582


Tree=50
num_leaves=24
num_cat=0
split_feature=0 1 7 2 1 1 7 2 5 4 4 4 4 2 1 4 5 1 4 2 5 7 2
split_gain=1917.35 438.593 127.649 105.695 60.0821 54.7432 51.168 54.1641 45.0124 110.796 44.2825 38.8464 30.3109 30.0652 29.0953 28.6577 26.5443 25.5951 25.1296 24.111 19.2627 18.5915 17.5082
threshold=0.050000002607703216 1539.5000000000002 101.50000000000001 4.5000000000000009 4118.5000000000009 103.50000000000001 68.500000000000014 2.5000000000000004 1.0000000180025095e-35 0.19353009015321734 0.020057871006429199 0.10230324044823648 0.24561342597007754 1.5000000000000002 1321.5000000000002 0.065960649400949492 34.500000000000007 2520.5000000000005 0.0686226822435856 18.500000000000004 9.5000000000000018 4.5000000000000009 384.50000000000006
decision_type=2 2 8 2 2 2 8 2 2 2 2 2 2 2 2 2 2 2 2 2 2 10 2
left_child=1 2 5 6 10 12 13 -8 9 18 17 16 20 -2 -4 -10 -5 -3 -7 21 -1 -17 -6
right_child=3 4 14 11 22 8 7 -9 15 -11 -12 -13 -14 -15 -16 19 -18 -19 -20 -21 -22 -23 -24
leaf_value=0.0085485485185008946 0.022495978087824796 0.015966066299585663 0.0097335738011444222 0.012535392992199999 -0.0025725750802736 0.0088870275376840661 0.011154471526038 0.0206507739854184 0.00948537986979253 0.026470391413832842 -0.00074590043681118734 0.0085808535131759265 0.014827121139031819 0.017109257261220576 0.020087972088883611 0.014101727181892849 0.020662982292911296 0.00086259147870115555 -0.0052900383348695977 -0.00023626874698014469 -0.00019184906295967254 0.0029833913618406765 -0.0049023777422849101
leaf_weight=87.688115455210209 296.41096419468522 29.983157154172659 314.91329912282526 162.96705097146332 768.47613916080445 25.907508295960724 187.33713404461741 110.54361665062606 48.587284728884697 29.696568480692804 782.29617868363857 228.75784093793482 60.785938806831837 201.51554010994732 34.889476743526757 18.960806409828365 65.096377641893923 22.907021095044911 32.772895189933479 558.47383878938854 43.739590583369136 212.04221233073622 726.03493794612586
leaf_count=2812 1517 2179 11746 3776 85778 1273 1490 1089 3289 1594 80507 8089 1631 2470 949 1027 866 2326 2230 45514 940 12383 84860
internal_value=0.00429616 0.000489574 0.00509429 0.0158383 -0.00241288 0.00332057 0.018206 0.0146787 0.00223653 0.0095388 -0.000101768 0.0117135 0.00854538 0.020316 0.0107665 0.00146645 0.0148555 0.00942508 0.000969293 0.000972899 0.00563977 0.00389615 -0.0037044
internal_weight=5050.78 3798.15 1468.46 1252.63 2329.7 1118.65 795.807 297.881 926.441 88.377 835.186 456.821 192.214 497.927 349.803 838.064 228.063 52.8902 58.6804 789.477 131.428 231.003 1494.51
internal_count=360335 341038 85388 19297 255650 72693 6566 2579 67310 5097 85012 12731 5383 3987 12695 62213 4642 4505 3503 58924 3752 13410 170638
is_linear=0
shrinkage=0.0107582


Tree=51
num_leaves=24
num_cat=0
split_feature=0 2 7 9 0 9 7 6 2 7 7 2 6 6 9 2 6 6 5 2 7 2 9
split_gain=1901.67 422.537 113.559 90.786 85.2662 58.2058 84.7693 57.61 53.3621 49.6798 48.3178 46.3081 39.6904 42.9901 39.435 37.6787 37.6502 34.5249 117.145 33.9093 32.3331 30.265 28.867
threshold=0.050000002607703216 64.500000000000014 99.500000000000014 4.5000000000000009 0.25000000745058065 3.5000000000000004 128.50000000000003 0.0088977832347154635 1.5000000000000002 81.500000000000014 104.50000000000001 2.5000000000000004 0.010680926963686945 0.0046144798398017892 4.5000000000000009 45.500000000000007 0.006416609277948738 0.017149392515420917 1.0000000180025095e-35 393.50000000000006 9.5000000000000018 106.50000000000001 2.5000000000000004
decision_type=2 2 8 2 2 2 8 10 2 10 10 2 8 10 2 2 10 10 2 2 10 2 2
left_child=1 2 8 12 5 16 11 19 -1 20 -11 -7 13 -4 -8 -14 -2 -10 -19 -3 22 -22 -9
right_child=4 7 3 -5 -6 6 14 9 17 10 -12 -13 15 -15 -16 -17 -18 18 -20 -21 21 -23 -24
leaf_value=0.011004219430581505 0.010106876546679707 -0.0026669869617819033 0.017907717401690507 -0.0026568808481071448 0.019821958985687851 0.019537916156492783 0.0093450906776558536 0.0041320259302438395 0.0011769737846063822 0.028361430836247436 -0.00092920822953263254 0.0096007872490236467 0.012986303361415681 0.0026334932554409407 -0.0040864608723736092 0.025076413662489253 0.01712633787647912 0.021347727370150029 0.0025170119769515383 -0.0060074647696212397 0.0032213527726562977 -0.0055101002155453459 -0.00136404642657319
leaf_weight=90.145460402593017 109.73765989020467 1047.510034346953 29.978233623318374 54.816577692516148 370.40567433089018 93.572295885533094 45.902359072118998 199.67778884805739 753.6199186546728 13.684786690399052 12.443952769972382 129.26981301419437 156.99363028630614 73.888902715407312 56.358278496190906 36.837887738831341 455.97583585605025 45.745503404177725 232.84350328054279 529.48826283682138 58.630350166000426 212.33971979096532 247.94100691284984
leaf_count=1344 2834 117342 1297 3354 1939 802 750 19005 55811 1068 1033 4449 4194 3023 1441 776 6982 1856 13500 64193 5307 22291 25145
internal_value=0.00403863 0.000236515 0.00473952 0.0100661 0.0154839 0.01368 0.0100523 -0.00262402 0.0030665 -0.000157959 0.0144131 0.0137736 0.0124088 0.00704233 0.00194274 0.0152844 0.0157648 0.00237325 0.00560929 -0.00378858 -0.000687834 -0.00362084 0.0010877
internal_weight=5057.81 3796.59 1474.87 352.515 1261.22 890.816 325.103 2321.72 1122.35 744.718 26.1287 222.842 297.699 103.867 102.261 193.832 565.713 1032.21 278.589 1577 718.589 270.97 447.619
internal_count=359736 340539 85155 12644 19197 17258 7442 255384 72511 73849 2101 5251 9290 4320 2191 4970 9816 71167 15356 181535 71748 27598 44150
is_linear=0
shrinkage=0.0107582


Tree=52
num_leaves=24
num_cat=0
split_feature=2 1 4 2 9 9 7 1 1 6 9 4 6 6 6 9 9 4 6 4 1 6 6
split_gain=1749.95 270.987 154.883 149.982 96.8217 84.3279 103.137 63.8111 59.781 64.4884 59.8186 116.076 54.5384 111.324 44.1416 40.784 74.6929 51.0038 107.309 57.3049 37.0662 49.7085 91.8331
threshold=18.500000000000004 2520.5000000000005 0.070474538952112212 4.5000000000000009 3.5000000000000004 4.5000000000000009 130.50000000000003 10.500000000000002 15.500000000000002 0.0088007268495857733 4.5000000000000009 0.14123842865228656 0.027044888585805896 0.030632242560386661 0.0088977832347154635 2.5000000000000004 1.5000000000000002 0.23906250298023227 0.011466799303889276 0.16200231760740283 709.50000000000011 0.0046144798398017892 0.012050881981849672
decision_type=2 2 2 2 2 2 8 2 2 8 2 2 10 10 10 2 2 2 10 2 2 10 10
left_child=3 2 4 7 20 6 -5 -1 -9 -10 -11 -12 -4 -14 -3 16 -16 18 -18 -20 -2 -22 -23
right_child=1 14 12 5 -6 -7 -8 8 9 10 11 -13 13 -15 15 -17 17 -19 19 -21 21 22 -24
leaf_value=0.019634463771790511 0.006921401608647469 -0.0044692330024594462 -5.6635710277559535e-05 0.0073111119765142379 0.00041232874697011754 0.0021607061019081625 0.016507696765588668 0.0068416917472725637 0.0086558292533690483 0.018911267823506606 -0.0001858487699061661 0.020222087699959625 0.025697590589958526 0.0020016741555009044 -0.0020049043717379799 -0.00351089954266476 0.039264231713965973 0.0008620340466215544 0.020712376223011357 -0.0065034908983475385 0.030806917990002364 0.0037773252167779886 0.022238108368031296
leaf_weight=263.0820021443069 67.569383134134114 1331.2499447641894 879.65884665958583 383.46555022429675 92.955724550411105 171.92902245279402 223.34174427390099 129.83304710686207 149.98254106286913 368.611805960536 62.162167687900364 67.047256819903851 29.707172849215567 100.80106220487505 172.56358909700066 320.47545869089663 16.895528678782284 40.516971074044704 17.009189495816827 18.902193975634873 23.722914347425103 57.285124209709466 68.457496849820018
leaf_count=1507 2414 157004 76727 16573 6467 8306 4196 1366 3378 4253 1278 1017 1464 7350 17480 33638 1500 4016 1575 1798 1293 3049 1902
internal_value=0.00394042 -0.00080357 0.00294752 0.0123825 0.00959946 0.00881165 0.0106961 0.0150544 0.0135048 0.0148402 0.0167033 0.0104041 0.000906218 0.00739595 -0.00338597 -0.000926557 0.00218837 0.0099419 0.0169081 0.00638776 0.0135342 0.0165235 0.0138281
internal_weight=5057.23 3237.77 1320.16 1819.46 309.991 778.736 606.807 1040.72 777.637 647.804 497.821 129.209 1010.17 130.508 1917.61 586.363 265.887 93.3239 52.8069 35.9114 217.035 149.466 125.743
internal_count=359551 317677 100666 41874 15125 29075 20769 12799 11292 9926 6548 2295 85541 8814 217011 60007 26369 8889 4873 3373 8658 6244 4951
is_linear=0
shrinkage=0.0107582


Tree=53
num_leaves=24
num_cat=0
split_feature=1 3 1 4 1 8 5 7 5 8 3 8 1 1 7 1 8 7 1 8 1 7 3
split_gain=1587.87 200.803 189.941 131.024 80.8607 54.2092 171.059 53.2782 56.7635 54.7657 52.959 39.3665 58.595 66.445 34.5248 36.0616 34.1571 43.8781 34.9471 32.3093 48.1049 31.775 30.136
threshold=589.50000000000011 1.5000000000000002 2520.5000000000005 0.074895832687616362 10.500000000000002 0.044088352471590049 1.0000000180025095e-35 130.50000000000003 8.5000000000000018 0.040080320090055473 1.0000000180025095e-35 0.0079370080493390577 15.500000000000002 27.500000000000004 56.500000000000007 61.500000000000007 0.044755019247531898 13.500000000000002 9691.5000000000018 0.013581043574959041 1262.5000000000002 6.5000000000000009 7.5000000000000009
decision_type=2 2 2 2 2 10 2 8 2 10 2 10 2 2 8 2 10 8 2 10 2 10 2
left_child=1 7 3 19 -3 -5 -7 9 -9 10 -1 22 -13 -14 15 -15 18 21 -4 -2 -21 -18 -6
right_child=2 4 16 5 11 6 -8 8 -10 -11 -12 12 13 14 -16 -17 17 -19 -20 20 -22 -23 -24
leaf_value=0.0034259067794812996 0.0063052133132498302 0.020775392319131246 -0.0021307971452673865 -0.0001341343538814838 0.011613985941629211 0.037442586627443597 -0.0023006204338071497 0.0071294220561881408 0.0159286220669945 0.015358805870370227 0.010107080365534213 0.0071745919441999545 0.023365235988650288 0.016117094582430162 0.01757585637889704 0.0066923523291786118 0.014140731503815063 0.023611935210854525 -0.0052031560062151877 0.0084847515751620625 0.024118297503269739 -0.0059561714142870531 0.0019489536837268176
leaf_weight=449.34687365684658 161.26793525740504 211.47310580313206 1201.0544741526246 815.39203302003443 138.25687539577484 18.644589978270233 38.232868301682174 165.96373765263706 173.63139601610601 71.994215877726674 197.74003040976822 99.67161612585187 114.94167394191027 83.926552092656493 163.71887028776109 106.77090056054294 13.210548277013002 11.96514641586691 666.1604928439483 63.242017775774002 35.606965858489275 29.285920196212828 51.15480337664485
leaf_count=26134 9555 1017 134520 73125 2547 751 2339 5358 2930 2139 5324 848 635 1122 1690 2237 1099 778 79420 2351 1340 2380 1039
internal_value=0.00397828 0.0113564 -0.000922439 0.0025726 0.0148926 0.000574215 0.0107286 0.00811655 0.0116285 0.00645797 0.00546761 0.0132523 0.0146664 0.0162573 0.0139519 0.0108404 -0.00298196 0.00541614 -0.00322692 0.00927386 0.0141167 0.000291737 0.0090038
internal_weight=5082.65 2028.59 3054.06 1132.39 969.914 872.269 56.8775 1058.68 339.595 719.081 647.087 758.441 569.03 469.358 354.416 190.697 1921.68 54.4616 1867.21 260.117 98.849 42.4965 189.412
internal_count=360678 53020 307658 89461 11135 76215 3090 41885 8288 33597 31458 10118 6532 5684 5049 3359 218197 4257 213940 13246 3691 3479 3586
is_linear=0
shrinkage=0.0107582


Tree=54
num_leaves=24
num_cat=0
split_feature=0 2 4 0 2 8 4 4 6 6 6 6 6 2 4 6 6 8 8 6 2 2 6
split_gain=1621.56 443.149 124.487 98.6726 70.2602 102.244 88.7318 62.5457 54.0166 64.6283 84.5906 50.8866 46.7559 42.8276 61.8386 40.0606 188.857 67.9483 33.5463 26.9951 24.8433 23.4815 22.3022
threshold=0.050000002607703216 86.500000000000014 0.051388889551162727 0.25000000745058065 4.5000000000000009 0.044755019247531898 0.19353009015321734 0.23829860985279086 0.011551188305020334 0.042037954553961761 0.035212852060794837 0.013218429870903494 0.0098027577623724955 2.5000000000000004 0.11019675806164743 0.011440626811236145 0.011379310395568611 0.02937254868447781 0.032107036560773856 0.010320119559764864 220.50000000000003 388.50000000000006 0.0038591725751757626
decision_type=2 2 2 2 2 10 2 2 10 10 10 10 10 2 2 10 8 10 10 10 2 2 8
left_child=1 2 8 13 19 -6 -7 -8 22 10 11 -10 20 14 -2 16 17 -14 -13 -4 -3 -17 -1
right_child=3 12 4 -5 5 6 7 -9 9 -11 -12 18 15 -15 -16 21 -18 -19 -20 -21 -22 -23 -24
leaf_value=-0.0040976995896414336 0.010018914065303534 -0.002117103942515765 0.013288482350616197 0.019091543820587083 0.00094691872061332318 -0.0018510982989831694 0.037146554316491977 0.011440327836627281 0.023786757924867997 -0.0019673819877467792 0.028304257310375475 0.0057939862524944647 -0.0015673687366894885 0.010739474567695728 0.019327752600695206 -0.00051219747200453175 0.04641860616970904 0.026315508321480115 0.017110871194270329 0.0048112188399236679 -0.0049963668543002351 -0.0062600460885659705 0.0064891611332605669
leaf_weight=26.960678589530289 139.36522280238569 553.51969623751938 88.743646521121264 369.88453001901507 1043.0064896903932 24.585699021816254 20.89992746245116 23.025726641528308 31.898230217397213 31.178194362670183 42.15623905044049 112.09791335836053 113.36175290588289 581.74256082624197 202.79480716958642 347.22389977332205 11.535062369890509 11.103485732339321 41.553760852664709 85.240053556859493 928.89891157206148 107.79726156406105 157.88884486723691
leaf_count=1453 1313 62235 2312 1879 82600 1037 751 1159 1026 959 966 3926 11701 14495 1594 34514 874 901 1156 2083 112037 11566 7429
internal_value=0.00399232 0.000452682 0.00447418 0.0143959 0.00277827 0.00178319 0.0145139 0.0236731 0.00938719 0.0125589 0.0145479 0.0114221 -0.00290122 0.012516 0.0155363 -0.00034266 0.00478049 0.000920606 0.00885481 0.00913536 -0.00392129 -0.00187393 0.00494501
internal_weight=5096.46 3802.68 1729.24 1293.79 1285.5 1111.52 68.5114 43.9257 443.734 258.884 227.706 185.55 2073.44 923.903 342.16 591.021 136 124.465 153.652 173.984 1482.42 455.021 184.85
internal_count=359966 340685 106857 19281 89942 85547 2947 1910 16915 8033 7074 6108 233828 17402 2907 59556 13476 12602 5082 4395 174272 46080 8882
is_linear=0
shrinkage=0.0107582


Tree=55
num_leaves=24
num_cat=0
split_feature=0 2 7 0 8 5 2 8 7 2 2 5 5 3 2 5 0 2 8 8 8 7 5
split_gain=1807.97 333.543 141.252 113.88 111.879 213.24 78.6986 52.0006 80.8358 42.9554 37.4664 25.6355 22.4556 20.004 32.4708 16.8116 24.7212 28.7683 20.6734 15.7443 24.7437 15.2508 14.9635
threshold=0.050000002607703216 90.500000000000014 107.50000000000001 0.18333333730697635 0.038987340405583389 1.0000000180025095e-35 1.5000000000000002 0.044755019247531898 14.500000000000002 1.5000000000000002 402.50000000000006 83.500000000000014 1.0000000180025095e-35 11.500000000000002 2.5000000000000004 1.5000000000000002 1.0000000180025095e-35 26.500000000000004 0.013581043574959041 0.013351158704608681 0.02136185392737389 4.5000000000000009 2.5000000000000004
decision_type=2 2 8 2 10 2 2 10 8 2 2 2 2 2 2 2 2 2 10 10 10 10 2
left_child=1 2 4 6 9 -6 -2 10 -9 -1 -3 19 -11 14 -5 16 17 -4 -19 -8 -21 -22 -7
right_child=3 7 15 13 5 22 11 8 -10 12 -12 -13 -14 -15 -16 -17 -18 18 -20 20 21 -23 -24
leaf_value=0.0090850968912267495 0.01814004217089531 -0.0021128900503616806 0.019314666402521618 0.014267881372331766 0.037646876819217551 0.0097874304912292376 0.0079588890990340295 0.00035794794515314109 0.029914848269038886 -0.004832037279161391 -0.0052551228079145158 0.016640580367783188 0.00090823282769891139 0.021893705382299899 0.020734224405436406 0.010929499884192567 -0.0028712951537101742 0.00016362333143933499 0.01242072555029493 0.016868937170268081 0.012158482038074762 0.0050923623249065604 0.001129092506236712
leaf_weight=71.502241309732199 194.83535881340504 1307.2633218141273 22.385532554239035 192.19145965203643 28.200629661791027 35.739226858131588 316.39332901034504 49.579070432111621 13.657158568501471 84.886282393708825 661.37520402576774 65.106538476422429 1113.3089275322855 156.9761481359601 168.90056211873889 257.92245796974748 27.69070512894541 38.788554690778255 27.018076221458614 72.150559461675584 83.195364171639085 61.483260819688439 65.324491546489298
leaf_count=1038 1385 145872 746 967 527 1825 9003 3975 839 6132 79648 1359 84926 628 1442 8735 1118 1998 810 1618 1329 1554 2796
internal_value=0.0038698 0.000115247 0.00352545 0.0147639 0.0019557 0.0114906 0.0122015 -0.00286009 0.00674245 0.000984949 -0.00316855 0.0102676 0.000501552 0.0186869 0.0172927 0.0094002 0.00599622 0.00878045 0.00519632 0.0094894 0.0117226 0.0091558 0.00419114
internal_weight=5115.87 3804.64 1772.77 1311.23 1398.96 129.264 793.164 2031.87 63.2362 1269.7 1968.64 598.329 1198.2 518.068 361.092 373.805 115.883 88.1922 65.8066 533.223 216.829 144.679 101.064
internal_count=360270 340985 110651 19285 97244 5148 16248 230334 4814 92096 225520 14863 91058 3037 2409 13407 4672 3554 2808 13504 4501 2883 4621
is_linear=0
shrinkage=0.0107582


Tree=56
num_leaves=24
num_cat=0
split_feature=2 2 4 2 6 3 6 6 6 8 7 6 4 7 8 6 8 4 2 4 4 6 8
split_gain=1591.15 265.04 114.792 102.474 71.0348 71.0304 58.5712 57.5469 69.004 52.3081 80.6507 79.7517 133.161 49.6463 46.2831 39.9311 48.3127 40.7751 34.0361 33.1932 28.527 27.1398 24.9191
threshold=15.500000000000002 64.500000000000014 0.024328703992068771 1.5000000000000002 0.0092135793529450911 3.5000000000000004 0.0088977832347154635 0.0046144798398017892 0.029986129142344001 0.0038341755280271177 9.5000000000000018 0.011379310395568611 0.23975694179534915 81.500000000000014 0.11117889359593393 0.046491613611578948 0.0044916209299117335 0.20718749612569812 311.50000000000006 0.12533564865589145 0.11695602163672449 0.0083747971802949923 0.016053518280386928
decision_type=2 2 2 2 10 2 10 10 10 10 8 10 2 10 10 10 10 2 2 2 2 10 10
left_child=3 2 7 5 -5 22 19 -2 21 10 11 -8 -13 18 -4 16 -6 -18 -11 20 -3 -9 -1
right_child=1 6 14 4 15 -7 9 8 -10 13 -12 12 -14 -15 -16 -17 17 -19 -20 -21 -22 -23 -24
leaf_value=0.014978770750542479 0.023143515472196119 -0.0017933660406554157 0.001504205574796179 0.0065807514243417459 0.0066398509005409605 0.018844882216511032 0.0018992839986408394 -0.0017583189428823209 0.018539147160991837 -0.00017904452672606091 -0.0018611752445008957 0.059954161561870375 0.010860325866956767 0.014235942363772161 0.021305012074897177 0.0051601575729518234 0.015786407981662354 0.0098207348728790115 -0.005677680591389074 -0.0046059816074273908 0.0089947421242032137 0.0075253624498536021 0.0075219751262694907
leaf_weight=94.791973808780313 33.83188331592828 307.96676440257579 763.95183821022511 405.72987635526806 121.92730624508113 344.31261121481657 22.627186444588006 51.254278250038624 56.018749000504613 427.15111264307052 57.346435911022127 10.207982694730164 17.112729324959219 23.017106433399022 13.9085904834792 87.227339449338615 450.55434870254248 187.93573047965765 187.46865289937705 1214.6303159240633 31.244531572796404 126.13112974446267 114.57055755332112
leaf_count=1133 1398 35437 58151 14526 3101 1733 1998 2376 1408 41699 5637 849 1590 1801 418 1815 8401 4920 20520 142633 3652 4372 1175
internal_value=0.00385174 -0.000543807 0.0039482 0.0119855 0.0102827 0.0158401 -0.00258602 0.0100312 0.00813031 -0.000105863 0.0068437 0.0168375 0.0292079 -0.00127528 0.00185833 0.0120547 0.0128455 0.0140305 -0.00185623 -0.00377504 -0.000799612 0.00484292 0.0108983
internal_weight=5150.92 3343.87 1045.1 1807.05 1253.37 553.675 2298.77 267.236 233.404 744.931 107.294 49.9479 27.3207 637.637 777.86 847.645 760.417 638.49 614.62 1553.84 339.211 177.385 209.363
internal_count=360743 323939 68123 36804 32763 4041 255816 9554 8156 74094 10074 4437 2439 64020 58569 18237 16422 13321 62219 181722 39089 6748 2308
is_linear=0
shrinkage=0.0107582


Tree=57
num_leaves=24
num_cat=0
split_feature=0 1 9 4 1 1 1 4 9 4 9 1 1 5 5 4 4 1 1 3 5 5 5
split_gain=1579.43 318.131 92.9921 109.277 90.3721 73.9819 42.1756 40.0812 118.427 39.241 56.5264 34.5696 32.4713 29.073 28.1649 73.1772 272.902 32.2485 31.4322 27.3978 21.1298 20.4576 25.0545
threshold=0.050000002607703216 2400.5000000000005 3.5000000000000004 0.024328703992068771 86.500000000000014 27.500000000000004 9292.5000000000018 0.089780092239379897 3.5000000000000004 0.11365740746259691 3.5000000000000004 1443.5000000000002 37.500000000000007 8.5000000000000018 1.0000000180025095e-35 0.19156249612569812 0.20526620000600818 1352.5000000000002 423.50000000000006 8.5000000000000018 31.500000000000004 144.50000000000003 4.5000000000000009
decision_type=2 2 2 2 2 2 2 2 2 2 2 2 2 2 2 2 2 2 2 2 2 2 2
left_child=1 2 3 11 7 -4 -3 8 -2 10 20 13 -9 -1 15 -5 -17 -18 19 -16 -6 22 -11
right_child=4 6 5 14 9 -7 -8 12 -10 21 -12 -13 -14 -15 18 16 17 -19 -20 -21 -22 -23 -24
leaf_value=0.0078449113121073395 0.017870791182217051 -0.0016336891598332445 0.013573920254682501 -0.00089215680646681809 0.01375816701018007 -0.00055876735334743871 -0.0049445081641061161 0.01985700164431202 0.0049369874725086714 0.013403423207915745 0.0051009621366066224 0.021327953061954456 0.013568910392759634 0.016795268279410785 0.0069642019497296037 0.061286587303949251 0.019180834284198468 -0.0012752447582923144 0.00098383506377274833 -0.0034658457184630438 0.02143482262566521 0.015787400766396675 0.0043374166452363966
leaf_weight=218.12859776243567 232.35473219677806 1234.7390579106286 45.788376746699214 51.237556675449014 123.89420615136623 672.01484053581953 696.52492660470307 337.37782100960612 126.57218543998897 43.967480936087668 71.907036317512393 32.404883032664657 132.37070294842124 52.023179138079286 225.06008647847921 12.477874222211538 12.32128830719739 32.286282115615904 494.14928131178021 33.483953360468149 62.424562638625503 28.648801384493709 178.54456596914679
leaf_count=6431 1522 137408 692 3746 2228 50619 83918 1814 1357 1862 2039 1353 1564 1037 9732 468 701 3151 40726 857 652 594 5597
internal_value=0.00376871 0.000239464 0.00338803 0.00526661 0.0138248 0.000342802 -0.00282777 0.0160169 0.0133099 0.0102587 0.0132035 0.0108283 0.0180852 0.00956865 0.00331223 0.00844121 0.0168181 0.00437592 0.00257406 0.00561339 0.0163305 0.00723084 0.00612897
internal_weight=5150.7 3812.64 1881.38 1163.57 1338.06 717.803 1931.26 828.675 358.927 509.387 258.226 302.557 469.749 270.152 861.016 108.323 57.0854 44.6076 752.693 258.544 186.319 251.161 222.512
internal_count=360068 340839 119513 68202 19229 51311 221326 6257 2879 12972 4919 8821 3378 7468 59381 8066 4320 3852 51315 10589 2880 8053 7459
is_linear=0
shrinkage=0.0107582


Tree=58
num_leaves=24
num_cat=0
split_feature=5 3 8 7 9 4 9 5 7 4 8 5 5 9 4 9 4 8 4 9 9 9 8
split_gain=1176.28 320.245 317.096 172.105 127.753 153.616 67.2285 59.9402 68.1662 54.6165 37.5542 32.2871 30.0135 29.8139 32.9609 113.96 27.9493 29.0819 25.6518 24.5058 22.2984 22.0061 48.4869
threshold=1.5000000000000002 1.0000000180025095e-35 0.044755019247531898 82.500000000000014 2.5000000000000004 0.19353009015321734 4.5000000000000009 1.0000000180025095e-35 130.50000000000003 0.059178240597248084 0.035716535523533828 61.500000000000007 7.5000000000000009 1.0000000180025095e-35 0.095578704029321684 4.5000000000000009 0.12533564865589145 0.015187131240963938 0.17528935521841052 2.5000000000000004 2.5000000000000004 1.5000000000000002 0.0086963097564876097
decision_type=2 2 10 8 2 2 2 2 10 2 10 2 2 2 2 2 2 10 2 2 2 2 10
left_child=2 3 7 16 5 -4 10 8 19 -6 12 13 21 -3 15 20 -2 -18 -16 -1 -15 -5 -23
right_child=1 11 4 6 9 -7 -8 -9 -10 -11 -12 -13 -14 14 18 -17 17 -19 -20 -21 -22 22 -24
leaf_value=-0.0018013743614267873 0.0065644172897493065 0.015868992615318038 0.0067944635986264589 0.01606616047353758 0.019582862544959698 0.039813832274749106 0.00066207285449474383 0.0013005485715789403 0.023046953120597888 -0.0027160734434799757 0.0039071630078039146 0.015297102717938771 0.01918779033903785 0.0085476110629525842 0.017329158256584168 -0.0032190260440547193 4.2716484399270817e-06 0.0047480818239745773 0.011194363041981461 -0.0041704002210688953 0.014649334433886699 -0.0035991285250541734 0.014953167293491446
leaf_weight=894.13969546463341 148.6926003145054 153.44356140121818 28.772882152348757 65.2487808233127 18.101722585968673 37.640899237245321 56.77185491938144 459.81090722419322 11.566302829422055 42.682907685637474 40.636991462670267 367.52021320909262 111.60540945734829 143.60520303249359 104.58604193292558 78.06623019836843 495.90693477354944 214.16267152410001 321.19064507074654 1162.327634868212 134.03374471142888 27.76106911059469 39.502416082657874
leaf_count=98976 10255 2000 1133 2143 542 1784 3119 32166 1174 3100 949 2355 2603 1585 1611 1634 38092 12974 5423 132705 1574 1227 1207
internal_value=0.00360938 0.00890104 -0.00137872 0.00489226 0.0151953 0.0255096 0.011352 -0.00221272 -0.00299387 0.00392519 0.0134832 0.0125954 0.0150772 0.0115333 0.0106819 0.00826449 0.00232321 0.00143506 0.0127014 -0.00314037 0.0114934 0.0116149 0.00729642
internal_weight=5157.78 2502.73 2655.04 1200.29 127.198 66.4138 341.527 2527.84 2068.03 60.7846 284.755 1302.45 244.118 934.925 781.482 355.705 858.762 710.07 425.777 2056.47 277.639 132.512 67.2635
internal_count=360331 88751 271580 72569 6559 2917 11248 265021 232855 3642 8129 16182 7180 13827 11827 4793 61321 51066 7034 231681 3159 4577 2434
is_linear=0
shrinkage=0.0107582


Tree=59
num_leaves=24
num_cat=0
split_feature=0 2 7 0 8 5 2 2 8 2 5 7 8 5 5 7 5 4 7 2 8 8 4
split_gain=1375.12 307.544 119.719 116.828 67.4329 247.349 52.2055 51.432 35.3833 33.5138 37.7391 31.9221 43.5261 23.3842 21.2277 28.0077 23.7604 19.5794 15.684 46.0341 15.8893 15.5837 14.5845
threshold=0.050000002607703216 88.500000000000014 107.50000000000001 0.25000000745058065 0.044088352471590049 1.0000000180025095e-35 311.50000000000006 3.5000000000000004 0.0079370080493390577 62.500000000000007 3.5000000000000004 14.500000000000002 0.044755019247531898 1.0000000180025095e-35 7.5000000000000009 31.500000000000004 12.500000000000002 0.11884259432554246 4.5000000000000009 2.5000000000000004 0.024727193638682369 0.0029630215140059595 0.065960649400949492
decision_type=2 2 8 2 10 2 2 2 10 2 2 8 10 2 2 8 2 2 10 2 10 10 2
left_child=1 2 4 8 7 -6 11 -1 21 10 13 17 -13 -4 15 -10 -16 -3 20 -20 -18 -2 -23
right_child=3 6 9 -5 5 -7 -8 -9 14 -11 -12 12 -14 -15 16 -17 18 -19 19 -21 -22 22 -24
leaf_value=0.0073865136967846134 0.010594280723573055 0.0058027334064255903 0.013277422177866887 0.01779041536268916 0.037752266724817872 0.0010715537938126561 -0.0045076217623880501 0.00062106278799051043 0.012680931408970553 0.019319564453873152 0.011978758443042808 -0.003879121370309426 0.018126764930656004 0.003267636807390558 0.018404744734783349 0.0031748319880019814 0.016820098341364942 -0.00021198386616445486 0.015279849479150003 0.0052422571136985108 0.010864947891526994 0.0092669291947686232 0.0029670800538891518
leaf_weight=146.88578734733164 135.48815010953695 69.470553150400519 32.14228452835232 398.76941131800413 28.087667506188154 87.722202139906585 889.65751051809639 1134.6637999266386 85.126971554011106 32.588593637570739 151.1774146175012 420.61285632196814 10.663794557563959 169.16700846981257 87.851830719038844 61.998987782746553 123.50119235180318 636.78530398011208 104.14012978971004 107.44164092559367 89.434030625969172 75.56410625949502 97.297613525763154
leaf_count=3483 3461 7611 1090 1920 479 3703 106798 87879 1987 1626 4449 46804 656 6170 1373 1357 1377 70005 620 2495 805 1319 2501
internal_value=0.00363191 0.000310793 0.0035706 0.01289 0.00210696 0.00996855 -0.00255544 0.00139651 0.0108709 0.00888182 0.00791667 -0.00102864 -0.00333488 0.00486603 0.0122774 0.0086752 0.0133118 0.000379673 0.0122577 0.0101829 0.0143191 0.00786243 0.00572108
internal_weight=5176.24 3809.62 1782.43 1366.61 1397.36 115.81 2027.19 1281.55 967.845 385.075 352.487 1137.53 431.277 201.309 659.495 147.126 512.369 706.256 424.517 211.582 212.935 308.35 172.862
internal_count=359968 340753 108879 19215 95544 4182 231874 91362 17295 13335 11709 125076 47460 7260 10014 3344 6670 77616 5297 3115 2182 7281 3820
is_linear=0
shrinkage=0.0107582


Tree=60
num_leaves=24
num_cat=0
split_feature=0 2 9 0 4 4 9 7 9 7 2 9 7 4 2 9 2 0 7 5 9 2 2
split_gain=1431.83 325.603 75.8904 71.6514 62.6381 153.981 56.7786 49.2494 47.5017 94.8006 51.6003 46.2056 39.9077 66.2591 41.5851 34.1157 31.924 30.5376 35.977 31.0159 30.2373 29.0098 27.121
threshold=0.050000002607703216 88.500000000000014 2.5000000000000004 0.25000000745058065 0.20056713372468951 0.19353009015321734 2.5000000000000004 105.50000000000001 3.5000000000000004 130.50000000000003 3.5000000000000004 1.0000000180025095e-35 41.500000000000007 0.10478009283542634 268.50000000000006 4.5000000000000009 253.50000000000003 0.083333335816860213 29.500000000000004 21.500000000000004 1.5000000000000002 311.50000000000006 9.5000000000000018
decision_type=2 2 2 2 2 2 2 8 2 8 2 2 8 2 2 2 2 2 8 2 2 2 2
left_child=1 2 4 8 5 7 11 -1 17 10 -10 -3 21 -14 -15 -11 -8 -2 19 -19 -9 -13 -4
right_child=3 6 22 -5 -6 -7 16 20 9 15 -12 12 13 14 -16 -17 -18 18 -20 -21 -22 -23 -24
leaf_value=0.0036036570349630061 0.010071710488848527 -0.0042505808697388655 0.0046322674525633495 0.016872509447283697 0.0023574089294124984 0.034128041302458272 -0.0024047221773349794 0.013197514901942743 0.016912620721167674 0.0065570317725540282 0.0068968549108909278 0.0021746317535581501 0.00020512844150851115 0.0086737067603980204 0.033977784158223785 -0.0055499838576983746 -0.0060143748188460511 0.015926581197317678 0.017691889807455858 0.0064539585286995712 0.0045991892596049929 -0.0029694713311480725 0.00042480673199703201
leaf_weight=243.50347995851189 226.35171398706734 287.96233452111483 235.33330453932285 397.17812795937061 340.7214639429003 25.443893445655704 525.75885150488466 156.22588980570436 122.75424601323903 49.227623037993908 115.60574359539896 290.13449141290039 46.667015440762043 15.864740068092944 14.287126309238372 59.484624585136771 615.62174291163683 78.301054095849395 236.37947708182037 81.808848896995187 67.919891649857163 225.49526173435152 719.1945176422596
leaf_count=15861 5291 33070 7801 1920 23101 1228 58429 4216 1121 728 4086 31089 4903 1661 1579 1416 74373 1320 2290 1006 2031 26728 54554
internal_value=0.00357851 0.000189553 0.00353347 0.0130236 0.00590466 0.00835574 -0.00276826 0.00695332 0.0114475 0.00825796 0.0120551 -0.000715504 0.00100275 0.00823657 0.0206659 -6.75958e-05 -0.00435166 0.0132247 0.0150247 0.0110867 0.0105922 -7.4992e-05 0.00146214
internal_weight=5177.23 3810.13 1788.34 1367.09 833.815 493.093 2021.79 467.649 969.913 347.072 238.36 880.411 592.449 76.8189 30.1519 108.712 1141.38 622.841 396.489 160.11 224.146 515.63 954.528
internal_count=359802 340624 108792 19178 46437 23336 231832 22108 17258 7351 5207 99030 65960 8143 3240 2144 132802 9907 4616 2326 6247 57817 62355
is_linear=0
shrinkage=0.0107582


Tree=61
num_leaves=24
num_cat=0
split_feature=1 2 1 9 5 4 4 6 1 5 9 9 4 4 6 6 9 9 6 1 1 4 1
split_gain=1296.19 190.343 114.731 86.2228 93.3527 162.789 130.711 78.7756 74.9491 71.3804 39.4389 89.6361 109.133 246.73 56.1972 91.9447 36.8377 36.5606 49.7255 32.7941 32.2556 28.6363 40.7086
threshold=349.50000000000006 74.500000000000014 10.500000000000002 3.5000000000000004 1.0000000180025095e-35 0.17383101582527163 0.024328703992068771 0.0088977832347154635 1321.5000000000002 27.500000000000004 2.5000000000000004 1.5000000000000002 0.23906250298023227 0.22390045970678332 0.010229470208287241 0.0098027577623724955 1.0000000180025095e-35 3.5000000000000004 0.0098552517592906969 4406.5000000000009 75.500000000000014 0.033634260296821601 49.500000000000007
decision_type=2 2 2 2 2 2 2 10 2 2 2 2 2 2 10 10 2 2 10 2 2 2 2
left_child=2 3 -1 4 5 -2 8 -3 -6 17 11 14 13 -13 15 -9 -11 18 20 -16 -4 -19 -23
right_child=1 7 9 -5 6 -7 -8 10 -10 16 -12 12 -14 -15 19 -17 -18 21 -20 -21 -22 22 -24
leaf_value=0.017316766793009676 0.0008088691448822679 -0.0035669125943429639 0.011357945146732379 -0.00053520762483606147 0.0085335171510572266 0.035667664634677597 0.0012972029877833364 -0.002870219008679589 0.025650922504027111 0.018360070567858534 -0.0015306453996227587 0.011004196622541304 -0.0011875567517621094 0.067139509672664938 0.0023154013822486177 0.037731667777206053 0.011470088268125709 0.0005734962627326316 0.011978803683177079 -0.0068998181272133382 0.0028650354335143682 0.014200409576036294 0.0044757812045864639
leaf_weight=278.65883241593838 31.292558886110783 1464.4946456351317 77.366742171347141 446.21193441469222 161.24245792906731 30.730925424024463 485.86136257369071 15.522041149437429 36.262550984509289 109.15874626487494 376.4600409148261 54.755371448583901 46.950986813753843 10.85687747504562 81.427011500112712 11.047801164910195 506.99482833687216 106.44387315586209 381.28130936063826 99.075680889189243 156.3562227729708 69.826335990801454 173.90274508949369
leaf_count=1485 1547 175067 1547 34279 4585 1276 36704 1682 891 908 39405 4850 4619 905 7342 987 5397 3332 8368 10467 6273 1187 7484
internal_value=0.00374941 -0.000246858 0.0109517 0.00320509 0.00544413 0.0180813 0.00429709 -0.00215067 0.0116767 0.00983006 0.000828934 0.00360798 0.0113349 0.0202955 -0.000592439 0.0140144 0.0126908 0.00800377 0.00958373 -0.00274275 0.00567646 0.00522884 0.00726194
internal_weight=5212.18 3352.19 1859.99 1191.6 745.39 62.0235 683.366 2160.59 197.505 1581.33 696.096 319.636 112.563 65.6122 207.073 26.5698 616.154 965.177 615.004 180.503 233.723 350.173 243.729
internal_count=360587 324606 35981 79282 45003 2823 42180 245324 5476 34496 70257 30852 10374 5755 20478 2669 6305 28191 16188 17809 7820 12003 8671
is_linear=0
shrinkage=0.0107582


Tree=62
num_leaves=24
num_cat=0
split_feature=0 5 8 4 9 9 4 0 8 8 0 9 5 8 9 9 7 8 4 4 9 7 8
split_gain=1213.32 207.597 233.735 115.321 112.488 86.7085 131.172 72.9769 36.9287 57.0405 35.2862 34.1459 30.8093 29.9014 28.0264 30.7561 40.7644 28.4625 45.3031 167.571 27.1163 88.2123 39.6318
threshold=0.050000002607703216 1.0000000180025095e-35 0.044755019247531898 0.0092013892717659491 3.5000000000000004 2.5000000000000004 0.19353009015321734 0.25000000745058065 0.03397778049111367 0.020040160045027736 1.0000000180025095e-35 1.5000000000000002 4.5000000000000009 0.0050476191099733123 2.5000000000000004 1.5000000000000002 103.50000000000001 1.0000000180025095e-35 0.23688657581806186 0.25922453403472906 4.5000000000000009 47.500000000000007 0.045873418450355537
decision_type=2 2 8 2 2 2 2 2 10 10 2 2 2 10 2 2 10 8 2 2 2 8 10
left_child=1 2 14 4 8 6 -4 20 9 11 -5 13 -6 -3 15 -1 17 18 -17 -20 22 -22 -2
right_child=7 3 5 10 12 -7 -8 -9 -10 -11 -12 -13 -14 -15 -16 16 -18 -19 19 -21 21 -23 -24
leaf_value=-0.0024395243092809886 0.012600421947527448 0.021737016808616477 0.0038837040770166214 0.00022686471217647688 -0.0056048508855816356 0.0031866827726823605 0.036539411711691103 0.016289998006943612 0.0032578788662431806 0.023771889623056937 0.0037504097165695824 0.0054006263253131639 0.0071463681412128957 0.0093167829447428716 -0.0035734645227178566 -0.0018087124968396077 0.021751724526461513 -0.00047094714834848642 0.057408531680407625 -0.0033721584962074407 0.012245253000935069 -0.0023201346393788192 0.0049066947127404479
leaf_weight=598.75821867212653 684.19547346048057 44.549305379390717 24.689932398498058 675.08562203496695 61.577820812352002 47.964413113892078 33.624707892537117 387.791733302176 40.954833067953587 55.703532693907619 641.55050993990153 68.612830122001469 34.058472885750234 45.204479064792395 1149.5015898277052 22.823768527247012 11.388246465474365 240.69245600048453 8.4722692528739589 13.794092044234274 145.47872862312943 71.911095159128308 87.393669310957193
leaf_count=67109 11399 1244 960 58634 3521 3056 1490 1842 862 1025 32497 2220 1535 1193 132854 2526 1053 26697 857 1510 3121 1752 1014
internal_value=0.00367595 0.000554494 -0.00165345 0.00340393 0.00888638 0.0139016 0.0227141 0.0123345 0.0126177 0.0144083 0.00194377 0.0111144 -0.00106374 0.0154821 -0.0024617 -0.00103527 0.00179409 0.000998581 0.00884249 0.0197591 0.0107834 0.00742715 0.011729
internal_weight=5195.78 3819.01 2151.71 1667.3 350.661 106.279 58.3146 1376.77 255.025 214.07 1316.64 158.367 95.6363 89.7538 2045.43 895.929 297.171 285.783 45.0901 22.2664 988.979 217.39 771.589
internal_count=359971 340843 238112 102731 11600 5506 2450 19128 6544 5682 91131 4657 5056 2437 232606 99752 32643 31590 4893 2367 17286 4873 12413
is_linear=0
shrinkage=0.0107582


Tree=63
num_leaves=24
num_cat=0
split_feature=2 1 4 2 4 2 8 8 7 5 5 8 1 1 5 4 5 2 7 8 8 8 5
split_gain=1279.22 172.001 127.584 108.199 56.2929 50.3782 81.8373 50.3392 47.8091 57.9072 44.0354 37.004 36.0943 35.7254 43.0282 33.322 27.4778 22.6851 23.7585 23.1093 20.6493 20.2011 20.0646
threshold=18.500000000000004 2520.5000000000005 0.043726852163672454 4.5000000000000009 0.089780092239379897 62.500000000000007 0.011496719904243948 0.07345976680517198 4.5000000000000009 5.5000000000000009 60.500000000000007 0.013303834944963457 49.500000000000007 49.500000000000007 23.500000000000004 0.18653935194015506 13.500000000000002 311.50000000000006 15.500000000000002 0.043653544038534171 0.037042682990431793 0.044755019247531898 6.5000000000000009
decision_type=2 2 2 2 2 2 10 10 10 2 2 8 2 2 2 2 2 2 8 10 10 10 2
left_child=3 2 5 4 10 16 -7 -4 9 11 13 -5 15 -1 -15 -6 -2 18 -3 -19 -10 -20 -14
right_child=1 17 7 8 12 6 -8 -9 20 -11 -12 -13 22 14 -16 -17 -18 19 21 -21 -22 -23 -24
leaf_value=0.004973163254502793 0.0050074144361634508 -0.0004352188153645257 8.5930826642170499e-05 -0.0016022027828489663 0.019595901291133717 0.0077793999204944968 0.03656441118709873 0.013769521708154082 0.0045785331165540521 0.013799595749669182 0.0151908443882678 0.011044374934622373 0.015252542731657565 0.0061284755099574491 0.018329736834256198 0.0138397003563453 0.015064193297248537 -0.0042989016541781777 -0.0043494197643656821 0.0082895103497553774 0.011442565292207729 0.011959851764729353 0.0073231126149044196
leaf_weight=216.60652702767402 211.0410444829613 636.63557851593941 1029.5874991044402 58.747166810557246 179.36291390843689 30.865445687435567 18.154465134255588 32.08289731387049 458.25193996354938 217.66145831998438 121.45558344945312 49.204514673911035 56.334938481450081 69.033250983804464 64.907372454181314 331.72284205444157 36.948473628610373 858.48623817786574 339.98677472956479 17.213965436443686 57.038566495291889 9.0204829191789013 107.27129689604044
leaf_count=2490 7970 71113 87556 2313 1348 2118 743 1086 20278 3574 627 1409 1799 1644 438 2966 1103 105291 38781 1247 1512 543 1499
internal_value=0.00352209 -0.000667075 0.00224317 0.0103088 0.0124583 0.00847601 0.0184414 0.000499475 0.00737758 0.0106046 0.00960829 0.00416227 0.014452 0.00767396 0.0120415 0.0158599 0.00650595 -0.0027914 -0.00167192 -0.00405142 0.00533839 -0.00392779 0.0100537
internal_weight=5207.62 3220.02 1358.68 1987.6 1146.69 297.009 49.0199 1061.67 840.904 325.613 472.003 107.952 674.692 350.547 133.941 511.086 247.99 1861.34 985.643 875.7 515.291 349.007 163.606
internal_count=359448 317551 100576 41897 12811 11934 2861 88642 29086 7296 5199 3722 7612 4572 2082 4314 9073 216975 110437 106538 21790 39324 3298
is_linear=0
shrinkage=0.0107582


Tree=64
num_leaves=24
num_cat=0
split_feature=1 1 6 5 4 8 8 1 6 1 8 8 8 6 6 8 1 4 4 4 6 8 4
split_gain=1262.98 195.812 105.96 83.7368 54.9294 60.8171 54.0829 52.1189 49.5973 44.4976 43.2172 45.3946 42.2977 42.2364 38.7771 35.6932 33.0106 35.7348 32.0388 68.0169 31.8019 31.6996 35.0046
threshold=370.50000000000006 4528.5000000000009 0.0088977832347154635 5.5000000000000009 0.020057871006429199 0.0080267591401934641 0.044755019247531898 1381.5000000000002 0.029986129142344001 1040.5000000000002 0.00342481816187501 0.069149423390626921 0.032107036560773856 0.023067810572683815 0.014817734248936178 0.054917396977543838 75.500000000000014 0.033634260296821601 0.19156249612569812 0.23906250298023227 0.037005163729190833 0.037715518847107894 0.065960649400949492
decision_type=2 2 10 2 2 10 10 2 10 2 10 10 10 10 10 10 2 2 2 2 10 10 2
left_child=3 2 9 15 5 -4 -3 12 21 -2 18 -12 14 -8 -7 16 17 -1 -6 -20 -10 22 -5
right_child=1 6 4 8 10 7 13 -9 20 -11 11 -13 -14 -15 -16 -17 -18 -19 19 -21 -22 -23 -24
leaf_value=0.0012408523224076329 0.002800163532527382 -0.0038572535360353699 -0.0023745516393235289 0.013469499080830869 0.00014562253170183798 0.013959430290051688 0.022653256386013849 0.0254094950077631 0.01791219339715994 -0.0018763194358972174 0.0015043254112308032 0.012883649792601298 0.018444163174357812 -0.0019821916851234492 -0.00029938123814356583 0.016429274837838986 0.0040570494644999368 0.012236287077728463 0.037561118519427512 0.0069708323218327754 0.01237250689604572 0.0032925320185830794 0.0090258901968547529
leaf_weight=44.395499781705439 341.59638981241733 1315.4928603712469 40.15162992104888 377.52815828472376 16.839333528652787 37.006526338867843 15.996102049015461 29.269021535292268 209.64094092790037 758.13926180452108 574.51063986308873 43.654664007946849 42.442738931626081 16.22008047811687 54.70023200288415 43.035149907693267 311.82905765715986 149.10767805017531 13.218140932731329 23.135330917313695 280.41333256848156 65.742529630661011 449.52020518481731
leaf_count=1198 23870 158793 1694 4151 1350 1192 1052 1227 1800 77738 47536 1764 1135 1277 1598 883 13980 2962 1012 1898 2671 774 8782
internal_value=0.00366305 -0.000358563 0.00179911 0.0105817 0.00459308 0.00948831 -0.00351999 0.012403 0.0119924 -0.000423722 0.00310871 0.00230799 0.0095647 0.0102508 0.00545475 0.00702418 0.00622314 0.00971366 0.0124135 0.0180956 0.0147424 0.0104828 0.0110543
internal_weight=5253.59 3322.37 1974.66 1931.21 874.928 203.57 1347.71 163.419 1382.85 1099.74 671.358 618.165 134.149 32.2162 91.7068 548.367 505.332 193.503 53.1928 36.3535 490.054 892.791 827.048
internal_count=360337 323136 162014 37201 60406 6846 161122 5152 18178 101608 53560 49300 3925 2329 2790 19023 18140 4160 4260 2910 4471 13707 12933
is_linear=0
shrinkage=0.0107582


Tree=65
num_leaves=24
num_cat=0
split_feature=2 0 4 2 2 2 0 5 2 3 5 7 4 7 7 7 3 2 4 2 0 2 5
split_gain=1274.93 247.686 194.883 85.207 73.4581 43.1739 38.376 31.9847 26.7827 26.6068 25.0188 20.9099 26.8774 23.1655 19.9552 17.7873 14.5338 13.8294 17.0223 15.4616 23.201 13.0967 13.0516
threshold=22.500000000000004 0.083333335816860213 0.0092013892717659491 146.50000000000003 190.50000000000003 1.5000000000000002 0.48333333432674414 15.500000000000002 32.500000000000007 3.5000000000000004 1.5000000000000002 70.500000000000014 0.2173263877630234 9.5000000000000018 7.5000000000000009 80.500000000000014 1.5000000000000002 9.5000000000000018 0.033634260296821601 20.500000000000004 1.0000000180025095e-35 52.500000000000007 3.5000000000000004
decision_type=2 2 2 2 2 2 2 2 2 2 2 10 2 10 10 10 2 2 2 2 2 2 2
left_child=1 5 3 7 -4 -1 -3 8 22 14 21 13 15 -6 16 -13 -7 18 -16 20 -19 -10 -2
right_child=2 6 4 -5 11 9 -8 -9 10 -11 -12 12 -14 -15 17 -17 -18 19 -20 -21 -22 -23 -24
leaf_value=0.010792595649036904 -0.0033736501730774375 0.012842187202817571 -0.00025389332331855502 -0.0046749542648276549 -0.0028083666777645689 0.006886826277255606 0.019754038129465128 0.02158421829627306 0.00034332704887510539 0.00027698737912189227 0.01472562329765598 0.012233530694593209 0.020509857006608918 -0.0058120597792926951 0.014779928853843704 -0.0028583409082679088 0.013021521104070472 -0.010997434697493206 0.0052255404841805957 0.0092857013230032565 0.0024974695013415898 0.0093942945498895133 0.0076467230251391731
leaf_weight=199.21804995276034 26.918360617943108 949.92023269459605 1498.0990321496502 56.840219239704311 691.31088079232723 336.50532333925366 103.06876856088638 24.560920528136194 27.082991319708526 108.94757831841707 86.853555965237319 10.744481556117533 7.8991137202829114 521.24858535639942 24.756869644857943 56.847111145500094 51.545608680695295 16.04741190187633 168.22998206969351 33.687775451689959 181.31491873599589 58.407046019099653 23.11669292114675
leaf_count=2284 1183 9411 139579 6438 82494 12141 351 686 1069 2895 2901 1299 848 63749 977 6479 1095 969 6305 2088 10678 3342 823
internal_value=0.00345904 0.00977266 -0.00098153 0.00720072 -0.00187366 0.00625145 0.0135188 0.00993427 0.00864731 0.00526917 0.010659 -0.00375758 0.00173592 -0.00409959 0.00593891 -0.000458887 0.0077018 0.00432559 0.00645141 0.00254991 0.00140006 0.00652708 0.00171802
internal_weight=5263.17 2173.24 3089.93 303.78 2786.15 1120.25 1052.99 246.94 222.379 921.035 172.344 1288.05 75.4907 1212.56 812.088 67.5916 388.051 424.037 192.987 231.05 197.362 85.49 50.0351
internal_count=360084 49194 310890 16442 294448 39432 9762 10004 9318 37148 7312 154869 8626 146243 34253 7778 13236 21017 7282 13735 11647 4411 2006
is_linear=0
shrinkage=0.0107582


Tree=66
num_leaves=24
num_cat=0
split_feature=1 1 0 4 9 9 0 1 1 9 4 1 9 4 4 3 4 0 1 4 5 1 0
split_gain=1145.72 220.033 184.102 148.757 98.3071 64.9913 61.3867 42.1024 40.354 39.9532 51.691 30.7628 44.5883 43.1721 48.7763 33.7281 25.8622 23.6497 50.4306 26.1628 21.9897 18.3429 17.291
threshold=545.50000000000011 3900.5000000000005 0.083333335816860213 0.043726852163672454 3.5000000000000004 1.0000000180025095e-35 0.41666667163372045 10.500000000000002 733.50000000000011 3.5000000000000004 0.087349537760019316 27.500000000000004 4.5000000000000009 0.11019675806164743 0.20341435074806216 5.5000000000000009 0.070474538952112212 1.0000000180025095e-35 224.50000000000003 0.30751158297061926 1.5000000000000002 423.50000000000006 0.050000002607703216
decision_type=2 2 2 2 2 2 2 2 2 2 2 2 2 2 2 2 2 2 2 2 2 2 2
left_child=2 3 11 4 8 -4 7 -7 -2 16 -11 -1 15 22 -15 17 -9 18 -13 21 -10 -19 -14
right_child=1 -3 5 -5 -6 6 -8 9 20 10 -12 12 13 14 -16 -17 -18 19 -20 -21 -22 -23 -24
leaf_value=0.010193699462332702 0.0030314543753425724 -0.0036392480179962684 0.018686775504153517 0.00061057862070291102 -0.00083945115862822466 0.016336782355442944 0.018505955110367029 0.014029150535974394 0.011335602106710885 0.0010303705413000246 0.010612867743881021 0.0044406147562882567 -0.0083124272216260741 0.013756709844712242 0.00041514873180747053 -0.00090166185109626768 0.0083636378479790587 0.0086381512982376275 0.024715821628498939 -0.00036854521544250066 0.019242102434881055 0.003424461103443847 0.0026509727137041445
leaf_weight=215.75830517709255 36.383943685330451 1473.1953951097094 177.79888426885009 1309.7771700890735 79.86292845569551 116.91039705276489 126.14805762842298 212.95037432573736 76.258101411163807 123.63793062418699 137.73447373695672 29.148112747818232 54.402632483281195 48.360548483207822 92.138152997940779 57.590432519093156 165.94004761055112 452.41189359873533 27.683649917133152 50.316563182510436 87.388590315356851 94.403069826774299 23.990530714392662
leaf_count=2520 1141 176299 1379 120609 5528 451 475 1554 3744 1631 2053 1020 3069 2418 4606 1507 2233 15916 1231 2323 2442 4929 816
internal_value=0.00361435 -0.000643935 0.00952311 0.00213191 0.009251 0.0127522 0.0115577 0.0104 0.0132796 0.00931586 0.00608009 0.00653366 0.00568492 0.00143876 0.00500759 0.00699113 0.0115479 0.0076862 0.0143177 0.00705498 0.015558 0.00773807 -0.00495734
internal_weight=5270.19 3062.87 2207.32 1589.67 279.894 1061.12 883.321 757.173 200.031 640.263 261.372 1146.2 930.446 218.892 140.499 711.554 378.89 653.963 56.8318 597.132 163.647 546.815 78.3932
internal_count=359894 309763 50131 133464 12855 9776 8397 7922 7327 7471 3684 40355 37835 10909 7024 26926 3787 25419 2251 23168 6186 20845 3885
is_linear=0
shrinkage=0.0107582


Tree=67
num_leaves=24
num_cat=0
split_feature=1 0 2 4 8 2 8 0 8 8 4 1 1 8 8 2 0 2 8 4 8 8 2
split_gain=1137.14 218.549 185.459 111.68 69.73 64.316 58.7519 56.6457 34.493 34.4783 53.6769 31.3312 44.8946 30.0409 28.1801 85.3896 26.2988 25.5324 21.8908 21.4673 18.7439 26.7509 18.6378
threshold=545.50000000000011 0.083333335816860213 190.50000000000003 0.02922453731298447 0.044088352471590049 1.5000000000000002 0.046877861022949226 0.45000000298023229 0.11117889359593393 0.044755019247531898 0.22174768894910815 10.500000000000002 15.500000000000002 0.018592592328786853 0.013351158704608681 54.500000000000007 0.21666666865348819 36.500000000000007 0.012519592419266702 0.12215277552604677 0.011952381115406753 0.024080277420580391 407.50000000000006
decision_type=2 2 2 2 10 2 10 2 8 10 2 2 2 10 10 2 2 2 10 2 10 10 2
left_child=1 5 3 14 19 18 -6 11 -8 22 -11 -3 -13 -7 -2 17 20 -16 -1 -5 -14 -22 -4
right_child=2 7 9 4 6 13 8 -9 -10 10 -12 12 16 -15 15 -17 -18 -19 -20 -21 21 -23 -24
leaf_value=0.015851968978889255 0.004808869003038535 0.0166622422131181 -0.0028641697098462419 0.0028666102951064548 0.025763834560872421 0.0036873207596172151 0.0010502667027300896 0.019408046830672678 0.018238891851540474 0.020953877685844217 -0.0069490703434509247 0.0042001010266347 0.008132512039352292 0.007942071373146533 -0.0018222387957323267 0.023869319495735359 0.01482677449032228 0.010687629561625106 0.0087134168167062667 -0.00089335283004403636 0.01706971351868225 0.0096193157151201625 -0.0054512784544592414
leaf_weight=81.162669990211725 161.68481703940779 136.66343622654676 670.29495139978826 207.53964634984732 19.589595220983028 678.60846520401537 60.128162645734847 133.24303268641233 17.426172032952309 16.196348932571713 15.722950864583252 96.311768293380737 209.99515094049275 267.88306097500026 35.345525451004505 42.76603620313108 250.30034262314439 40.536582798697054 128.37316627800465 1147.1968243699521 92.212832188233733 141.20759251154959 620.77837044326589
leaf_count=893 8832 514 79427 19707 1223 30252 3788 458 675 1014 1301 578 3671 7962 1147 1566 1490 1215 1440 110714 1238 1659 78291
internal_value=0.00345344 0.00932066 -0.000802097 0.00151434 0.000314012 0.00608553 0.00911835 0.0128491 0.00491303 -0.00383504 0.00720994 0.0119059 0.0110831 0.00489155 0.00773094 0.0117127 0.0120387 0.00486075 0.0114787 -0.000317338 0.0104647 0.0125628 -0.00410812
internal_weight=5271.17 2215.96 3055.21 1732.21 1451.88 1156.03 97.1439 1059.93 77.5543 1322.99 31.9193 926.691 790.028 946.492 280.333 118.648 693.716 75.8821 209.536 1354.74 443.416 233.42 1291.07
internal_count=359055 50155 308900 148867 136107 40547 5686 9608 4463 160033 2315 9150 8636 38214 12760 3928 8058 2362 2333 130421 6568 2897 157718
is_linear=0
shrinkage=0.0107582


Tree=68
num_leaves=24
num_cat=0
split_feature=1 1 6 7 8 4 7 8 7 4 4 6 6 6 1 6 6 6 8 8 1 4 1
split_gain=1075.77 177.597 98.7951 99.8659 92.6086 86.1308 79.6534 77.8599 75.6343 120.896 56.9484 51.8276 38.7984 74.1981 35.333 35.1614 31.9645 31.7265 31.0275 32.8762 30.0856 27.5204 25.4471
threshold=1012.5000000000001 27.500000000000004 0.0088977832347154635 81.500000000000014 1.0000000180025095e-35 0.087349537760019316 130.50000000000003 0.022771196439862255 9.5000000000000018 0.24855323880910876 0.070474538952112212 0.028083656914532188 0.016604704782366756 0.012050881981849672 312.50000000000006 0.026185500435531143 0.017759708687663082 0.012341927271336319 0.016470946371555332 0.024727193638682369 4406.5000000000009 0.22788194566965106 8664.5000000000018
decision_type=2 2 10 8 10 2 8 10 10 2 2 10 10 10 2 10 10 10 10 10 2 2 2
left_child=1 5 20 4 8 -1 7 14 9 -4 11 -5 13 -8 -3 21 -9 -16 -14 -20 -2 -7 -6
right_child=2 6 3 10 22 15 12 16 -10 -11 -12 -13 18 -15 17 -17 -18 -19 19 -21 -22 -23 -24
leaf_value=0.0072538786415628342 -0.0014860944022244242 0.0054376654718492857 0.05071999402204648 0.0026777101387882897 -0.0001097158256362746 0.016336057325542046 0.0090896349292262247 0.00059614924727741212 0.00071888211158103175 0.005940394330141101 0.027860257101529146 0.019619274314776756 0.0022473422884092902 0.02051321285383394 0.0028683862004791972 0.018993511894044562 0.010825581820854139 -0.0039469842402808921 0.014791632531057811 0.0062865994504599431 -0.0043655397110239011 0.008993640117935596 -0.0049804918907848158
leaf_weight=203.22109983302653 746.38562188949436 543.11190494336188 12.40228793397546 77.82184037938714 575.1301291892305 126.35589239001274 241.46899713855237 40.252614259719849 28.522499731741846 15.951940009370444 18.117656062357128 28.570332463830709 107.34515045955777 90.461422866210341 368.86684656515718 204.00709189474583 290.55632681213319 100.61465226020664 80.625942596234381 151.35972055234015 960.32653753459454 110.99646522477269 158.3120496282354
leaf_count=1581 76233 17915 823 4052 54158 982 6085 1790 2742 1256 1297 882 1987 1640 26858 856 7506 6830 1238 2466 121656 953 18139
internal_value=0.00331322 0.00813435 -0.00157726 0.00127533 -0.000135529 0.0130495 0.00656174 0.00504961 0.0130886 0.0255304 0.0102305 0.00722757 0.00958794 0.0122031 0.00356924 0.0157181 0.00958089 0.00140777 0.00702977 0.00924265 -0.00310629 0.0129026 -0.00116108
internal_weight=5280.79 2659.24 2621.54 914.829 790.319 644.581 2014.66 1343.4 56.8767 28.3542 124.51 106.392 671.261 331.93 1012.59 441.359 330.809 469.481 339.331 231.986 1706.71 237.352 733.442
internal_count=359925 78687 281238 83349 77118 4372 74315 60899 4821 2079 6231 4934 13416 7725 51603 2791 9296 33688 5691 3704 197889 1935 72297
is_linear=0
shrinkage=0.0107582


Tree=69
num_leaves=24
num_cat=0
split_feature=1 2 9 8 5 9 1 2 5 1 8 1 8 8 5 8 1 8 9 9 8 9 8
split_gain=1093.66 227.603 93.1222 67.8353 58.857 38.2933 103.856 38.0357 31.2101 146.344 51.2398 32.9621 28.927 27.152 37.2845 24.2961 23.7194 23.106 21.6813 41.1686 21.1911 39.0162 27.4139
threshold=240.50000000000003 162.50000000000003 3.5000000000000004 0.020040160045027736 7.5000000000000009 3.5000000000000004 49.500000000000007 37.500000000000007 1.0000000180025095e-35 854.50000000000011 0.045873418450355537 1409.5000000000002 0.044755019247531898 0.055698657408356674 1.5000000000000002 0.028074916452169422 158.50000000000003 0.054917396977543838 2.5000000000000004 1.0000000180025095e-35 0.024032085202634338 1.0000000180025095e-35 0.030767933465540413
decision_type=2 2 2 10 2 2 2 2 2 2 10 2 10 10 2 10 2 10 2 2 10 2 10
left_child=4 2 3 -2 13 18 -7 15 9 -5 20 -11 -3 14 -1 -4 -16 -14 19 -6 -10 -22 -23
right_child=1 12 7 8 5 6 -8 -9 10 11 -12 -13 17 -15 16 -17 -18 -19 -20 -21 21 22 -24
leaf_value=0.0018009864821821495 0.0024215167416384354 -0.0036853669061224495 0.00097639388611088279 0.044596944105857649 0.015951695678069346 0.013389027856156858 0.0026971009495645125 -0.0026515571074647833 0.015039293939726438 0.02123079304408481 -0.0033177718125001177 0.00373178405832923 0.016650866774875164 0.01541460714935399 0.0097364230397766587 0.0098259179348634765 0.0026588936894501205 -0.00063189283907537407 0.016050840083360374 0.0098173639731960697 0.017329566316289409 -0.0024865470530262557 0.0081665405324195268
leaf_weight=137.24755722470582 968.57172838784754 1422.6103384955786 263.57299550343305 14.626620896160601 193.3874859046191 257.49387754872441 177.72137148771435 492.61123417504132 45.60053769312799 15.765567274764178 52.954196085222065 59.361152453348041 14.233478307723997 43.692863091826439 289.76031013578176 41.567073262296617 67.591640770435333 24.125292922370136 201.42157673835754 366.84551679715514 31.112223085947335 47.733218197710812 67.475632666610181
leaf_count=5356 73630 173702 17351 200 1609 1654 3454 47928 1887 383 2101 5155 982 766 6078 1849 2601 1795 1769 3351 1257 2232 3041
internal_value=0.00323623 -0.000175619 0.00209215 0.00386424 0.01024 0.0115688 0.009023 -0.000802725 0.00804008 0.013467 0.00605085 0.00740468 -0.00343679 0.00728545 0.00656723 0.00218198 0.00839777 0.00578186 0.0130235 0.011935 0.00863581 0.00663992 0.00375281
internal_weight=5297.08 3561.92 2100.95 1303.2 1735.16 1196.87 435.215 797.751 334.629 89.7533 244.876 75.1267 1460.97 538.292 494.6 305.14 357.352 38.3588 761.655 560.233 191.922 146.321 115.209
internal_count=360131 333493 157014 89886 26638 11837 5108 67128 16256 5738 10518 5538 176479 14801 14035 19200 8679 2777 6729 4960 8417 6530 5273
is_linear=0
shrinkage=0.0107582


Tree=70
num_leaves=24
num_cat=0
split_feature=1 1 4 1 3 1 6 8 5 6 1 8 6 4 8 1 1 5 8 8 1 8 5
split_gain=886.774 198.692 119.656 112.693 55.6276 53.1737 122.919 52.2109 50.844 48.1625 47.4631 38.1252 53.8956 35.0191 33.2394 32.5301 32.8537 25.8992 22.5587 29.3115 21.5936 24.1844 21.2062
threshold=423.50000000000006 2520.5000000000005 0.039490740746259696 86.500000000000014 1.5000000000000002 1504.5000000000002 0.012206773739308121 0.069149423390626921 1.5000000000000002 0.0093673029914498347 10.500000000000002 1.0000000180025095e-35 0.011466799303889276 0.072673611342906966 0.062083953991532333 15.500000000000002 27.500000000000004 6.5000000000000009 0.020040160045027736 1.0000000180025095e-35 8664.5000000000018 0.044755019247531898 5.5000000000000009
decision_type=2 2 2 2 2 2 10 10 2 10 2 10 10 2 10 2 2 2 10 10 2 10 2
left_child=3 2 5 4 -1 18 -7 -4 14 -3 -6 12 -11 17 -5 -12 -17 -10 19 -2 -13 -22 -21
right_child=1 9 7 8 10 6 -8 -9 13 11 15 20 -14 -15 -16 16 -18 -19 -20 22 21 -23 -24
leaf_value=0.0059412800049463621 0.013313149918553886 -0.0042629856256508666 0.00014385640167174807 -0.002330801544054253 0.015783128342636749 0.0058935938042315294 0.04292742618032782 0.013534897993280604 0.004522604051273799 0.027908747686780703 0.0052586255923770895 0.00030774341217402367 0.0011604646162444009 0.0045244988023423844 0.013036599538127251 0.015672877737111703 0.0097277919546589504 0.01115163028360012 0.010720815375024256 -0.00073414263420426454 -0.0058460564145667764 0.0085763879428535465 0.0085540387472502789
leaf_weight=249.17480754852295 32.114912204444408 1293.6506379377097 1042.6863835146651 128.99625478312373 240.02784152328968 29.4625208908692 16.00748242624104 34.821104412898421 97.17028680536896 12.76471969950944 125.05856409668922 334.77818055264652 27.491647471673787 440.0003556786105 18.641988478600979 147.77090511471033 395.71173908747733 228.93850173428655 89.003292280249298 99.774238330312073 144.53493613749743 14.835495560429989 39.79475162178278
leaf_count=4584 1187 161131 87971 7040 1013 2033 605 1124 2927 771 952 34384 2745 15663 391 797 4544 3489 2295 4188 17006 1037 1310
internal_value=0.00272707 -0.000812652 0.00226302 0.00821519 0.0104444 0.0081981 0.0189331 0.000576641 0.00539068 -0.00314064 0.0116794 -0.000423749 0.00964337 0.00650471 -0.000390172 0.0102059 0.0113443 0.00917644 0.00632547 0.00404673 -0.00124393 -0.00450337 0.00191428
internal_weight=5283.21 3211.72 1383.66 2071.49 1157.74 306.157 45.47 1077.51 913.747 1828.06 908.569 534.405 40.2564 766.109 147.638 668.541 543.483 326.109 260.687 171.684 494.149 159.37 139.569
internal_count=359187 317787 100713 41400 11890 11618 2638 89095 29510 217074 7306 55943 3516 22079 7431 6293 5341 6416 8980 6685 52427 18043 5498
is_linear=0
shrinkage=0.0107582


Tree=71
num_leaves=24
num_cat=0
split_feature=1 0 6 7 1 0 7 1 6 6 7 4 1 1 6 6 6 1 1 1 6 0 6
split_gain=974.943 220.863 116.173 52.6691 48.282 47.6964 44.4669 33.3433 31.4131 69.0734 25.9495 22.928 25.9023 36.5425 22.5828 23.9826 29.0933 21.1397 20.8793 20.0524 32.5291 21.3404 19.1796
threshold=1012.5000000000001 0.083333335816860213 0.0088977832347154635 81.500000000000014 10.500000000000002 0.25000000745058065 6.5000000000000009 4528.5000000000009 0.046491613611578948 0.035212852060794837 105.50000000000001 0.0686226822435856 3000.5000000000005 1381.5000000000002 0.026185500435531143 0.012050881981849672 0.016771493479609493 8664.5000000000018 10.500000000000002 805.50000000000011 0.026440672576427463 0.050000002607703216 0.022226600907742981
decision_type=2 2 10 8 2 2 10 2 8 10 10 2 2 2 10 10 10 2 2 2 10 2 10
left_child=1 4 7 17 -1 18 8 -2 9 14 19 12 13 -5 15 -6 -17 -4 -3 21 -21 -8 -18
right_child=2 5 3 11 6 -7 10 -9 -10 -11 -12 -13 -14 -15 -16 16 22 -19 -20 20 -22 -23 -24
leaf_value=0.011904579547606023 -0.001638075210146097 0.0143453551042255 0.001355695163994859 0.0026125434392903837 0.0049084243228228767 0.014161988212427061 0.0011976022933217858 -0.0046736432374174484 -0.0024603063279055063 0.017655595093388331 0.014167418693827694 0.018913351667954013 -0.0035158526273443239 0.017146739266227496 0.00010743748744761582 0.015073089746631657 0.0022516593014146975 -0.0028923206427788582 0.0087801311173025202 0.0041616546173799049 0.018801165451836705 0.0054677351805288085 0.012798099424542931
leaf_weight=110.95959113538265 760.96948657464236 90.327743172645569 616.03443123865873 45.896279925480485 250.28586279135197 422.64839498698711 602.55195569526404 931.40838508727029 39.004719219170511 68.259075945243239 23.729783294722438 18.701934936456382 25.264814771711826 35.512439604848623 63.420259135775268 76.040140528231859 56.564364068210125 173.84180690580979 573.16161545552313 89.246769323945045 21.870202839374542 174.73591994866729 30.836610239930451
leaf_count=834 78282 368 57532 1207 10800 1906 33222 119603 873 1592 1012 1329 2366 1245 1764 2324 1768 19736 7754 7359 961 5246 872
internal_value=0.00305024 0.00758957 -0.00163882 0.00144896 0.00505736 0.0113373 0.00454965 -0.00330872 0.00686642 0.00753343 0.00306527 0.00792656 0.0059999 0.00895309 0.00608529 0.00700163 0.0102069 0.000420753 0.00953784 0.00276868 0.00704344 0.00215755 0.00597293
internal_weight=5301.27 2693.64 2607.63 915.252 1607.51 1086.14 1496.55 1692.38 584.411 545.406 912.135 125.375 106.674 81.4087 477.147 413.727 163.441 789.876 663.489 888.405 111.117 777.288 87.401
internal_count=359955 78655 281300 83415 68627 10028 67793 197885 19993 19120 47800 6147 4818 2452 17528 15764 4964 77268 8122 46788 8320 38468 2640
is_linear=0
shrinkage=0.0107582


Tree=72
num_leaves=24
num_cat=0
split_feature=1 6 0 9 8 4 1 8 4 9 4 1 1 1 1 8 9 8 4 8 8 8 4
split_gain=917.039 155.507 153.328 91.6199 122.696 151.069 77.3063 76.2836 59.8006 55.0892 43.4713 42.3968 41.3402 86.6463 39.2995 34.0574 34.0783 36.2903 32.5851 31.3214 189.877 29.3648 27.6198
threshold=423.50000000000006 0.0088977832347154635 0.11666667088866235 3.5000000000000004 1.0000000180025095e-35 0.23329860717058185 1068.5000000000002 0.07345976680517198 0.070474538952112212 1.0000000180025095e-35 0.19954860955476764 27.500000000000004 4236.5000000000009 1476.5000000000002 10.500000000000002 0.011496719904243948 3.5000000000000004 0.026451331563293937 1.0000000180025095e-35 0.043653544038534171 0.046877861022949226 0.040080320090055473 0.14290509372949603
decision_type=2 10 2 2 10 2 2 10 2 2 2 2 2 2 2 10 2 10 2 10 10 10 2
left_child=2 6 11 4 5 -3 22 8 12 -4 -9 -1 13 -6 -11 -13 17 18 -17 -10 -21 -19 -2
right_child=1 3 9 -5 7 -7 -8 10 19 14 -12 15 -14 -15 -16 16 -18 21 -20 20 -22 -23 -24
leaf_value=0.0098303309628950276 0.0062619461095921132 0.004428568791604112 0.018221643737336448 -0.0014312325042928943 0.0058777689203962646 0.041234699709240118 -0.0033607805398983615 0.0062490045324743362 -0.00029057599125711822 0.015981460975868 0.026297382162853402 0.0032919241749698376 -0.0049931534276225105 0.025828691041754153 0.0096116281000735194 0.018489478641667272 0.0031849903339678785 0.00049537317211476169 0.008585346501096925 0.037136675253342542 -0.0051254161352135078 0.010545995883732484 -0.00015802375688128917
leaf_weight=286.18562483787537 128.26725802663714 29.433936287648976 142.04682110622525 448.16182175837457 121.29178762063384 22.984129471704364 1662.9019131246023 24.871966497041285 443.03447646275163 139.89914365112782 25.202767346054316 533.45701002608985 24.635346810799092 31.797743927687407 564.33735565282404 69.767273683100939 150.83006080333143 68.92927535623312 85.660965670831501 17.954187014140189 39.082681762985885 65.724178934469819 196.18167719058692
leaf_count=2932 7712 1851 849 41926 2956 1672 195681 904 41872 451 1003 20648 2548 1588 4641 1008 5106 1627 3015 927 2540 1363 15143
internal_value=0.00305089 -0.000563549 0.00856783 0.00244549 0.0046721 0.0205686 -0.00242354 0.00352723 0.00258054 0.0121099 0.0163404 0.00618981 0.00794073 0.0100221 0.0108771 0.00512051 0.00733288 0.00948955 0.0130313 0.000675501 0.00817915 0.00540119 0.00238007
internal_weight=5322.64 3215.8 2106.84 1228.45 780.289 52.4181 1987.35 727.871 677.796 846.283 50.0747 1260.55 177.725 153.09 704.236 974.369 440.912 290.082 155.428 500.071 57.0369 134.653 324.449
internal_count=359963 318323 41640 99787 57861 3523 218536 54338 52431 5941 1907 35699 7092 4544 5092 32767 12119 7013 4023 45339 3467 2990 22855
is_linear=0
shrinkage=0.0107582


Tree=73
num_leaves=24
num_cat=0
split_feature=0 2 0 2 9 1 5 1 1 3 9 1 9 9 3 2 9 9 1 1 9 1 2
split_gain=927.857 242.894 77.2929 41.7856 40.6068 50.2598 44.661 56.9274 52.9614 39.2487 44.5848 34.2917 28.7644 20.0535 19.0653 30.8337 18.3137 19.0944 16.6596 13.1647 11.5686 24.812 16.2596
threshold=0.050000002607703216 74.500000000000014 0.083333335816860213 402.50000000000006 3.5000000000000004 10.500000000000002 1.0000000180025095e-35 487.50000000000006 830.50000000000011 11.500000000000002 1.0000000180025095e-35 37.500000000000007 3.5000000000000004 1.0000000180025095e-35 22.500000000000004 7.5000000000000009 3.5000000000000004 2.5000000000000004 27.500000000000004 9292.5000000000018 1.0000000180025095e-35 1119.5000000000002 62.500000000000007
decision_type=2 2 2 2 2 2 2 2 2 2 2 2 2 2 2 2 2 2 2 2 2 2 2
left_child=1 4 11 12 6 -6 7 -1 -9 10 -4 -2 13 -3 15 -8 17 -12 -18 -15 21 -17 -22
right_child=2 3 9 -5 5 -7 14 8 -10 -11 16 -13 -14 19 -16 20 18 -19 -20 -21 22 -23 -24
leaf_value=0.001971854727524763 0.011023971084099049 -0.0029314081692189461 0.015860366006313537 -0.0046217138732890673 0.01510569214126788 0.00035755402253966897 0.0076647079006991236 0.03006849275514431 0.0092905999262739517 0.015300895213767656 0.0091971628148933334 0.004029690621491641 -0.0030969759860817936 0.00066581194939873052 -0.0066268577117903097 0.0077176021291780819 0.010965167523789619 0.014096402722821408 0.0055258117009739762 0.011661799010928058 0.0014640123796821267 -0.0005384154986320961 0.007098837038222775
leaf_weight=44.108991074375808 113.6536478176713 211.19567333068699 147.11581320501864 630.9786634016782 27.956371739506721 615.25255981646478 201.5031802803278 24.832044390961528 33.159871281124651 251.29598071426153 280.26524053141475 283.51512982137501 612.86369218816981 640.01822104072198 20.236397264525294 136.49742161668837 96.928313810378313 137.14540917985141 198.93626205436885 12.851670210715382 493.20938538294286 60.939396244473755 67.361601633019745
leaf_count=1700 981 23577 1253 80526 240 40996 4996 862 1483 1153 2604 8213 70692 69200 410 7228 500 1256 3309 1540 28355 4022 5112
internal_value=0.00295876 0.000145613 0.010105 -0.00230433 0.00313928 0.000998631 0.00441199 0.0111831 0.0181887 0.0115604 0.0104679 0.00603124 -0.00131428 -4.98433e-05 0.00370634 0.00392429 0.00935559 0.010807 0.00730789 0.000882318 0.00292993 0.00516939 0.00214116
internal_weight=5341.82 3832.97 1508.86 2107.91 1725.06 643.209 1081.85 102.101 57.9919 1111.69 860.391 397.169 1476.93 864.066 979.747 959.511 713.275 417.411 295.865 652.87 758.008 197.437 560.571
internal_count=360208 340939 19269 245535 95404 41236 54168 4045 2345 10075 8922 9194 165009 94317 50123 49713 7669 3860 3809 70740 44717 11250 33467
is_linear=0
shrinkage=0.0107582


Tree=74
num_leaves=24
num_cat=0
split_feature=0 1 0 9 4 1 2 2 0 9 1 1 7 9 4 9 2 9 9 7 4 4 1
split_gain=926.756 220.171 64.8102 57.3169 81.7772 50.7755 40.047 30.9729 29.2023 47.7373 32.8863 25.2142 20.5882 26.0608 23.0924 22.7602 20.5391 19.1331 16.607 23.5852 50.3947 184.068 20.7159
threshold=0.050000002607703216 2054.5000000000005 0.51666668057441723 4.5000000000000009 0.051388889551162727 49.500000000000007 402.50000000000006 62.500000000000007 0.083333335816860213 1.0000000180025095e-35 10.500000000000002 407.50000000000006 9.5000000000000018 4.5000000000000009 0.074895832687616362 2.5000000000000004 3.5000000000000004 5.5000000000000009 2.5000000000000004 9.5000000000000018 0.20144675672054294 0.19353009015321734 1068.5000000000002
decision_type=2 2 2 2 2 2 2 2 2 2 2 2 10 2 2 2 2 2 2 10 2 2 2
left_child=1 3 8 4 7 -5 17 -1 11 -10 -11 -2 13 14 15 -12 -16 -3 19 20 21 22 -6
right_child=2 6 -4 5 18 -7 -8 -9 9 10 12 -13 -14 -15 16 -17 -18 -19 -20 -21 -22 -23 -24
leaf_value=0.0068705387861860839 0.0080308327909493788 -0.00092668448628054339 0.018997492080542071 0.010590377170893341 0.0081457601088365354 -0.001882444375177917 -0.0047256838228274707 0.017897454754979465 0.01557830830580342 0.014158814422410652 0.0075749112643657083 0.00018218658671733155 0.011779844284955116 0.002861786477517073 0.009153051511137664 0.013916053753361367 0.0018240919358951048 -0.0046392912493402648 0.00032378486860690225 0.00076265976912050584 0.0021640997687517893 0.042614936230370735 -0.0031307580585090526
leaf_weight=389.2667149156332 336.53895495273173 1165.5301470952109 86.878152720630169 41.709109723567963 65.43688147701323 400.21034785080701 628.26963091082871 31.89619685895741 170.44383132830262 137.68352647870779 135.19122248329222 55.134637428447604 162.96504580415785 114.64920552819967 91.84152153134346 127.13092105463147 85.418090088292956 186.34366254368797 391.50146617088467 263.82050136942416 227.03431227244437 17.886036921292543 26.485150831751525
leaf_count=10823 6729 131364 273 771 3358 29766 80621 1332 1369 493 950 2400 2053 1617 607 960 1666 22066 25867 17601 14497 690 2137
internal_value=0.00282015 1.35381e-05 0.00997796 0.00267648 0.00373386 -0.000705176 -0.00248144 0.00770576 0.00942492 0.0103795 0.0093429 0.00692601 0.00841831 0.00742984 0.00862122 0.0106482 0.00562145 -0.00143844 0.00204781 0.00317149 0.0050581 0.0110414 0.0048967
internal_weight=5339.27 3835.39 1503.88 1855.25 1413.33 441.919 1980.14 421.163 1417 1025.32 854.88 391.674 717.196 554.231 439.582 262.322 177.26 1351.87 992.164 600.663 336.842 109.808 91.922
internal_count=360010 340893 19117 106842 76305 30537 234051 12155 18844 9715 8346 9129 7853 5800 4183 1910 2273 153430 64150 38283 20682 6185 5495
is_linear=0
shrinkage=0.0107582


Tree=75
num_leaves=24
num_cat=0
split_feature=2 0 6 7 2 2 6 6 4 6 3 2 2 2 7 7 6 6 6 2 7 7 4
split_gain=1027.86 252.037 132.399 135.055 49.1461 43.8865 43.0511 59.5056 36.7387 65.2474 31.3322 26.9997 26.8053 23.9506 22.2676 21.3484 22.8536 21.2091 29.8462 19.4621 21.9111 18.6652 19.9229
threshold=43.500000000000007 0.083333335816860213 0.0092135793529450911 81.500000000000014 384.50000000000006 1.5000000000000002 0.0098552517592906969 0.046491613611578948 0.065960649400949492 0.024103647097945217 11.500000000000002 11.500000000000002 106.50000000000001 375.50000000000006 15.500000000000002 6.5000000000000009 0.0068663100246340045 0.041412167251110084 0.039602983742952354 3.5000000000000004 36.500000000000007 13.500000000000002 0.13091435283422473
decision_type=2 2 10 8 2 2 10 10 2 10 2 2 2 2 8 10 10 10 10 2 10 10 2
left_child=1 5 4 13 21 -1 15 17 9 12 11 -3 -5 -4 -13 -7 19 18 -8 -17 -21 22 -2
right_child=2 10 3 8 -6 6 7 -9 -10 -11 -12 14 -14 -15 -16 16 -18 -19 -20 20 -22 -23 -24
leaf_value=0.0095617664428017477 0.0020074484556538629 0.011330624170090963 0.00095593661115193234 0.0079334433018092201 -0.0063070737254977676 0.0053019581806516098 0.0071203941777090796 -0.0034371995376213092 0.025839256693691057 0.02202541038601602 0.014999888613778758 -0.0012141329515708021 -0.0067577540550374845 -0.0037584530175781956 0.0096582690249034965 0.010683162133283641 -0.0027587971508934972 0.016412835613248026 -0.0047166145841696936 0.0032853894496654109 -0.0036392621992887312 -0.004102393365638988 -0.0021932938440916323
leaf_weight=217.54616494476795 166.40425682161003 784.0263744648546 603.44374562613666 50.557186425663531 497.08837356418371 201.89971740730107 650.05971059016883 68.826041965745389 19.10890516359359 33.289418380707502 251.68207161128521 37.579709524288774 20.081657192669809 157.21350814728066 51.925339797511697 31.133788147941232 127.94763100333512 26.89653379842639 25.623791607096791 239.68455830961466 67.857357699424028 422.3449525674805 608.47931343689561
leaf_count=2313 15955 6411 56289 1570 66571 9260 25386 2450 1308 1055 1137 1316 1924 18024 1157 875 7451 879 1030 15763 4359 48091 69135
internal_value=0.00319144 0.0077257 -0.00170282 0.00167305 -0.00346355 0.00505801 0.00437755 0.00610927 0.0121302 0.00960892 0.0116553 0.0106916 0.00375683 -1.84494e-05 0.00509348 0.00237931 0.00111471 0.00704447 0.00667148 0.00257809 0.00175748 -0.0022829 -0.00129119
internal_weight=5360.7 2782.69 2578.01 883.694 1694.32 1657.48 1439.93 771.406 123.037 103.928 1125.21 873.531 70.6388 760.657 89.505 668.523 466.623 702.58 675.684 338.676 307.542 1197.23 774.884
internal_count=359709 79787 279922 80170 199752 69766 67453 29745 5857 4549 10021 8884 3494 74313 2473 37708 28448 27295 26416 20997 20122 133181 85090
is_linear=0
shrinkage=0.0107582


end of trees

feature_importances:
hours_since_last_armed=303
net_event_share_7d=237
net_event_share_1d=197
day_of_week=186
disarm_share_30d=174
days_since_last_armed=172
hours_since_guard_change=153
n_armed_90d=151
armed_day_share_30d=115
n_armed_7d=60

parameters:
[boosting: gbdt]
[objective: binary]
[metric: binary_logloss]
[tree_learner: serial]
[device_type: cpu]
[data_sample_strategy: bagging]
[data: ]
[valid: ]
[num_iterations: 2000]
[learning_rate: 0.0107582]
[num_leaves: 24]
[num_threads: 8]
[seed: 4217]
[deterministic: 1]
[force_col_wise: 0]
[force_row_wise: 0]
[histogram_pool_size: -1]
[max_depth: -1]
[min_data_in_leaf: 903]
[min_sum_hessian_in_leaf: 0.001]
[bagging_fraction: 0.522602]
[pos_bagging_fraction: 1]
[neg_bagging_fraction: 1]
[bagging_freq: 1]
[bagging_seed: 15605]
[bagging_by_query: 0]
[feature_fraction: 0.575509]
[feature_fraction_bynode: 1]
[feature_fraction_seed: 27703]
[extra_trees: 0]
[extra_seed: 22977]
[early_stopping_round: 0]
[early_stopping_min_delta: 0]
[first_metric_only: 0]
[max_delta_step: 0]
[lambda_l1: 0]
[lambda_l2: 0.00290623]
[linear_lambda: 0]
[min_gain_to_split: 0]
[drop_rate: 0.1]
[max_drop: 50]
[skip_drop: 0.5]
[xgboost_dart_mode: 0]
[uniform_drop: 0]
[drop_seed: 20817]
[top_rate: 0.2]
[other_rate: 0.1]
[min_data_per_group: 100]
[max_cat_threshold: 32]
[cat_l2: 10]
[cat_smooth: 10]
[max_cat_to_onehot: 4]
[top_k: 20]
[monotone_constraints: ]
[monotone_constraints_method: basic]
[monotone_penalty: 0]
[feature_contri: ]
[forcedsplits_filename: ]
[refit_decay_rate: 0.9]
[cegb_tradeoff: 1]
[cegb_penalty_split: 0]
[cegb_penalty_feature_lazy: ]
[cegb_penalty_feature_coupled: ]
[path_smooth: 0]
[interaction_constraints: ]
[verbosity: -1]
[saved_feature_importance_type: 0]
[use_quantized_grad: 0]
[num_grad_quant_bins: 4]
[quant_train_renew_leaf: 0]
[stochastic_rounding: 1]
[linear_tree: 0]
[max_bin: 255]
[max_bin_by_feature: ]
[min_data_in_bin: 3]
[bin_construct_sample_cnt: 200000]
[data_random_seed: 13809]
[is_enable_sparse: 1]
[enable_bundle: 1]
[use_missing: 1]
[zero_as_missing: 0]
[feature_pre_filter: 1]
[pre_partition: 0]
[two_round: 0]
[header: 0]
[label_column: ]
[weight_column: ]
[group_column: ]
[ignore_column: ]
[categorical_feature: ]
[forcedbins_filename: ]
[precise_float_parser: 0]
[parser_config_file: ]
[objective_seed: 22279]
[num_class: 1]
[is_unbalance: 0]
[scale_pos_weight: 1.92136]
[sigmoid: 1]
[boost_from_average: 1]
[reg_sqrt: 0]
[alpha: 0.9]
[fair_c: 1]
[poisson_max_delta_step: 0.7]
[tweedie_variance_power: 1.5]
[lambdarank_truncation_level: 30]
[lambdarank_norm: 1]
[label_gain: ]
[lambdarank_position_bias_regularization: 0]
[eval_at: ]
[multi_error_top_k: 1]
[auc_mu_weights: ]
[num_machines: 1]
[local_listen_port: 12400]
[time_out: 120]
[machine_list_filename: ]
[machines: ]
[gpu_platform_id: -1]
[gpu_device_id: -1]
[gpu_device_id_list: ]
[gpu_use_dp: 0]
[num_gpu: 1]

end of parameters

pandas_categorical:null
