tree
version=v4
num_class=1
num_tree_per_iteration=1
label_index=0
max_feature_idx=19
objective=binary sigmoid:1
feature_names=hours_since_last_event_t armed_day_share_30d alarm_day_share_7d disarm_share_30d hours_since_guard_change days_since_last_armed hours_since_last_armed day_of_week date_event_share_prev_years net_event_share_7d hours_since_last_alarm_t disarm_hours_7d day_of_year n_armed_90d net_event_share_1d obj_alarms_7d alarm_day_share_365d n_armed_7d unit_age_days day_of_month
feature_infos=[1:55452] [0:1] [0:1] [0:0.62407410144805908] [1:10908] [1:2310] [1:55440] [0:6] [0.0047700586728751659:0.060240965336561203] [0.00049261085223406553:0.060240965336561203] [1:47052] [0:168] [1:366] [0:3726] [0:0.18933333456516266] [0:5470] [0:0.87671232223510742] [0:3726] [0:2376] [1:31]
tree_sizes=3385 3438 3461 3457 3464 3482 3470 3484 3480 3517 3500 3531 3491 3511 3513 3503 3506 3490 3524 3493 3513 3532 3506 3540 3506 3516 3535 3533 3498 3535 3526 3548 3512 3524 3514 3544 3508 3526 3512 3521 3547 3517 3543

Tree=0
num_leaves=31
num_cat=0
split_feature=0 2 0 13 13 16 10 2 4 7 2 5 18 13 4 10 8 13 16 9 8 11 10 9 5 13 18 0 4 7
split_gain=82476.3 35085 23194.9 14217 9593.54 7453.73 5509.32 5022.26 4090.76 6580.73 3240.47 3065.44 2888.16 2839.09 2787.68 1898.07 1869.59 1857.18 1824.63 1687.64 1641.29 1510.11 1378.89 3546.05 1354.77 1271.08 1252.66 1215.85 1146.7 1471.55
threshold=28.500000000000004 0.5000000149011613 188.50000000000003 30.500000000000004 12.500000000000002 0.13287670910358432 1.5000000000000002 0.21428572386503222 103.50000000000001 3.5000000000000004 0.78571429848670971 64.500000000000014 293.50000000000006 48.500000000000007 181.50000000000003 49.500000000000007 0.039625190198421485 3.5000000000000004 0.08356164395809175 0.01084729051217437 0.029029963538050655 4.0416667461395273 1494.5000000000002 0.012341927271336319 2.5000000000000004 20.500000000000004 285.50000000000006 8.5000000000000018 1.5000000000000002 3.5000000000000004
decision_type=2 2 2 2 2 2 2 2 8 2 2 2 2 2 8 2 8 2 2 10 8 2 2 10 2 2 2 2 10 2
left_child=1 6 3 17 -3 21 25 -8 12 15 20 14 24 27 -4 -10 -15 -2 22 -17 -6 -5 -16 -24 -7 -1 -12 -9 29 -19
right_child=2 4 11 5 10 8 7 13 9 -11 26 -13 -14 16 18 19 -18 28 -20 -21 -22 -23 23 -25 -26 -27 -28 -29 -30 -31
leaf_value=-3.3163816489268623 -4.4839211334356861 -3.8514868653207794 -4.5394997144564426 -3.912672939299676 -3.1864406166647816 -2.7712262136274433 -4.178946506145218 -3.4494568464444431 -3.2189934013813799 -3.8653524389230043 -1.1602986245293936 -4.5686946117650127 -4.2316810736924539 -3.7482768565937463 -4.4649779153833471 -2.7509668481568368 -2.7622672179105585 -4.0814188866169401 -4.1465205634162645 -1.5067517500327265 -2.1495039923928871 -4.2712010175702675 -4.4365045851534912 -2.3404019331682817 -3.7112627336226529 -2.3379287076007369 -2.3106414986616621 -3.9607724796844468 -4.3935691313005831 -4.4032733513864724
leaf_weight=11.613440629094841 450.553238209337 8.8438396118581277 4589.8793221637607 41.407633390277624 5.0356382131576565 6.0322749428451088 136.92739574611187 14.907587293535469 4.9726927354931894 14.907587293535469 10.78465850651264 16392.638966247439 23.394735865294933 8.1724211834371108 672.9291198849678 4.7943472154438478 11.676386106759308 79.993211198598146 51.143200602382421 6.3155295923352242 15.757351242005823 101.02749165147543 7.6688573621213418 2.7381282784044743 10.511894769966601 4.6474744342267504 3.0318738408386698 52.821746673434973 328.6803025379777 63.868678003549576
leaf_count=1107 42947 843 437510 3947 480 575 13052 1421 474 1421 1028 1562556 2230 779 64144 457 1113 7625 4875 602 1502 9630 731 261 1002 443 289 5035 31330 6088
internal_value=-4.53594 -3.68944 -4.54647 -4.32627 -2.3818 -3.95843 -3.92545 -3.98982 -3.53964 -3.10857 -2.00625 -4.55799 -3.87412 -3.69412 -4.52503 -2.40708 -3.16824 -4.41129 -4.43459 -2.04368 -2.40063 -4.16697 -4.45615 -3.88501 -3.36851 -3.03673 -1.41273 -3.84823 -4.34204 -4.22431
internal_weight=23137.7 284.22 22853.5 1136.46 43.4534 213.364 240.766 224.506 70.9291 30.9902 34.6095 21717 39.9389 87.5781 5324.36 16.0826 19.8488 923.095 734.479 11.1099 20.793 142.435 683.336 10.407 16.5442 16.2609 13.8165 67.7293 472.542 143.862
internal_count=2205497 27092 2178405 108328 4142 20338 22950 21400 6761 2954 3299 2070077 3807 8348 507521 1533 1892 87990 70011 1059 1982 13577 65136 992 1577 1550 1317 6456 45043 13713
is_linear=0
shrinkage=1


Tree=1
num_leaves=31
num_cat=0
split_feature=1 0 0 5 3 15 1 2 0 1 4 10 12 11 14 13 3 3 4 15 0 3 13 1 0 10 15 15 12 15
split_gain=36392 5191.02 4272.92 2438.74 1725.93 968.953 880.763 1277.16 980.47 867.776 671.609 563.087 1768.32 557.923 516.521 1997.96 4617.02 2350.77 506.711 892.359 449.836 492.825 587.183 545.797 427.073 403.777 403.388 1005.38 630.234 1120.13
threshold=0.050000002607703216 173.50000000000003 18.500000000000004 64.500000000000014 0.0094097224064171332 1.5000000000000002 0.083333335816860213 0.78571429848670971 18.500000000000004 0.28333334624767309 59.500000000000007 1304.5000000000002 279.50000000000006 11.191666603088381 0.044755019247531898 1.0000000180025095e-35 0.18077546358108523 0.20325231552124026 7.5000000000000009 37.500000000000007 100.50000000000001 0.12520833313465121 33.500000000000007 0.15000000596046451 28.500000000000004 6.5000000000000009 26.500000000000004 27.500000000000004 278.50000000000006 53.500000000000007
decision_type=2 2 2 2 2 2 2 2 2 2 10 2 2 2 10 2 2 2 10 2 2 2 2 2 2 2 2 2 2 2
left_child=2 6 25 4 5 -4 8 20 -2 13 11 26 -13 -3 -6 16 18 -18 19 -16 21 -8 23 -23 -25 -1 -7 -28 -29 -30
right_child=1 9 3 -5 14 10 7 -9 -10 -11 -12 12 -14 -15 15 -17 17 -19 -20 -21 -22 22 -24 24 -26 -27 27 28 29 -31
leaf_value=0.31509094263460369 0.37284587835598104 0.14221942331451307 -0.0071268240920662439 -0.032174977996337881 -0.0088333803619427675 0.058229901939310193 0.28927319127811874 0.17248558040740813 0.13735595056443481 0.51145030790456958 0.8591367604132385 0.18220568178061672 1.3293673881438079 0.044286017930495358 1.2474664341302129 0.0062894558080334078 2.7495375234913899 0.6688198756517193 0.032117984509429806 -0.017037716898743577 0.23298355827902251 0.37578367741017221 0.31670405819658859 0.48788163614814861 0.81942531814050301 0.15660454178264002 0.85734805848746076 0.096505397067343457 0.1710124691861461 1.0271480769415329
leaf_weight=81.096303286030889 53.982033116742969 220.79919760394841 261.94278774596751 15872.023361008614 4540.1539181340486 344.57403452321887 410.42040788102895 229.49229716416448 243.93982237484306 11.741181859746574 2.9679712168872348 46.102827060967684 3.623337820172309 426.04259239416569 2.6194110885262551 165.18888062890619 2.8749265708029261 2.5717524960637093 18.753283459693193 2.9853108339011669 171.1315222484991 63.594883434474468 162.13914158195257 26.817623917013407 15.228978091850875 79.668929761275649 4.9010899234563103 151.51083752233535 14.435310697183015 5.1956422440707675
leaf_count=3586 2370 18181 22955 1562260 427509 29744 14539 2202 18272 995 265 2850 322 40401 250 15096 275 246 1793 285 10060 4107 4669 856 1249 4846 416 12541 1147 407
internal_value=-0.00121766 0.2009 -0.02026 -0.0221855 0.00627805 0.0725449 0.256128 0.277144 0.180026 0.0854481 0.108946 0.105043 0.265795 0.0777155 -0.00541105 0.0742732 0.451065 1.76709 0.15679 0.573938 0.305423 0.323701 0.376468 0.468194 0.607964 0.236551 0.0896886 0.151264 0.131043 0.397602
internal_weight=23638.5 2035.33 21603.2 21442.4 5570.4 835.254 1376.75 1078.82 297.922 658.583 573.311 570.343 49.7262 646.842 4735.15 194.994 29.8047 5.44668 24.358 5.60472 849.333 678.201 267.781 105.641 42.0466 160.765 520.617 176.043 171.142 19.631
internal_count=2204694 117901 2086793 2078361 516101 70647 58324 37682 20642 59577 47692 47427 3172 58582 445454 17945 2849 521 2328 535 35480 25420 10881 6212 2105 8432 44255 14511 14095 1554
is_linear=0
shrinkage=0.05


Tree=2
num_leaves=31
num_cat=0
split_feature=1 0 0 0 3 15 1 0 2 7 14 9 9 16 11 6 18 0 3 11 11 19 5 5 17 9 9 14 9 16
split_gain=27200.4 3208.54 2890.9 1655.49 872.307 942.176 603.211 955.445 492.053 436.338 426.961 410.685 934.979 656.666 358.447 335.258 312.092 664.172 308.141 509.622 292.511 301.115 285.934 375.402 281.264 247.782 278.617 767.962 566.061 247.007
threshold=0.050000002607703216 540.50000000000011 205.50000000000003 18.500000000000004 0.0094097224064171332 1.0000000180025095e-35 0.11666667088866235 18.500000000000004 0.78571429848670971 3.5000000000000004 0.018592592328786853 0.0046144798398017892 0.0038591725751757626 0.02602739725261927 20.691666603088382 2414.5000000000005 227.50000000000003 28.500000000000004 0.051354166120290763 23.908332824707035 84.77500152587892 22.500000000000004 110.50000000000001 50.500000000000007 3.5000000000000004 0.04223990440368653 0.034713298082351692 0.032107036560773856 0.037312678992748267 0.21232876181602481
decision_type=2 2 2 2 2 2 2 2 2 2 8 10 8 2 2 2 2 2 2 2 2 2 2 2 2 10 10 10 8 2
left_child=1 3 6 -1 5 -3 7 -2 16 11 -5 12 -7 -14 29 -6 17 -8 19 25 -20 -22 23 -13 -19 26 -12 28 -28 -4
right_child=2 4 14 10 15 9 8 -9 -10 -11 18 22 13 -15 -16 -17 -18 24 20 -21 21 -23 -24 -25 -26 -27 27 -29 -30 -31
leaf_value=0.17239981257193193 0.27135412564102274 -0.02315875026338355 0.097803474945527574 0.010918262582721272 -0.018074311760649039 0.023413124461128712 0.20788431666562734 0.11967771040551289 0.14646323392230595 0.014039628369358357 0.098636216587055139 0.070114275263176484 0.31826257490713183 1.2284880721798757 0.030905895098570391 -0.033342231183930662 0.20519222988449096 0.28417830785981429 0.024922327534221102 0.77679584335157248 0.1203853389717567 0.69448435253770058 -0.024192054891941841 0.20999271660398305 0.4321601083736738 -0.018699911937238817 0.97868374172010197 0.10446655290200001 0.17776137648756887 0.34959494038041461
leaf_weight=203.09630636312068 129.60250730253756 627.89323429111391 261.30186658352613 1638.0671477979049 4995.9652092140168 10.131062150001528 195.02304230071604 522.05032296478748 242.27982996217906 197.68783870339394 102.73196417652071 137.44900928623974 4.1991201713681212 3.7518940214067698 355.95022245123982 12826.396056625061 601.16565879527479 67.872957923449576 285.87473949696869 2.8987160986289373 7.8984147701412422 3.2131751691922545 41.809036226011813 73.677804922685027 60.939309444278479 31.240043728612363 5.437650074250997 20.896838087588549 3.7121121268719444 10.117332711815832
leaf_count=8498 3860 61577 20138 148077 488732 893 2645 32326 2070 16453 7751 11048 338 273 32316 1302917 18745 2900 25530 182 755 217 4247 4608 2486 2395 325 1453 266 769
internal_value=-0.00141647 -0.0196133 0.156459 0.0360818 -0.0263992 0.0168836 0.18838 0.149844 0.209894 0.0705256 0.0229105 0.111728 0.341929 0.747776 0.0639084 -0.0290623 0.226508 0.266079 0.0652555 0.119612 0.0347054 0.286399 0.0952712 0.118928 0.354186 0.107997 0.137806 0.271732 0.653745 0.107189
internal_weight=23670.3 21224 2446.3 2305.07 18919 1096.6 1818.93 651.653 1167.28 468.706 2101.97 271.018 18.0821 7.95101 627.369 17822.4 925.001 323.835 463.904 166.917 296.986 11.1116 252.936 211.127 128.812 164.019 132.779 30.0466 9.14976 271.419
internal_count=2204790 2086535 118255 195449 1891086 99437 65032 36186 28846 37860 186951 21407 1504 611 53223 1791649 26776 8031 38874 12372 26502 972 19903 15656 5386 12190 9795 2044 591 20907
is_linear=0
shrinkage=0.05


Tree=3
num_leaves=31
num_cat=0
split_feature=0 1 5 4 0 7 16 9 14 14 19 12 1 14 1 19 15 9 19 0 15 14 7 19 9 9 11 14 9 7
split_gain=22275.8 3025.89 2030.1 1477.7 1296.5 595.35 643.083 526.12 366.494 396.839 340.654 680.584 331.66 293.74 298.072 290.081 287.776 275.572 364.349 238.4 233.476 414.731 219.584 311.222 344.454 1083.28 210.733 208.084 206.904 192.448
threshold=237.50000000000003 0.083333335816860213 64.500000000000014 181.50000000000003 18.500000000000004 3.5000000000000004 0.08082191646099092 0.035857716575264938 0.035716535523533828 0.020040160045027736 8.5000000000000018 310.50000000000006 0.050000002607703216 0.044088352471590049 0.050000002607703216 18.500000000000004 19.500000000000004 0.011816092301160099 3.5000000000000004 73.500000000000014 26.500000000000004 0.00342481816187501 5.5000000000000009 4.5000000000000009 0.013169248122721912 0.014409638475626709 89.491664886474624 0.05823293328285218 0.012969696894288065 3.5000000000000004
decision_type=2 2 2 8 2 2 2 10 10 10 2 2 2 10 2 2 2 10 2 2 2 10 2 2 10 8 2 8 10 2
left_child=1 4 3 13 -1 6 7 10 9 -9 11 17 29 14 -2 16 -11 -5 -19 -14 -12 -22 -7 24 -24 -26 -15 -10 -20 -6
right_child=2 -3 -4 5 12 22 -8 8 27 15 20 -13 19 26 -16 -17 -18 18 28 -21 21 -23 23 -25 25 -27 -28 -29 -30 -31
leaf_value=0.15839310155492906 -0.01414914414045626 0.16302877554666415 -0.030883775332249397 0.030743225096997562 0.052022894645730837 -0.013358422082044486 0.2736079590594338 0.02726383688107489 0.027578075215820948 0.61912325781087407 0.012244003386547637 0.52725445458906817 0.14306655626673301 0.041640516876612209 0.031350586009391154 0.74819047744132294 0.068236029406805732 0.058967432137710933 0.58081811478151302 0.060286760678587695 0.65396219679535406 0.090326714765258498 -0.0023351661472291742 0.036578361866115919 1.2109341635145654 0.10742848190176096 0.40530107917037439 0.34613834037758795 0.24199722243956012 0.0079515027550477804
leaf_weight=331.83237478323281 3729.2048109387979 1715.1827247245237 14923.45193260815 66.254794303327799 587.31857560481876 236.88238457497209 47.593087915331125 5.7753959847614196 19.727687573991719 4.4727001050487178 241.35476754233241 10.013557656668125 129.46997650247067 228.69238403812051 398.40548335760832 7.17423625383526 5.0442499369382858 26.550830323249102 6.0595746571198132 264.99284705705941 3.4740010900422922 53.91198392957449 7.2368925185874131 108.22194528579712 3.210216669365761 7.2391238817945132 4.0542665934190145 6.9258929817005983 17.571727469563484 428.38279822841287
leaf_count=10837 363439 44190 1561931 5061 46489 18353 2556 467 1380 214 19024 555 7239 18156 34228 253 366 1529 181 17134 188 3388 556 8314 253 488 292 483 1167 35868
internal_value=-0.00137832 0.115887 -0.0214794 0.00527851 0.0694712 0.0641971 0.0983944 0.0808132 0.235746 0.384505 0.0629146 0.131704 0.0485466 -0.00667577 -0.00975742 0.508115 0.327138 0.0976867 0.186071 0.0874566 0.0337976 0.124448 0.0150014 0.0683572 0.262812 0.446444 0.0479752 0.110355 0.328878 0.0334353
internal_weight=23625.7 3457.18 20168.5 5245.05 1742 884.695 521.904 474.311 49.1202 22.4666 425.191 126.45 1410.16 4360.36 4127.61 16.6912 9.51695 116.437 50.1821 394.463 298.741 57.386 362.791 125.908 17.6862 10.4493 232.747 26.6536 23.6313 1015.7
internal_count=2204579 161757 2042822 480891 117567 64776 36812 34256 3163 1300 31093 8493 106730 416115 397667 833 580 7938 2877 24373 22600 3576 27964 9611 1297 741 18448 1863 1348 82357
is_linear=0
shrinkage=0.05


Tree=4
num_leaves=31
num_cat=0
split_feature=0 1 5 11 0 15 7 1 0 16 2 14 2 16 9 19 12 8 15 0 13 12 1 13 8 3 3 14 11 15
split_gain=18453.1 2252.58 1809.51 1206.2 887.635 451.906 456.969 273.726 285.996 281.223 282.647 259.297 247.062 239.561 310.467 303.604 343.983 408.578 281.29 238.221 225.824 286.576 209.571 215.167 404.214 872.717 610.94 1686.63 1478.05 291.304
threshold=255.50000000000003 0.083333335816860213 64.500000000000014 1.0000000180025095e-35 39.500000000000007 1.0000000180025095e-35 3.5000000000000004 0.18333333730697635 28.500000000000004 0.13287670910358432 0.6428571641445161 0.018592592328786853 0.5000000149011613 0.08082191646099092 0.029986129142344001 8.5000000000000018 278.50000000000006 0.029946870170533661 4.5000000000000009 18.500000000000004 21.500000000000004 118.50000000000001 0.050000002607703216 1.0000000180025095e-35 0.0067131421528756627 0.29614584147930151 0.16609954088926318 0.008217744994908573 41.274999618530281 15.500000000000002
decision_type=2 2 2 2 2 2 2 2 2 2 2 10 2 2 10 2 2 8 2 2 2 2 2 2 10 2 2 10 2 2
left_child=1 4 3 5 -1 -2 13 19 12 10 -10 -6 -9 14 15 16 18 -18 -7 -3 -16 -22 23 24 25 26 -5 28 -28 -29
right_child=2 7 -4 22 11 6 -8 8 9 -11 -12 -13 -14 -15 20 -17 17 -19 -20 -21 21 -23 -24 -25 -26 -27 27 29 -30 -31
leaf_value=0.11133683140269351 -0.0072793137691438171 0.16463528256475973 -0.030395909209461239 -0.015826368834557816 0.025369046386550825 0.40655258392971522 0.023756416146536355 0.17815324154903933 0.21265809554054621 0.15193697278971932 0.45349469387664687 0.075933873503880256 0.10915342735045495 0.20127367056893875 0.15499515949248263 0.03419745679477465 0.16493198835547662 0.62076326298991258 0.061257440521860357 0.099705594631536096 0.13212595420953108 0.79448127994142914 0.02679552617817469 -0.014377004478881825 -0.029108813566837012 0.96820454195280825 2.118533681014596 0.0083154304888161581 0.29520949120121259 0.22360860142125835
leaf_weight=582.69722664915025 217.09571134764701 180.26291851513088 14479.669507035054 90.71067045815289 1039.606266069226 6.4434066172689191 268.12757540680468 182.87057605199516 163.39770490303636 318.38405728712678 13.164071250706909 335.31186245847493 446.46844884008169 57.988757862709463 72.651488672941923 203.46309006307274 15.086535540409388 7.2920466791838399 69.694825843907893 652.9737205542624 3.279880844987928 3.2524003637954593 409.47459256462753 3520.8705233708024 154.07371563278139 2.7444064896553746 2.0285414922982445 31.381593666039407 2.4585790280252695 31.465776047669351
leaf_count=22279 18223 3226 1562096 8644 80579 356 19273 3137 5523 5076 457 22679 2706 2385 3890 13819 517 349 3996 25284 213 191 34100 346928 15079 139 202 1322 242 1679
internal_value=-0.00157926 0.0975441 -0.0213297 0.00406419 0.059619 0.0558222 0.0751909 0.135471 0.151567 0.180004 0.230614 0.0377007 0.129203 0.106595 0.0921905 0.0690831 0.141131 0.313464 0.090479 0.113753 0.180314 0.46191 -0.0072059 -0.0108356 0.0287646 0.0842208 0.0688707 0.182972 1.1195 0.116106
internal_weight=23564.4 3915.14 19649.3 5169.58 1957.62 924.376 707.28 1957.52 1124.28 494.946 176.562 1374.92 629.339 439.152 381.164 301.98 98.5168 22.3786 76.1382 833.237 79.1838 6.53228 4245.21 3835.73 314.863 160.79 158.045 67.3345 4.48712 62.8474
internal_count=2204589 170946 2033643 471547 125537 63212 44989 45409 16899 11056 5980 103258 5843 25716 23331 19037 5218 866 4352 28510 4294 404 408335 374235 27307 12228 12089 3445 444 3001
is_linear=0
shrinkage=0.05


Tree=5
num_leaves=31
num_cat=0
split_feature=0 1 5 11 0 15 12 14 7 14 12 12 12 12 19 9 1 0 0 14 0 1 9 10 16 9 12 12 14 16
split_gain=15676.1 2121.8 1267.22 879.034 811.311 316.315 350.951 486.852 348.295 304.913 227.797 430.673 226.216 242.433 213.717 209.4 206.301 323.871 229.539 188.681 176.246 169.929 166.229 163.371 159.722 255.281 491.999 669.991 158.383 156.315
threshold=342.50000000000006 0.083333335816860213 64.500000000000014 1.0000000180025095e-35 39.500000000000007 26.500000000000004 36.500000000000007 1.0000000180025095e-35 5.5000000000000009 0.019646301865577701 334.50000000000006 336.50000000000006 220.50000000000003 262.50000000000006 11.500000000000002 0.0088977832347154635 0.25000000745058065 28.500000000000004 18.500000000000004 0.036072287708520896 1317.5000000000002 0.050000002607703216 0.0050794654525816449 4.5000000000000009 0.056164383888244636 0.029487091116607193 126.50000000000001 64.500000000000014 0.089004293084144606 0.11095890402793886
decision_type=2 2 2 2 2 2 2 8 2 8 2 2 2 2 2 10 2 2 2 10 2 2 10 2 2 10 2 2 8 2
left_child=1 4 3 5 23 10 7 -7 -9 21 24 -12 -8 14 -14 -4 18 -18 22 -5 -13 -6 -3 -1 25 -2 27 -27 -25 -19
right_child=2 16 15 19 9 6 12 8 -10 -11 11 20 13 -15 -16 -17 17 29 -20 -21 -22 -23 -24 28 -26 26 -28 -29 -30 -31
leaf_value=0.13711649233558104 -0.0047679395793246461 0.26794772915932275 -0.033708472261849469 -0.013083781642184196 0.0086696131155659419 0.78748028294350814 0.04443323554430189 -0.043660127313084197 0.58314591007536631 0.066253974411195821 0.47980015832147149 0.019409041332922667 0.093898404407761232 0.086814781295444982 0.42440247325841929 -0.020245433822223997 0.10758998040813834 0.21970277167747421 0.090269356262886277 0.028520312613385279 0.28788421373625817 0.048118947318726513 0.12920961610115586 0.090852488581217666 0.079053599836281879 0.15191134871092327 0.043999125516717918 1.0327343233062425 -0.00036374309690644823 0.14793516775185761
leaf_weight=174.16391605325043 424.95318858791143 23.439796842634678 10000.296148093417 3544.7505714101717 1031.9813378062099 4.2803223412483904 117.74533775169402 7.0645656762644649 3.2293665912002325 453.7983837518841 7.6191384624689809 32.603935421444476 7.7979996884241727 35.665542130358517 13.122325313277541 4061.1257303422317 557.43672299385071 103.50728950090706 1030.3068804126233 295.21515507344157 7.5235723573714486 371.15730932634324 273.60497312992811 416.18680487852544 100.92601796705276 7.1558369453996402 62.793042978271842 3.0916349729523063 53.732896936126053 284.18029652908444
leaf_count=3445 32005 439 1111987 349304 87610 76 7210 502 143 30014 279 2159 350 1508 407 450928 4372 2710 36024 23960 180 23102 3759 16606 5417 543 3874 217 2250 4285
internal_value=-0.00171453 0.0791745 -0.0223221 0.000227848 0.0473988 0.0467039 0.103623 0.339326 0.152979 0.0306271 0.0300766 0.13518 0.0839177 0.166078 0.301208 -0.0298202 0.114146 0.131999 0.101434 -0.00988527 0.0697459 0.0191047 0.140157 0.0957528 0.0216976 0.0100736 0.0964222 0.417653 0.0804224 0.167096
internal_weight=23510.5 4773.5 18737 4675.54 2501.02 835.572 188.905 14.5743 10.2939 1856.94 646.666 47.7466 174.331 56.5859 20.9203 14061.4 2272.48 945.124 1327.35 3839.97 40.1275 1403.14 297.045 644.084 598.92 497.994 73.0405 10.2475 469.92 387.688
internal_count=2205665 214616 1991049 428134 163027 54870 10196 721 645 140726 44674 2618 9475 2265 757 1562915 51589 11367 40222 373264 2339 110712 4198 22301 42056 36639 4634 760 18856 6995
is_linear=0
shrinkage=0.05


Tree=6
num_leaves=31
num_cat=0
split_feature=0 1 0 3 0 17 7 15 14 18 1 15 16 5 15 15 15 15 18 15 14 14 11 13 12 3 19 11 14 5
split_gain=13574.4 1825.1 1158.25 872.971 447.145 441.254 339.129 207.02 187.475 159.071 161.496 140.891 138.653 168.971 167.555 228.259 156.979 261.389 151.771 155.825 136.369 817.806 967.991 130.966 363.101 409.024 460.19 352.663 270.724 159.759
threshold=361.50000000000006 0.050000002607703216 2119.5000000000005 0.04359953664243222 18.500000000000004 1.5000000000000002 3.5000000000000004 1.0000000180025095e-35 0.018691621720790867 236.50000000000003 0.25000000745058065 96.500000000000014 0.08356164395809175 52.500000000000007 26.500000000000004 53.500000000000007 38.500000000000007 27.500000000000004 32.500000000000007 7.5000000000000009 0.044755019247531898 0.046877861022949226 32.991666793823249 1.0000000180025095e-35 72.500000000000014 0.19348379224538806 21.500000000000004 47.608331680297859 0.097609195858240141 56.500000000000007
decision_type=2 2 2 2 2 2 2 2 8 2 2 2 2 2 2 2 2 2 2 2 10 10 2 2 2 2 2 2 8 2
left_child=1 4 3 6 -1 9 7 -2 -6 10 -3 -7 13 14 18 16 17 -16 19 -9 -4 22 -22 24 25 27 28 -5 -27 -28
right_child=2 5 20 23 8 11 -8 12 -10 -11 -12 -13 -14 -15 15 -17 -18 -19 -20 -21 21 -23 -24 -25 -26 26 29 -29 -30 -31
leaf_value=0.084100963787944905 0.013034017915745797 0.084230142397883734 -0.031339778049789331 0.0069888301253768857 0.0099618373044359394 0.11268499356740176 0.0021140607930652 0.54738472808540106 0.04847387706599076 0.056351192211482715 0.19405435549662281 0.083000270281040525 0.15674515588617097 0.12232228245775241 0.3843021852499679 0.023505399960724194 0.27249347589508938 0.015536489660815379 0.01769699601073986 0.060231959725359933 1.3022970870877935 -0.0075051149147396176 -0.050447822860503415 -0.014872703295855725 -0.035343134603767555 -0.040440471637425118 0.51441689652037814 0.58959047476129511 0.27730440787223098 0.22269600695689987
leaf_weight=330.81088757887483 169.21494346484542 211.88411981705576 12128.264331910759 119.07620641682297 1179.3879813654348 1639.3145905053243 407.23883975297213 2.7585581075400105 431.66124072764069 854.62021868024021 39.754359673708677 528.6156417792663 49.41889909747988 107.54009302053601 6.164553793147209 46.166026329621673 23.336971391923726 21.794628481380641 209.98251876886934 4.0538156433030963 2.6242928951978675 253.81981893256307 2.6658367542549968 4450.4450282342732 165.03041600435972 19.564112466759983 10.461237559095027 2.6554334070533505 10.197962388396261 8.5119144925847632
leaf_count=8452 15189 9463 1390572 8980 97480 31525 32331 211 27683 39326 863 9090 2026 4669 138 2483 873 1219 14285 300 298 28784 303 458601 17321 1663 324 228 69 194
internal_value=-0.00156267 0.0695577 -0.021922 -0.00355215 0.031153 0.0923349 0.0377881 0.0604725 0.0202807 0.0666394 0.10158 0.105447 0.0775078 0.0682242 0.0497116 0.104163 0.176755 0.0968434 0.0252322 0.257496 -0.030573 0.00531889 0.620613 -0.0126018 0.0175229 0.068703 0.191109 0.0196976 0.0684347 0.383542
internal_weight=23437 5216.05 18221 5833.61 1941.86 3274.19 1047.67 640.431 1611.05 1106.26 251.638 2167.93 471.216 421.797 314.257 97.4622 51.2962 27.9592 216.795 6.81237 12387.4 259.11 5.29013 4785.94 335.497 170.467 48.7352 121.732 29.7621 18.9732
internal_count=2204943 223882 1981061 561104 133615 90267 73724 41393 125163 49652 10326 40615 26204 24178 19509 4713 2230 1357 14796 511 1419957 29385 601 487380 28779 11458 2250 9208 1732 518
is_linear=0
shrinkage=0.05


Tree=7
num_leaves=31
num_cat=0
split_feature=0 0 0 3 3 7 15 7 13 11 13 6 14 14 9 15 12 15 15 8 12 12 13 7 12 15 3 14 18 15
split_gain=11681.2 1095.97 1045.87 776.064 459.288 361.009 313.677 294.029 268.975 255.743 242.788 235.278 462.114 206.067 182.541 180.542 187.082 169.595 156.517 276.089 273.485 297.23 148.302 269.838 368.897 486.149 248.048 141.856 134.559 286.008
threshold=361.50000000000006 1753.5000000000002 87.500000000000014 0.019895832985639576 0.0094097224064171332 3.5000000000000004 133.50000000000003 3.5000000000000004 7.5000000000000009 4.0416667461395273 3.5000000000000004 1670.5000000000002 0.010680926963686945 0.015874016098678115 0.0088977832347154635 173.50000000000003 146.50000000000003 1.0000000180025095e-35 5.5000000000000009 0.025504567660391334 194.50000000000003 90.500000000000014 1.0000000180025095e-35 2.5000000000000004 62.500000000000007 15.500000000000002 0.16609954088926318 0.016470946371555332 507.50000000000006 57.500000000000007
decision_type=2 2 2 2 2 2 2 2 2 2 2 2 10 10 10 2 2 2 2 10 2 2 2 2 2 2 2 10 2 2
left_child=2 3 10 7 5 6 8 11 9 -4 -1 17 -13 -6 -3 -12 -17 -2 19 20 21 -19 23 24 25 -5 -27 -28 -10 -30
right_child=1 14 4 22 13 -7 -8 -9 28 -11 15 12 -14 -15 -16 16 -18 18 -20 -21 -22 -23 -24 -25 -26 26 27 -29 29 -31
leaf_value=0.052314880591572736 0.0077460191234087483 -0.032860031585016165 0.029972969078249225 0.00087142080648834489 0.01229147880515837 0.022585581174034183 0.40282967809874776 0.0025956158321854736 0.090065210049758301 0.3546428916213521 0.094170137089825592 0.015961759936605546 0.89440275135291059 0.049437162665052062 -0.019695357099965116 -0.0050476316444451365 0.078527072612527338 0.13730562896739054 0.062864163355736011 0.030676139489110178 -0.021604084278730794 0.60054528379628147 -0.013721604391331514 -0.027219003385425589 -0.030543510625832684 0.03047800600047746 0.39083873244473577 0.20704369386625748 0.12802923329840984 0.35029967080018748
leaf_weight=559.45833340007812 134.58731230255216 9084.0101727591828 176.26397544611245 45.911055851727724 1189.9020770667121 263.10097027104348 8.1241517253220064 347.9360055970028 189.89959881268442 6.2815502788871518 2111.3175331605598 3.7621459746733299 2.4867470832541585 544.08362751174718 3708.0057584131137 94.699171984568238 228.61015209183097 5.844061651267114 423.76652450766414 18.361325815320015 4.8782489495351902 8.4980377200990898 3777.9949579397216 148.0187729857862 62.643764501437545 13.577677795663474 16.531635656952858 28.765814606100321 116.50554545316845 16.525807386264205
leaf_count=25406 11170 1076246 9992 2227 87548 13255 281 25984 4801 299 39825 399 214 32104 431341 3546 3366 390 20016 1076 258 286 387562 14832 6593 1310 339 429 3117 399
internal_value=-0.00161037 -0.0212614 0.0620594 -0.0015224 0.0382596 0.0702126 0.0946104 0.039188 0.0896566 0.0411451 0.0820168 0.0603307 0.365537 0.0239469 -0.029044 0.088842 0.0540476 0.0571303 0.071537 0.169331 0.301789 0.411786 -0.0109716 0.021964 0.065445 0.122829 0.217933 0.274121 0.117079 0.155641
internal_weight=23340.4 17835.6 5504.77 5043.56 2510.69 776.702 513.601 950.12 505.476 182.546 2994.09 602.184 6.24889 1733.99 12792 2434.63 323.309 595.936 461.348 37.5817 19.2203 14.3421 4093.44 315.449 167.43 104.786 58.8751 45.2975 322.931 133.031
internal_count=2204611 1980672 223939 473085 151796 32144 18889 59793 18608 10291 72143 33809 613 119652 1507587 46737 6912 33196 22026 2010 934 676 413292 25730 10898 4305 2078 768 8317 3516
is_linear=0
shrinkage=0.05


Tree=8
num_leaves=31
num_cat=0
split_feature=1 5 4 17 10 15 7 9 18 7 9 9 11 16 19 10 19 8 12 15 12 8 9 13 18 19 18 8 10 16
split_gain=9726.53 1862.27 604.051 466.534 452.951 373.157 250.092 220.48 181.801 173.12 144.385 165.56 330.708 136.484 132.718 125.198 124.371 216.537 113.004 182.706 243.821 174.291 223.593 174.601 167.039 145.249 161.292 157.689 266.773 134.67
threshold=0.050000002607703216 64.500000000000014 99.500000000000014 1.5000000000000002 47.500000000000007 2.5000000000000004 3.5000000000000004 0.0088977832347154635 236.50000000000003 5.5000000000000009 0.0098552517592906969 0.0099180033430457133 70.883335113525405 0.039726026356220252 24.500000000000004 19.500000000000004 4.5000000000000009 0.050911404192447669 154.50000000000003 33.500000000000007 160.50000000000003 0.014921091496944429 0.0046144798398017892 15.500000000000002 32.500000000000007 11.500000000000002 644.50000000000011 0.037005163729190833 92.500000000000014 0.089041095227003111
decision_type=2 2 8 2 2 2 2 10 2 2 10 10 2 2 2 2 2 8 2 2 2 10 10 2 2 2 2 8 2 2
left_child=1 2 4 8 -1 -4 14 -3 13 -8 -6 12 -12 -2 18 -9 17 -11 21 20 -20 22 -7 -23 -24 27 -27 28 -21 -26
right_child=3 7 5 -5 10 6 9 15 -10 16 11 -13 -14 -15 -16 -17 -18 -19 19 25 -22 23 24 -25 29 26 -28 -29 -30 -31
leaf_value=0.028117406559201481 0.051561756229195656 -0.0314696472591652 -0.0096622294297059319 0.082238814068217758 -0.017852282878811323 0.23550526729265361 -0.013448200015464299 0.014717875155211474 0.038587043817844238 -0.015374382041258303 0.04283326718989109 -0.00011501437793484887 0.5334039022139454 0.11414657878229523 0.017829508371655988 -0.019756687756778166 0.040149572447231933 0.32177959402644163 0.43221763720549494 -0.027012093587597732 0.05667799252686332 0.0033927176583039053 0.1543211845900192 0.31646933882981065 0.0107780923480077 0.16896875007672338 0.4066061951237579 0.016985084115281334 0.34787335866373875 0.22394235303523125
leaf_weight=990.46045903954655 197.05028657335788 9157.358999107033 332.66387425269932 2468.3675131890923 2276.4822365175933 23.278731782920659 199.00624323729426 284.34189430996776 1245.3388192374259 8.2821383001282829 17.669569768942896 1564.2711004773155 4.2645838605239978 156.14000241924077 106.87040049117059 3567.8224645536393 97.66570664010942 11.205621980130671 4.4440298713743678 7.9358789073303369 157.5945048937574 127.2254039561376 38.520695705898106 4.6148633621633044 82.250621066428721 56.559933974407613 8.1720752576366049 31.554383712820709 11.804282914847134 8.1428947839885932
leaf_count=72267 9254 1113072 26711 40656 229246 652 13598 29421 62361 479 1686 140012 119 5528 5869 421925 6431 321 205 243 7422 6648 1918 199 4676 1360 269 1208 279 431
internal_value=-0.00162535 -0.0165177 0.00610354 0.0686107 -0.00204806 0.0361241 0.0515855 -0.0272479 0.0475669 0.0149398 -0.00978301 0.0017978 0.138213 0.0792295 0.0689046 -0.017212 0.063162 0.178492 0.0786154 0.101273 0.0669775 0.0564334 0.0928878 0.0143515 0.0671346 0.14917 0.198969 0.0863247 0.197163 0.0299805
internal_weight=23247.4 19180.5 6170.94 4066.9 4853.15 1317.79 985.128 13009.5 1598.53 316.16 3862.69 1586.21 21.9342 353.19 668.969 3852.16 117.153 19.4878 562.098 278.065 162.039 284.033 152.193 131.84 128.914 116.027 64.732 51.2945 19.7402 90.3935
internal_count=2204466 2086667 522249 117799 443330 78919 52208 1564418 77143 20829 371063 141817 1805 14782 31379 451346 7231 800 25510 10986 7627 14524 7677 6847 7025 3359 1629 1730 522 5107
is_linear=0
shrinkage=0.05


Tree=9
num_leaves=31
num_cat=0
split_feature=6 1 6 3 1 7 6 14 15 9 18 9 6 7 14 7 18 5 18 9 18 11 11 7 14 7 9 9 7 12
split_gain=8589.14 1092.61 990.546 631.797 297.913 194.192 177.706 176.841 169.776 154.761 145.287 137.312 134.328 133.309 341.874 707.793 947.602 245.558 188.709 132.835 161.113 128.222 127.929 117.239 115.749 110.979 142.452 106.243 104.981 144.702
threshold=406.50000000000006 0.050000002607703216 2536.5000000000005 0.04359953664243222 0.18333333730697635 3.5000000000000004 10.500000000000002 0.018592592328786853 160.50000000000003 0.024896631017327312 32.500000000000007 0.0093673029914498347 28.500000000000004 2.5000000000000004 1.0000000180025095e-35 1.5000000000000002 1068.5000000000002 432.50000000000006 349.50000000000006 0.039090441539883621 88.500000000000014 66.52500152587892 37.824998855590827 5.5000000000000009 0.020893351174890998 3.5000000000000004 0.0092135793529450911 0.032732071354985244 1.0000000180025095e-35 138.50000000000003
decision_type=2 2 2 2 2 2 2 8 2 10 2 10 2 2 10 2 2 2 2 10 2 2 2 2 10 2 10 10 2 2
left_child=1 7 3 5 6 -2 -3 12 28 10 21 -4 -1 14 15 18 -17 -18 -13 20 22 -5 -11 -7 -25 26 -8 -26 29 -9
right_child=2 4 11 9 -6 23 25 8 -10 19 -12 13 -14 -15 -16 16 17 -19 -20 -21 -22 -23 -24 24 27 -27 -28 -29 -30 -31
leaf_value=0.052527675557374864 0.044361249578235645 0.092406334137233953 -0.03245892606876729 0.012823810313785506 0.081295278281909591 -0.019893557313263057 0.035210085320826562 0.27752154030130027 -0.014591462305184738 -0.019721833994923159 -0.016259827528643696 0.5366202559679748 0.0058660475186699985 -0.029206659097441197 -0.013976516939524133 -0.029224810586602451 0.56692986349735908 1.1419623447212912 0.0020176153738708145 -0.018669320820403307 0.014547004570728309 0.14150370830622794 0.13967435852768303 0.017023704688243272 0.24843245812881554 0.034390503018002547 0.070635027608772882 0.036836042659251063 0.047691676646087172 0.074536420438914855
leaf_weight=174.43089286331087 752.04216625541449 259.97799541056156 7848.8215088555589 87.290247458964586 1634.7872108705342 248.40081739146262 440.59440714120865 11.83446896355599 106.58131288737059 16.859401610679924 4425.3134943507612 1.6997698172926892 1332.2177908103913 1594.1548021305352 1171.7841605357826 7.0775987403467289 5.6558740390464646 2.7637754334136844 57.195013950578868 240.45005100034177 356.91979993879795 24.875888201408088 49.684445426799357 126.45132127404213 11.288803022354843 829.24874835088849 797.37226675730199 12.50226543843746 473.36112570669502 34.015616345219314
leaf_count=6413 43246 3408 987254 7806 18276 21308 17917 517 5355 1219 483481 137 108645 192229 140139 860 428 188 6915 24578 37104 1057 1111 9823 459 32180 24577 781 25776 1627
internal_value=-0.00153834 0.0494051 -0.0197571 -0.00411952 0.0649368 0.0294065 0.0534454 0.0205479 0.0428895 -0.0115364 -0.0148354 -0.0290499 0.0112683 -0.0196294 -0.0073779 0.0965601 0.397217 0.755686 0.0174468 0.0110108 0.0278637 0.0413621 0.0992901 0.00119438 0.0360598 0.0485455 0.0580272 0.137238 0.0546889 0.126929
internal_weight=23135.7 6094.42 17041.2 6352.08 3961.98 1150.69 2327.19 2132.44 625.793 5201.39 4537.48 10689.2 1506.65 2840.33 1246.18 74.392 15.4972 8.41965 58.8948 663.914 423.464 112.166 66.5438 398.643 150.242 2067.22 1237.97 23.7911 519.211 45.8501
internal_count=2204814 244691 1960123 631973 96358 75617 78082 148333 33275 556356 492344 1328150 115058 340896 148667 8528 1476 616 7052 64012 39434 8863 2330 32371 11063 74674 42494 1240 27920 2144
is_linear=0
shrinkage=0.05


Tree=10
num_leaves=31
num_cat=0
split_feature=0 1 0 3 0 14 7 9 13 8 3 11 19 14 8 8 5 19 8 8 1 14 9 12 7 14 7 3 11 18
split_gain=8022.5 929.906 852.391 546.19 434.601 147.218 146.84 145.965 121.149 258.365 204.239 197.314 124.643 131.53 113.519 116.29 213.855 172.906 132.6 112.547 110.148 107.129 106.093 101.188 97.7725 249.743 573.216 799.246 2821.8 151.567
threshold=418.50000000000006 0.083333335816860213 2119.5000000000005 0.04359953664243222 18.500000000000004 0.018592592328786853 2.5000000000000004 0.0093673029914498347 1.0000000180025095e-35 0.0084779453463852423 0.19348379224538806 66.52500152587892 21.500000000000004 0.046462565660476692 0.041478902101516731 0.014921091496944429 82.500000000000014 11.500000000000002 0.014327652286738159 0.0091802682727575319 0.18333333730697635 1.0000000180025095e-35 0.01084729051217437 48.500000000000007 2.5000000000000004 1.0000000180025095e-35 1.5000000000000002 0.23910879343748095 43.241666793823249 349.50000000000006
decision_type=2 2 2 2 2 8 2 10 2 10 2 2 2 8 10 10 2 2 10 10 2 10 10 2 2 10 2 2 2 2
left_child=1 4 3 6 19 -6 14 -4 9 10 11 -5 13 -12 15 16 18 -18 21 -1 -3 23 -16 -2 25 26 29 28 -28 -9
right_child=2 20 7 8 5 -7 -8 24 -10 -11 12 -13 -14 -15 22 -17 17 -19 -20 -21 -22 -23 -24 -25 -26 -27 27 -29 -30 -31
leaf_value=0.096017103118573116 0.23463775286168415 0.054611452502936454 -0.031641914326114039 0.0072971704252553799 0.011792176284178156 0.037054152391505737 0.0090247791753867764 0.44830106072478443 -0.014253317481789304 -0.031009434589630611 -0.041308814355600375 0.35866604124651258 0.19935457739242235 0.17174751655226361 -0.020582636736199731 0.011175743442991597 0.056264521150284769 0.70162423766480519 0.16531407071344176 0.049972719660447182 0.073379837106618592 0.031397730255965393 0.16605919063668401 0.062272105132740174 -0.026783938751915166 -0.014148141623229636 -0.040191350543579279 0.016783339114670497 1.9365060827071592 -0.0045936677539358635
leaf_weight=209.59988900274038 13.103616607375441 1436.0455306628719 8038.1834210813977 115.66246256045997 2009.9344292739406 808.7944363784045 531.9666848750785 1.9039040766656388 4024.1788815548643 151.69377090223134 15.748640498146417 4.1384691745042792 32.23238955065608 13.414117395877836 9.8595548793673498 214.39888755790889 1.8736010752618302 2.3268005913123488 24.681664727628231 361.80385657399893 1715.7248223787174 229.58401887770742 33.429364913143218 24.313365491107106 1684.7040720684454 1262.6055768094957 4.7345951944589642 8.9026088342070562 2.9182898122817278 62.192808489315212
leaf_count=3769 165 37181 1047026 8226 142673 41573 38859 150 438824 17220 1259 122 447 65 594 12532 202 250 757 7107 18317 12855 826 1330 209774 154176 383 880 194 7550
internal_value=-0.0015811 0.0452774 -0.0201497 -0.00394922 0.0271011 0.0190407 0.0277839 -0.0281175 -0.0118553 0.0171329 0.0574366 0.019435 0.13159 0.0566916 0.045811 0.0392162 0.0595345 0.41376 0.0544334 0.0668625 0.0648284 0.0441836 0.123549 0.122635 -0.0187612 -0.00869921 0.0766035 0.338885 0.713587 0.00885894
internal_weight=23050.7 6541.9 16508.8 5442.61 3390.13 2818.73 1085.54 11066.1 4357.07 332.89 181.196 119.801 61.3951 29.1628 553.571 510.282 295.883 4.2004 291.683 571.404 3151.77 267.001 43.2889 37.417 3027.96 1343.26 80.6522 16.5555 7.65289 64.0967
internal_count=2205286 250620 1954666 534533 195122 184246 68370 1420133 466163 27339 10119 8348 1771 1324 29511 28091 15559 452 15107 10876 55498 14350 1420 1495 373107 163333 9157 1457 577 7700
is_linear=0
shrinkage=0.05


Tree=11
num_leaves=31
num_cat=0
split_feature=0 6 1 3 0 7 14 1 0 9 8 7 14 8 3 3 18 7 3 14 8 11 11 7 9 16 7 14 9 18
split_gain=7206.46 875.931 638.868 521.676 324.278 151.66 137.265 134.025 126.355 122.956 118.875 108.409 186.868 283.567 178.257 183.509 141.401 108.398 111.699 100.946 301.375 440.966 734.405 99.4704 95.8637 106.487 115.795 89.3218 95.7026 83.1678
threshold=361.50000000000006 2414.5000000000005 0.083333335816860213 0.04359953664243222 39.500000000000007 3.5000000000000004 0.019646301865577701 0.25000000745058065 8.5000000000000018 0.0093673029914498347 0.012136498466134073 2.5000000000000004 1.0000000180025095e-35 0.01416460517793894 0.16184027493000033 0.23910879343748095 309.50000000000006 3.5000000000000004 0.07696759328246118 0.044755019247531898 0.010809807106852533 30.891666412353519 19.341667175292972 5.5000000000000009 0.0088977832347154635 1.0000000180025095e-35 1.5000000000000002 0.020893351174890998 0.032732071354985244 969.50000000000011
decision_type=2 2 2 2 2 2 8 2 2 10 10 2 10 8 2 2 2 2 2 10 8 2 2 2 10 2 2 10 10 2
left_child=2 3 4 5 10 29 -6 8 -4 -3 -1 12 13 14 -11 -16 -15 18 -10 -14 21 22 -21 -7 -5 26 -26 -25 -29 -2
right_child=1 9 7 24 6 23 -8 -9 17 11 -12 -13 19 16 15 -17 -18 -19 -20 20 -22 -23 -24 27 25 -27 -28 28 -30 -31
leaf_value=0.070922110069533403 0.041775408758618987 -0.03164814108599464 0.08545257386947365 -0.017453690698892178 0.009678418145388978 -0.018368874832281969 0.037010559650288197 0.070888842474873981 0.072542826074694824 -0.022930040177783328 0.034229103867245807 -0.028250610876408074 -0.018381959135547788 0.42757103396036938 0.31169998221959022 0.018132373093017195 -0.026016079129311084 0.030299889653637741 0.039505401184501014 0.047348776200947761 -0.0073822804458560628 -0.050411782358413842 0.89570173257487751 0.01351260814259179 0.11449990944308522 -0.0057949982978638664 -0.0021055072557997381 0.1884683231580547 0.010524164120509188 -0.017692082120370402
leaf_weight=448.81422291323543 749.19141837861389 7450.9818828026764 225.23983450606465 2992.4922571056522 1663.0098018078133 267.69251507334411 634.67062700539827 1322.907836465165 509.21176793985069 9.0616196780465526 434.34673314727843 1533.0202290089801 1060.1120167309418 1.775891208089887 19.898170110769573 7.2675584079697719 52.88230412825942 689.89521194342524 514.19349549245089 5.5822845622897166 82.491270895116031 8.5838372213765961 4.6980539485812187 136.38644735328853 39.164116973057389 1958.0126692783087 46.652795798145235 16.739770326763395 13.772980689071117 63.801386042498052
leaf_count=11019 38325 1002687 1986 340443 117207 22814 31928 11452 9002 992 11109 196460 132426 90 859 667 6001 17115 13103 351 10056 1060 178 10208 1226 205977 3479 558 818 5796
internal_value=-0.00178528 -0.019277 0.0430696 -0.00458251 0.0271258 0.0243628 0.0172282 0.0586192 0.0502461 -0.0282977 0.0528761 -0.019335 -0.00842133 0.0606233 0.169106 0.233163 -0.0112786 0.0456177 0.0559437 -0.0138241 0.0338479 0.214144 0.435041 0.000519089 -0.0117528 -0.00340568 0.0511095 0.0308138 0.108147 0.0371086
internal_weight=22962.6 16520.3 6442.29 6283.91 3180.84 1247.58 2297.68 3261.45 1938.54 10236.4 883.161 2785.37 1252.35 90.8855 36.2273 27.1657 54.6582 1713.3 1023.41 1161.47 101.355 18.8642 10.2803 434.592 5036.32 2043.83 85.8169 166.899 30.5128 812.993
internal_count=2205392 1981471 223921 629644 171263 78519 149135 52658 41206 1351827 22128 349140 152680 8609 2518 1526 6091 39220 22105 144071 11645 1589 529 34398 551125 210682 4705 11584 1376 44121
is_linear=0
shrinkage=0.05


Tree=12
num_leaves=31
num_cat=0
split_feature=0 1 0 3 0 0 15 1 10 10 3 7 7 10 16 3 16 7 8 10 12 15 8 3 8 19 7 12 7 13
split_gain=6516.74 830.763 598.67 419.766 257.605 223.139 132.676 125.365 123.947 117.55 117.01 158.141 280.622 276.096 141.391 89.5666 111.714 88.7659 101.256 110.843 312.971 148.372 99.9732 139.765 88.7231 122.623 167.399 162.008 123.014 108.917
threshold=540.50000000000011 0.050000002607703216 2554.5000000000005 0.029293981380760673 8.5000000000000018 87.500000000000014 1.0000000180025095e-35 0.15000000596046451 1266.5000000000002 23.500000000000004 0.089884258806705489 3.5000000000000004 5.5000000000000009 72.500000000000014 0.11643835902214052 0.11503472551703454 0.08356164395809175 2.5000000000000004 0.033820603042840965 488.50000000000006 56.500000000000007 25.500000000000004 0.037005163729190833 0.039247684180736549 0.011600872036069633 5.5000000000000009 1.0000000180025095e-35 26.500000000000004 5.5000000000000009 14.500000000000002
decision_type=2 2 2 2 2 2 2 2 2 2 2 2 2 2 2 2 2 2 8 2 2 2 8 2 10 2 2 2 2 2
left_child=1 4 3 6 -1 10 -2 15 24 -4 11 -3 -13 -14 -15 16 -7 18 -6 22 21 -21 23 -20 25 26 -8 -27 -28 -26
right_child=2 5 9 -5 17 7 8 -9 -10 -11 -12 12 13 14 -16 -17 -18 -19 19 20 -22 -23 -24 -25 29 27 28 -29 -30 -31
leaf_value=0.061670755890171673 -0.0056740764712877555 0.060452104561294885 -0.0056145344488771932 -0.013584322049970211 0.0091593769878809145 0.025719206046288679 0.32027735955638681 0.05711018687790223 0.069370170874485437 -0.029226712174094345 0.06719791944069374 -0.00082646842342894557 0.04881080956986817 0.11401246911216052 0.34674570813579131 0.01532256231061861 0.068128219606127957 0.0025605963157269941 0.22183491314290038 0.42127741774273791 -0.025101542935375851 0.14563379721039893 0.024966051607780617 0.0056070874243773659 -0.0073984753735592997 0.20316610613387406 -0.0085492935113843267 0.013772439245463017 0.19687389688563661 0.095904330019115025
leaf_weight=273.25858638063073 285.85387285146862 765.90643684379756 559.17033949727193 4523.8255478553474 724.5380940772593 431.90059859957546 8.6416762098669988 508.62356521282345 188.61965263169259 9188.8833591160364 1582.5670390445739 330.46900322288275 97.468263354152441 12.884200796484949 13.224041843786834 687.71654198225588 242.46047153323889 1487.3728787293658 15.812136452645065 8.1337408637627977 19.335298891179264 12.211443808861075 398.55145093053579 14.171020573005078 249.50367357721552 12.186909291893242 18.783513747155666 153.65154427383095 11.907857513055207 28.422596704680473
leaf_count=4479 26097 9096 74805 515806 55351 17193 203 10798 7558 1249381 19995 5248 1635 314 210 37346 7175 109264 445 421 1293 291 22782 1033 14599 299 1073 8435 229 1314
internal_value=-0.00154519 0.0361826 -0.0204385 -0.00721841 0.0154243 0.0493014 0.0228559 0.0359286 0.034997 -0.0278723 0.0582278 0.0465915 0.0232107 0.0874911 0.231894 0.028019 0.040967 0.0107092 0.0208705 0.0389928 0.11894 0.255833 0.03159 0.119639 0.0215764 0.0465153 0.125886 0.0276903 0.0711523 0.00316596
internal_weight=22856.1 7626.6 15229.5 5481.4 2953.38 4673.22 957.571 1870.7 671.717 9748.05 2802.52 1219.95 454.046 123.577 26.1082 1362.08 674.361 2680.13 1192.75 468.215 39.6805 20.3452 428.535 29.9832 483.098 205.172 39.333 165.838 30.6914 277.926
internal_count=2204168 304369 1899799 575613 195359 109010 59807 72512 33710 1324186 36498 16503 7407 2159 524 61714 24368 190880 81616 26265 2005 712 24260 1478 26152 10239 1505 8734 1302 15913
is_linear=0
shrinkage=0.05


Tree=13
num_leaves=31
num_cat=0
split_feature=0 1 5 3 0 1 0 4 15 9 9 7 7 14 7 8 11 14 9 9 8 5 9 9 19 18 9 19 11 9
split_gain=5727.25 629.97 590.64 351.305 234.179 191.097 143.708 132.793 145.66 128.156 113.141 110.832 110.688 157.57 231.708 128.5 105.049 101.402 91.25 94.9833 150.88 108.472 96.8794 296.832 116.091 265.483 101.302 95.1631 86.9487 80.4893
threshold=540.50000000000011 0.050000002607703216 106.50000000000001 0.029293981380760673 8.5000000000000018 0.15000000596046451 18.500000000000004 4.5000000000000009 4.5000000000000009 0.024896631017327312 0.0093673029914498347 3.5000000000000004 2.5000000000000004 1.0000000180025095e-35 1.0000000180025095e-35 0.016826227307319645 29.875000000000004 0.082354735583066954 0.012341927271336319 0.013316913042217495 0.045708743855357177 44.500000000000007 0.027674124576151374 0.031267929822206504 15.500000000000002 628.50000000000011 0.021185312420129779 21.500000000000004 61.641668319702156 0.037980495020747192
decision_type=2 2 2 2 2 2 2 10 2 10 10 2 2 10 2 10 2 10 10 10 8 2 10 10 2 2 8 2 2 10
left_child=1 4 3 18 17 6 -3 8 -6 -5 -4 -10 13 14 -12 16 -16 -1 -2 20 -20 -21 24 -24 25 26 -23 -25 -17 -11
right_child=2 5 10 9 7 -7 -8 -9 11 29 12 -13 -14 -15 15 28 -18 -19 19 21 -22 22 23 27 -26 -27 -28 -29 -30 -31
leaf_value=0.051383140437466591 0.0068645929355684093 0.060865637494785345 -0.030648883379993781 -0.015842108476535353 -0.014829897583374944 0.05475322385848333 0.02938688181308266 0.0036260822414767159 0.055315223019460291 0.024191205404471706 -0.024327463921274953 0.010248335964007489 -0.027813649360017168 -0.012415612503545994 -0.01180879005651856 -0.035839668437413763 0.23570168524116397 0.1915456909464979 0.0021412270061409956 0.0026501607471647246 0.16289662059821905 -0.0086032565457229929 0.33576069191578917 0.033413603125436279 -0.021005106942559946 0.39547118640896417 0.22715048700817084 0.19432104468531508 0.26014788322449051 -0.014236263433007318
leaf_weight=273.51841889321804 544.69506748626009 438.12090611830354 6893.7073165038601 3892.3438097196631 155.29894986376166 2280.8279376709834 2102.3729413049296 1954.7344433907419 388.96383453067392 354.69093647832051 45.916841018013656 210.12156195566058 1416.1553980745375 1083.9925746424124 5.1549686328507986 13.162435340695085 25.458114059641957 13.542840294539927 25.009998030029237 196.60466232802719 35.054605906829238 25.736725465860221 11.206081576179711 58.874382361769676 58.940325232688338 6.0301809888333073 5.536898153834044 10.888090705499051 3.0575229059904805 221.28230272466317
leaf_count=4286 38791 4854 984172 458120 10470 25348 78689 149829 17624 33877 5529 13032 191848 139840 505 1276 815 197 1303 11054 524 1129 439 2133 3777 375 144 244 356 24215
internal_value=-0.00161451 0.0330583 -0.0197653 -0.00664236 0.0150533 0.0442475 0.0348156 0.010503 0.0283224 -0.0125848 -0.0273001 0.0395086 -0.0183966 -0.0070637 0.0554855 0.133737 0.194023 0.0579957 0.0204915 0.0375988 0.0959605 0.0282212 0.0565905 0.0968963 0.0226819 0.0917079 0.0331362 0.058527 0.0199551 0.00942781
internal_weight=22751 7817.5 14933.5 5446.89 2996.18 4821.32 2540.49 2709.12 754.384 4468.32 9486.61 599.085 2592.9 1176.74 92.7499 46.833 30.6131 287.061 978.577 433.882 60.0646 373.817 177.213 80.9686 96.2441 37.3038 31.2736 69.7625 16.22 575.973
internal_count=2204795 304329 1900466 576125 195438 108891 83543 190955 41126 516212 1324341 30656 340169 148321 8481 2952 1320 4483 59913 21122 1827 19295 8241 2816 5425 1648 1273 2377 1632 58092
is_linear=0
shrinkage=0.05


Tree=14
num_leaves=31
num_cat=0
split_feature=6 1 6 3 10 10 10 4 15 19 7 9 7 9 9 12 10 19 12 1 18 19 4 7 6 15 9 7 9 11
split_gain=4929.4 631.729 544.078 333.76 192.146 177.478 166.434 129.015 115.086 114.09 111.495 107.984 88.552 86.5638 80.0259 113.415 175.824 171.533 83.9446 78.9545 75.9658 162.576 261.987 70.8902 69.2819 89.0706 67.2376 66.5667 65.9963 63.7258
threshold=550.50000000000011 0.083333335816860213 4128.5000000000009 0.029293981380760673 19.500000000000004 12.500000000000002 16.500000000000004 6.5000000000000009 3.5000000000000004 24.500000000000004 3.5000000000000004 0.012050881981849672 3.5000000000000004 0.027044888585805896 0.029986129142344001 174.50000000000003 859.50000000000011 17.500000000000004 335.50000000000006 0.25000000745058065 2330.5000000000005 4.5000000000000009 5.5000000000000009 1.5000000000000002 78.500000000000014 181.50000000000003 0.013169248122721912 5.5000000000000009 0.012341927271336319 112.29999923706056
decision_type=2 2 2 2 2 2 2 10 2 2 2 10 2 10 10 2 2 2 2 2 2 2 10 2 2 2 10 2 10 2
left_child=1 5 3 10 13 -1 -4 8 -7 12 14 -6 -10 -5 18 16 -16 -18 -2 -3 -8 22 -22 -15 25 -9 -20 -12 -24 -26
right_child=2 19 6 4 11 7 20 24 9 -11 27 -13 -14 23 15 -17 17 -19 26 -21 21 -23 28 -25 29 -27 -28 -29 -30 -31
leaf_value=0.045744688701082621 0.014419792833193902 0.039790880936702348 0.0047485416120957172 0.0068704647736956836 -0.0200130648875648 -0.013656524473891242 -0.030327968434287856 0.030474436225635112 0.049023091762917338 0.00065060749472200738 -0.022956822375305431 -0.0046566913208166789 0.018175510062677341 0.12218648951519565 0.038981856748083778 0.029701001496873304 0.11195731390636854 0.40520902719067547 0.055549928232855733 0.054701773084493491 0.61144770850767494 -0.024434719629210618 0.14793609456752763 0.026689783294619136 0.00049228948999699939 -0.02759877604824474 0.20953785956064169 0.020221246267355851 -0.0096754230430052407 0.12597609210928282
leaf_weight=483.72417774517089 560.53870834596455 2296.3666026359424 370.12441042438149 451.64432206843048 4208.8085473435931 167.87864802125841 6847.8879087432288 449.49592228233814 648.4994635200128 257.0285478439182 225.44428193708882 1572.491578228306 362.79850510787219 31.057826376520097 25.763341784477234 90.939015076030046 11.855342366266997 8.6068891282193345 39.018979632295668 1447.3389762397856 2.417547998949888 82.909178411588073 13.060639464296402 51.921865317039192 1717.1836748514324 77.395979997701943 8.6627292991615814 147.77197703439742 13.514177159871904 10.177620953880249
leaf_count=14262 34863 48426 42994 47438 544300 11472 986955 20228 28048 13253 21387 179736 20685 2227 1105 3113 522 246 2013 11652 325 11505 279 4521 136261 3517 184 11016 1838 654
internal_value=-0.00118679 0.0306425 -0.0182562 -0.00872575 -0.0131842 0.0172674 -0.0279227 0.0135348 0.0252471 0.0303965 0.0164476 -0.0158362 0.0379567 0.0154943 0.0276175 0.0621164 0.125887 0.235306 0.0198374 0.0455555 -0.0296602 0.0112038 0.113119 0.0624325 0.00607278 0.021944 0.0835262 -0.00586081 0.0677854 0.00123164
internal_weight=22682.3 7917.89 14764.4 7434.53 6315.92 4174.18 7329.91 3690.46 1436.21 1268.33 1118.6 5781.3 1011.3 534.624 745.385 137.165 46.2256 20.4622 608.22 3743.71 6959.79 111.902 28.9924 82.9797 2254.25 526.892 47.6817 373.216 26.5748 1727.36
internal_count=2205025 308458 1896567 852671 778222 248380 1043896 234118 73458 61986 74449 724036 48733 54186 42046 4986 1873 768 37060 60078 1000902 13947 2442 6748 160660 23745 2197 32403 2117 136915
is_linear=0
shrinkage=0.05


Tree=15
num_leaves=31
num_cat=0
split_feature=0 6 1 3 0 4 7 15 10 8 19 19 18 9 7 10 1 8 0 6 7 11 11 18 3 0 7 3 11 18
split_gain=4680.52 495 491.779 301.838 259.632 115.498 116.968 101.325 100.844 96.0376 212.854 299.465 111.521 93.1027 90.3009 92.0262 85.1696 79.9426 79.7854 76.7332 66.9396 66.9846 182.656 112.851 78.7517 66.4066 65.8945 103.046 61.786 61.2554
threshold=540.50000000000011 2536.5000000000005 0.083333335816860213 0.12193286791443826 18.500000000000004 5.5000000000000009 3.5000000000000004 9.5000000000000018 19.500000000000004 0.035857716575264938 13.500000000000002 10.500000000000002 531.50000000000011 0.012050881981849672 3.5000000000000004 1465.5000000000002 0.25000000745058065 0.0091802682727575319 18.500000000000004 9216.5000000000018 2.5000000000000004 41.141668319702156 36.858331680297859 64.500000000000014 0.18869213014841082 1373.5000000000002 3.5000000000000004 0.070451389998197569 112.29999923706056 1984.5000000000002
decision_type=2 2 2 2 2 10 2 2 2 10 2 2 2 10 2 2 2 10 2 2 2 2 2 2 2 2 2 2 2 2
left_child=2 3 4 14 17 6 7 -6 -3 -9 11 12 -11 -5 15 -2 18 -1 -4 -10 21 22 -15 24 25 -24 27 -20 -7 -25
right_child=1 8 16 13 5 28 -8 9 19 10 -12 -13 -14 20 -16 -17 -18 -19 26 -21 -22 -23 23 29 -26 -27 -28 -29 -30 -31
leaf_value=0.067135114763493084 0.013439178894537621 -0.0036481321340501396 0.053487697585918904 -0.020010754590372128 0.0035731323140585046 0.0046172742583216082 0.0033942500634811961 0.037801040636516764 -0.023425740930541752 0.26558068863582934 0.016441895876229833 0.50022611581164456 0.049549896974247817 -0.0064040071226473165 -0.0044824480342757992 0.053829370520571233 0.0509719358551073 0.031965495401200417 0.053430182707093932 -0.033124882204557414 -0.014048031145596438 -0.0093431925239246521 -0.049226865706709796 -0.0018376449941546629 0.14724882768171293 0.12991110469752606 0.019207482603695942 0.023060088544959827 0.11013771775095714 0.2311224798170414
leaf_weight=259.31674537807703 875.08269174909219 477.97904036194086 495.20158534869552 2555.6085792342201 196.31904259789735 2369.3373623369262 453.10097305290401 564.79284279700369 5173.935468992684 8.790955272503199 36.76794439740479 6.3329800423234692 18.643307438120246 173.26348705543205 593.36458731163293 168.11985068675131 1484.4237583074719 428.69463332742453 568.92953760456294 3365.6980075766332 622.05206294171512 241.97259084135294 11.426748178899288 43.196937096770853 50.720423898659647 9.4533469676971436 730.24536471255124 548.66169281490147 13.954264988191424 3.0189776308834544
leaf_count=3688 66138 65608 4208 316455 11041 170058 26648 22960 760941 278 1502 187 640 18560 57726 10711 11701 7077 9224 498919 70137 27102 644 4918 846 66 18986 15395 768 359
internal_value=-0.00165617 -0.0188502 0.0285253 -0.00679704 0.017036 0.0117493 0.0238336 0.0349694 -0.0259975 0.0446709 0.0996799 0.190315 0.118774 -0.0146862 0.0110906 0.0199484 0.0416013 0.0452212 0.0356646 -0.0272484 -0.00290579 0.0100968 0.0262571 0.0742892 0.113604 0.0318769 0.0308882 0.0385205 0.0052351 0.0133801
internal_weight=22548.4 14364.9 8183.51 5347.28 4356.05 3668.04 1284.75 831.647 9017.61 635.328 70.5352 33.7672 27.4343 3710.71 1636.57 1043.2 3827.46 688.011 2343.04 8539.63 1155.1 533.053 291.08 117.816 71.6005 20.8801 1847.84 1117.59 2383.29 46.2159
internal_count=2203491 1899130 304361 573662 244847 234082 63256 36608 1325468 25567 2607 1105 918 439087 134575 76849 59514 10765 47813 1259860 122632 52495 25393 6833 1556 710 43605 24619 170826 5277
is_linear=0
shrinkage=0.05


Tree=16
num_leaves=31
num_cat=0
split_feature=0 6 0 3 3 19 8 12 12 3 9 3 13 1 15 15 15 12 15 0 15 9 1 15 14 9 9 12 10 3
split_gain=4180.45 490.17 428.95 286.909 220.339 150.37 201.477 301.359 163.747 132.765 127.76 122.327 118.981 118.526 118.467 106.639 195.417 101.525 98.6473 97.2703 89.6703 89.3111 88.4736 87.4394 86.6184 151.56 162.57 84.8962 213.398 82.8143
threshold=540.50000000000011 2414.5000000000005 87.500000000000014 0.029293981380760673 0.051354166120290763 15.500000000000002 0.03238260746002198 285.50000000000006 348.50000000000006 0.047407407313585288 0.0093673029914498347 0.089884258806705489 7.5000000000000009 0.050000002607703216 133.50000000000003 29.500000000000004 26.500000000000004 222.50000000000003 1.5000000000000002 8.5000000000000018 41.500000000000007 0.016771493479609493 0.45000000298023229 1.0000000180025095e-35 1.0000000180025095e-35 0.011440626811236145 0.011379310395568611 310.50000000000006 332.50000000000006 0.2573495358228684
decision_type=2 2 2 2 2 2 10 2 2 2 10 2 2 2 2 2 2 2 2 2 2 10 2 2 10 8 10 2 2 2
left_child=2 3 11 23 5 6 8 14 9 15 -3 -1 -7 -6 17 16 18 -8 -4 -13 -21 -19 -22 -2 25 26 -12 -20 -29 -28
right_child=1 10 4 -5 13 12 7 -9 -10 -11 24 19 -14 -15 -16 -17 -18 21 27 20 22 -23 -24 -25 -26 -27 29 28 -30 -31
leaf_value=0.028007869785048486 -0.0048238392737411252 -0.028509381069895357 -0.017344981673721793 -0.011284615071079127 -0.0024840183831892852 -0.008316456681153361 0.043500023483308892 0.37340581704944187 0.23392284091639814 0.25357160437550047 -0.0099427932740118255 0.06210837687882164 0.031821089010992711 0.018740445673445748 0.26525129535206732 0.00061809821170041542 0.19145418542387208 0.25306785163782969 0.038971119107602037 0.051942965809619504 0.02359666838718643 0.050003302736925603 0.067376354018271703 0.027738158676336923 -0.017838241263019777 -0.013254860481836299 0.19825390967968368 0.059633545794664726 0.37233485633769237 0.0054987407990381033
leaf_weight=1705.4300446873531 288.55421009100974 6476.3024879950099 71.426371226087213 4123.6965107712895 1485.1082581263036 322.6386806787923 86.778645751066506 9.5725108208134753 10.172922878526149 6.6783159086480728 25.978918084874749 645.44031567499042 431.66571564972401 1180.7469711285084 8.1681363806128484 214.29321472626179 21.284901604987681 12.317477822303774 308.67262380756438 799.68606667220592 861.98215291276574 9.6622191648930293 133.23841812089086 722.11584647325799 2316.0407015797682 126.33228085702285 26.086195197887719 27.332308715209365 6.8166871247813097 7.0859139882959417
leaf_count=28496 25152 1002695 4945 490746 124750 17614 2923 141 264 264 3684 5674 10830 50205 95 6363 516 235 11858 17629 19588 285 705 33303 327114 16831 549 826 176 529
internal_value=-0.00115761 -0.0177554 0.0268635 -0.00543321 0.0156282 0.0306357 0.0458351 0.103686 0.0348581 0.0317734 -0.0248024 0.0382818 0.0146531 0.00691661 0.081605 0.029494 0.0437017 0.0678125 0.0361099 0.0454617 0.0394756 0.163801 0.0294578 0.0184415 -0.0152052 0.0176719 0.0837238 0.0472471 0.122054 0.157079
internal_weight=22471.3 14112.2 8359.11 5134.37 4213.34 1547.48 793.176 126.499 666.677 656.504 8977.83 4145.78 754.304 2665.86 116.926 649.826 435.533 108.758 414.248 2440.35 1794.91 21.9797 995.221 1010.67 2501.52 185.483 59.151 342.822 34.149 33.1721
internal_count=2204985 1900603 304382 549201 232290 57335 28891 3679 25212 24948 1351402 72092 28444 174955 3538 24684 18321 3443 17805 43596 37922 520 20293 58455 348707 21593 4762 12860 1002 1078
is_linear=0
shrinkage=0.05


Tree=17
num_leaves=31
num_cat=0
split_feature=0 0 1 3 0 9 7 14 7 7 9 14 12 15 4 3 8 14 12 1 3 10 12 8 19 19 12 4 7 4
split_gain=3793.96 469.094 424.073 253.425 178.923 114.77 111.367 111.115 105.035 98.8481 116.802 96.6573 97.9765 113.22 97.3579 202.838 80.8132 87.3735 78.9355 77.7774 76.0986 112.463 150.044 106.118 170.911 189.306 262.688 86.2482 129.849 90.6604
threshold=561.50000000000011 4555.5000000000009 0.083333335816860213 0.019895832985639576 39.500000000000007 0.0082176444120705145 2.5000000000000004 1.0000000180025095e-35 3.5000000000000004 3.5000000000000004 0.0092135793529450911 0.044755019247531898 136.50000000000003 16.500000000000004 11.500000000000002 0.19674768298864367 0.0091450000181794184 0.0033240568591281776 80.500000000000014 0.25000000745058065 0.04359953664243222 488.50000000000006 22.500000000000004 0.046758461743593223 15.500000000000002 11.500000000000002 192.50000000000003 61.500000000000007 1.5000000000000002 1.5000000000000002
decision_type=2 2 2 2 2 10 2 10 2 2 8 10 2 2 8 2 10 8 2 2 2 2 2 8 2 2 2 10 2 8
left_child=2 3 4 8 16 -5 7 -7 -2 10 -6 -9 13 -13 -15 -16 17 18 -1 -4 23 -22 -23 24 25 -12 -27 29 -29 -25
right_child=1 -3 19 5 9 6 -8 11 -10 -11 20 12 -14 14 15 -17 -18 -19 -20 -21 21 22 -24 27 -26 26 -28 28 -30 -31
leaf_value=0.23531215703621974 0.024222346250339286 -0.02744977186606919 0.031264913966066163 -0.018520589394966536 0.0017937824696423795 0.055581492222956434 -0.014190742811544484 -0.0045326783483085401 -0.0089678151886977125 -0.0013391915793729977 0.066524402356839513 0.0080765673434378699 -0.010617167724642614 0.094678724497673145 0.028351474082375046 0.68741498919908006 0.021738703458244673 0.044051973815835178 0.055507582033867242 0.04557623630955792 0.0094364305767999437 0.2713424156040895 0.043284786785548146 0.21799980239154487 0.023692329862730659 0.020527250122118434 0.32118145618563088 0.038914533680012034 0.29061443987280272 0.013676438597954766
leaf_weight=11.704527663066985 731.44945806311443 6320.4006137736142 2474.7795931994915 3652.7659365967847 872.79643381293863 104.16708178492263 1477.2442378778942 957.91558113088831 353.61047678906471 1390.1390008525923 61.273418115451932 44.874732292257249 66.510438123717904 52.091021528467536 2.5311049283482125 2.1668832506984472 681.89135991502553 380.06246721744537 12.756496056914328 1540.2196540916339 647.96640160679817 9.2916511707007867 32.226538877002895 5.518755041062831 98.999882134608924 11.14359452947974 20.874370902776718 17.114938203245405 7.3136524101719251 333.89108402188867
leaf_count=190 40587 982392 48381 505600 64822 9838 188823 120060 31191 99712 1941 2457 7730 2711 260 219 14639 7195 266 11645 42724 224 2563 103 4194 536 472 786 397 12314
internal_value=-0.00114922 -0.017432 0.024884 -0.00892787 0.0145113 -0.012738 -0.0049366 0.00617541 0.013406 0.00902096 0.0158195 0.00160518 0.0365663 0.0674346 0.114339 0.332336 0.032242 0.0499472 0.141544 0.036755 0.0256472 0.014548 0.0943234 0.0394079 0.0694515 0.118011 0.216541 0.0235297 0.114271 0.0169987
internal_weight=22375.7 13765.7 8609.96 7445.33 4594.96 6360.27 2707.5 1230.26 1085.06 3508.55 2118.41 1126.09 168.174 101.664 56.789 4.69799 1086.41 404.523 24.461 4015 1245.61 689.485 41.5182 556.13 192.291 93.2914 32.018 363.838 24.4286 339.41
internal_count=2204972 1891868 313104 909476 253078 837698 332098 143275 71778 230788 131076 133437 13377 5647 3190 479 22290 7651 456 60026 66254 45511 2787 20743 7143 2949 1008 13600 1183 12417
is_linear=0
shrinkage=0.05


Tree=18
num_leaves=31
num_cat=0
split_feature=0 6 0 3 10 3 7 16 9 7 1 14 18 18 3 7 15 9 14 8 14 16 8 7 19 9 8 19 18 8
split_gain=3380.79 423.836 350.28 224.22 130.932 123.391 144.158 113.712 100.057 98.0178 88.7399 88.5805 115.101 117.389 88.4865 316.041 100.125 83.8047 83.3548 130.087 385.34 95.1199 86.2867 136.258 111.203 79.0777 78.1898 126.05 116.876 108.437
threshold=540.50000000000011 4532.5000000000009 100.50000000000001 0.019895832985639576 20.500000000000004 0.056597221642732627 3.5000000000000004 0.031506848521530635 0.0088977832347154635 5.5000000000000009 0.050000002607703216 0.0038341755280271177 2330.5000000000005 269.50000000000006 0.089884258806705489 3.5000000000000004 165.50000000000003 0.0063588505145162353 0.013351158704608681 0.0097219180315732973 0.0146917044185102 0.0068493150174617776 0.014921091496944429 1.5000000000000002 19.500000000000004 0.022330464795231823 0.014939418528229 20.500000000000004 822.50000000000011 0.031093168072402481
decision_type=2 2 2 2 2 2 2 2 10 2 2 10 2 2 2 2 2 10 10 8 10 2 10 2 2 10 8 2 2 10
left_child=2 3 9 18 -5 6 7 -4 -6 14 -7 12 13 -10 15 17 25 -1 21 20 -20 -2 23 24 -23 -16 27 28 -9 -28
right_child=1 -3 5 4 8 10 -8 26 11 -11 -12 -13 -14 -15 16 -17 -18 -19 19 -21 -22 22 -24 -25 -26 -27 29 -29 -30 -31
leaf_value=-0.0080861324146084736 -0.030516474582012284 -0.026710687334724887 0.014948745245166806 0.01244655657793595 -0.019884020415999834 -0.0029192300358923547 0.00047194203149366753 0.19145962698248919 0.087849698508763993 0.051715433262267463 0.01598604224752519 -0.010102250509643538 0.23104805168644227 -7.8728546641190432e-06 0.032193140820426409 -0.011939304538701132 0.01272054122930534 0.0388302270257736 0.54472801173790231 0.02322673925019194 0.012582939198197219 0.12041667983130883 -0.0048911528862429872 0.001653017414865993 -0.0057604602562447539 0.0526931946224794 0.025197457715238254 0.023883057161849835 0.021634213998473786 0.075730546854766184
leaf_weight=104.03887027315795 179.95115431956947 6164.10037835408 452.99532280862331 480.39983291784301 3597.2026407099329 1415.4228768795729 471.15548677556217 36.09216233342886 46.087897674180567 569.66456658579409 1105.534022923559 1987.0320560936816 6.3349726232700041 217.18297437392175 1155.3586529139429 512.53344684187323 387.7939344085753 1118.2193864053115 4.7802208638750043 420.68733626464382 11.798496728762982 61.825364396907389 307.29872490512207 115.22570046409965 24.335423189681023 793.50265164952725 348.73998659197241 38.91783784609288 14.084892999380825 152.62211171723902
leaf_count=2446 18026 984380 19768 59602 507616 119251 22792 698 3133 10940 47314 244646 485 27701 26564 10663 7156 14839 253 21418 790 2052 19841 9137 1663 8470 8113 1294 822 3291
internal_value=-0.00147294 -0.0170089 0.0229219 -0.0089926 -0.0126472 0.0121483 0.0234278 0.0337932 -0.0147065 0.0322898 0.00537144 -0.00645328 0.0204401 0.0153724 0.0295718 0.021017 0.035923 0.0348367 0.0115677 0.0286406 0.166019 0.000726903 0.0117795 0.0372175 0.084779 0.04054 0.0482506 0.0914125 0.143789 0.0405805
internal_weight=22300.9 13624.2 8676.68 7460.14 6334.24 4035.56 1514.61 1043.45 5853.84 4641.11 2520.96 2256.64 269.606 263.271 4071.45 1734.79 2336.66 1222.26 1125.9 437.266 16.5787 688.636 508.685 201.386 86.1608 1948.86 590.457 89.0949 50.1771 501.362
internal_count=2205164 1900743 304421 916363 843183 223343 56778 33986 783581 81078 166565 275965 31319 30834 70138 27948 42190 17285 73180 22461 1043 50719 32693 12852 3715 35034 14218 2814 1520 11404
is_linear=0
shrinkage=0.05


Tree=19
num_leaves=31
num_cat=0
split_feature=0 6 1 3 0 0 9 14 16 7 9 11 7 7 0 16 18 19 4 3 16 11 15 0 15 4 19 11 19 3
split_gain=3089.54 405.579 352.684 205.232 100.212 90.8667 89.0563 83.8284 110.527 80.5032 84.3566 79.5764 98.1748 148.196 139.015 83.7443 69.4481 114.96 149.671 67.4826 101.198 91.5851 178.589 151.747 142.521 91.9248 79.8362 77.6541 109.32 118.236
threshold=583.50000000000011 4532.5000000000009 0.050000002607703216 0.029293981380760673 87.500000000000014 39.500000000000007 0.0082176444120705145 0.020040160045027736 0.0068493150174617776 3.5000000000000004 0.0088007268495857733 12.358333587646486 3.5000000000000004 5.5000000000000009 73.500000000000014 0.11643835902214052 2330.5000000000005 4.5000000000000009 5.5000000000000009 0.04359953664243222 0.031506848521530635 4.0416667461395273 4.5000000000000009 157.50000000000003 1.0000000180025095e-35 1.5000000000000002 4.5000000000000009 61.641668319702156 17.500000000000004 0.18663194775581363
decision_type=2 2 2 2 2 2 10 10 2 2 8 2 2 2 2 2 2 2 8 2 2 2 2 2 2 10 2 2 2 2
left_child=2 3 5 7 11 -1 -5 8 -2 10 -7 12 -4 -14 -15 -16 -3 18 -18 20 21 -12 23 -23 -25 -24 -22 -21 -29 -30
right_child=1 16 4 6 -6 9 -8 -9 -10 -11 19 -13 13 14 15 -17 17 -19 -20 27 26 22 25 24 -26 -27 -28 28 29 -31
leaf_value=0.023559006965249665 -0.030646957332554819 -0.027087601421664304 0.035605810396966801 -0.017670811900677975 0.020818459054831553 -0.0032885123102453003 -0.0054413206853887001 0.03267253015221399 0.012651858542780059 -0.006766278549070236 0.0055644601159661579 0.041250886594144887 -0.0081880709412528556 0.025372339479881302 0.057752432137704091 0.21789363476058685 0.40049872107598461 -0.020377164699524559 0.055346641941603117 0.0011837971925580198 0.20804860691216964 0.038910086924974885 0.18178173084881619 0.051299552557139985 0.39467558694249782 -0.017958264436470313 0.063011567681362721 -0.029970683133730802 0.2887210932060375 0.066356842672107549
leaf_weight=774.8814266063273 193.63509227428585 5897.1145206424408 916.84721986949444 3461.5275350464508 2256.619613382034 616.21978717017919 2611.874826521147 315.91736455820501 617.07888760324568 1036.1225667777471 231.063237182796 1881.1668628416955 379.69489526562393 123.07159107737243 15.642398279160259 17.075303571298718 3.5467389565892544 71.795030387118459 27.451067310292274 471.76387325208634 10.493905828334389 11.00505135394633 6.7642983021214595 4.4040086418390265 9.629088753834365 38.807719546370208 98.998844646848738 26.429225745610893 6.8074000515043727 49.069384207949042
leaf_count=17008 19657 970157 9058 497892 75472 52390 325389 15414 40267 84471 9412 20115 5271 1660 283 171 295 11264 2201 35779 258 458 112 285 381 1946 3309 1866 167 2238
internal_value=-0.00138329 -0.0167764 0.0212369 -0.0087757 0.028955 0.00851903 -0.0124115 0.010824 0.00231015 0.00406674 0.0111642 0.0344631 0.0256709 0.00866063 0.0497249 0.14133 -0.0263774 0.0143669 0.0948386 0.020391 0.035738 0.0207938 0.0706301 0.177908 0.286914 0.0116893 0.0769121 0.00900229 0.0538166 0.0934472
internal_weight=22182.5 13199.9 8982.58 7200.03 5590.12 3392.46 6073.4 1126.63 810.714 2617.58 1581.46 3333.5 1452.33 535.484 155.789 32.7177 5999.91 102.793 30.9978 965.236 411.166 301.673 70.6102 25.0381 14.0331 45.572 109.493 554.07 82.306 55.8768
internal_count=2204646 1882536 322110 898619 112030 210080 823281 75338 59924 193072 108601 36558 16443 7385 2114 454 983917 13760 2496 56211 16161 12594 3182 1124 666 2058 3567 40050 4271 2405
is_linear=0
shrinkage=0.05


Tree=20
num_leaves=31
num_cat=0
split_feature=6 1 6 3 10 10 10 1 8 4 16 8 16 10 16 11 6 15 8 18 18 4 12 14 16 8 16 15 5 6
split_gain=2696.2 443.676 252.351 171.025 134.547 133.804 121.578 120.811 107.936 89.9172 147.642 84.4901 79.4247 81.1029 157.606 102.877 76.8394 71.5724 93.26 70.4624 69.8912 152.786 68.3232 76.9232 68.086 72.5045 66.2965 65.3623 93.3175 87.6153
threshold=1000.5000000000001 0.050000002607703216 4532.5000000000009 0.029293981380760673 13.500000000000002 12.500000000000002 19.500000000000004 0.15000000596046451 0.033295594155788429 2.5000000000000004 0.031506848521530635 0.011726104188710453 0.0068493150174617776 1711.5000000000002 0.02602739725261927 6.241666555404664 28.500000000000004 26.500000000000004 0.014352999161928894 56.500000000000007 2330.5000000000005 1.5000000000000002 36.500000000000007 0.0047174009960144767 0.017808218486607078 0.013660029973834755 0.015068492852151396 13.500000000000002 340.50000000000006 7151.5000000000009
decision_type=2 2 2 2 2 2 2 2 8 10 2 10 2 2 2 2 2 2 10 2 2 8 2 8 2 8 2 2 2 2
left_child=1 5 3 8 -4 -1 19 16 12 10 11 22 -2 -14 15 17 -3 18 24 -5 -6 -22 23 -7 25 -15 -24 28 29 -23
right_child=2 7 4 6 20 9 -8 -9 -10 -11 -12 -13 13 14 -16 -17 -18 -19 -20 -21 21 27 26 -25 -26 -27 -28 -29 -30 -31
leaf_value=0.031774586567976826 -0.035531126042137769 0.034528302979352013 0.0088316329383501865 0.13112260913267546 -0.02732067756449277 0.11993029218634293 -0.015905236290368396 0.034365998317552882 0.036507597092665454 -0.0012609461950091425 0.038542186447816915 -0.019441262737360229 -0.0036628086440883634 0.039407852660328667 0.34724838340641645 0.40398084315528798 0.015672727050970399 0.33987172571331659 -0.036215843998247531 0.0083136731361981384 0.5153036059717605 0.061740232424968344 -0.012312978723073896 0.026098564071485954 0.33590702704003544 0.35267913036409998 0.033090891985782973 -0.031911513774630695 0.0042550245064249198 0.32095105105635618
leaf_weight=455.35246421676129 131.34758437052369 695.50455428659916 281.78652905672789 12.00852322205901 5538.360835029278 26.523240947164595 4474.8263108730316 2674.1466492926702 285.74299542559311 3098.0943834595382 425.39315071795136 290.34052444482222 230.41697759414092 26.693603564519442 4.3835653378628185 1.8705935939215113 2421.4407478971407 1.7924902797676612 35.08447622647509 426.74966683005914 1.5017713881097723 8.7717189914546889 244.86088342871517 123.76289102900773 2.4458853094838551 1.984282272402196 119.70055197551847 51.406987124588341 33.573549068998545 5.1881094127893439
leaf_count=18016 15548 8482 33469 467 938871 1001 642313 25672 13092 279825 20295 17863 14984 3132 244 234 83865 167 4140 46156 144 1061 12799 5427 117 235 5352 7661 4001 426
internal_value=-0.000982565 0.0172608 -0.0176775 -0.0101041 -0.0248861 0.00599288 -0.0134425 0.0265692 0.0126229 0.00328079 0.014715 0.00212673 -0.00302988 0.0109818 0.0564248 0.0381792 0.0198801 0.0281165 0.0196762 0.0116749 -0.026571 0.0147642 0.0142897 0.0426585 0.0826809 0.0610837 0.00259498 0.00716673 0.0494295 0.158075
internal_weight=22131.1 10575.1 11555.9 5635.35 5920.59 4784.03 4913.58 5791.09 721.762 4328.68 1230.58 805.188 436.019 304.672 74.2549 69.8713 3116.95 68.0007 66.2082 438.758 5638.8 100.442 514.848 150.286 31.1238 28.6779 364.561 98.9404 47.5334 13.9598
internal_count=2205059 478597 1726462 740829 985633 360578 688936 118019 51893 342562 62737 42442 38801 23253 8269 8025 92347 7791 7624 46623 952164 13293 24579 6428 3484 3367 18151 13149 5488 1487
is_linear=0
shrinkage=0.05


Tree=21
num_leaves=31
num_cat=0
split_feature=0 1 9 4 11 18 10 10 16 4 18 7 14 8 18 11 6 2 14 14 15 12 9 8 18 18 10 11 11 18
split_gain=2513.29 338.452 300.903 178.854 326.958 895.809 358.966 111.446 111.547 144.096 104.154 97.6267 133.902 120.637 156.827 139.356 94.0287 92.1535 91.3724 104.317 113.219 88.5895 117.367 116.391 98.9968 145.008 90.4392 94.9054 87.9814 81.0504
threshold=931.50000000000011 0.050000002607703216 0.0088977832347154635 79.500000000000014 24.72500038146973 1916.5000000000002 501.50000000000006 4.5000000000000009 0.053424658253788955 101.50000000000001 227.50000000000003 2.5000000000000004 1.0000000180025095e-35 0.014275135938078167 277.50000000000006 39.524999618530281 5460.5000000000009 0.21428572386503222 0.013351158704608681 0.014402139931917192 4.5000000000000009 36.500000000000007 0.03413654491305352 0.011600872036069633 96.500000000000014 171.50000000000003 488.50000000000006 66.52500152587892 49.041666030883796 64.500000000000014
decision_type=2 2 10 8 2 2 2 2 2 8 2 2 10 10 2 2 2 2 10 10 2 2 10 10 2 2 2 2 2 2
left_child=1 7 16 11 18 -6 -7 -1 21 -10 -3 12 13 15 -15 -4 -2 -12 -5 20 -20 22 23 26 -23 -26 -9 -28 -17 -14
right_child=2 10 3 4 5 6 -8 8 9 -11 17 -13 29 14 -16 28 -18 -19 19 -21 -22 24 -24 -25 25 -27 27 -29 -30 -31
leaf_value=0.034890317294534672 -0.017831392171585327 0.034622954372286754 -0.046827565925329773 -0.014529270263695444 0.0022435697988716394 0.26661071199751912 0.91950910132538766 0.024895099958549625 0.0092737611872873941 0.054322803705378488 0.012342717215036278 -0.018254844934285985 0.052427799252610985 0.49863356930794495 -0.011296320414351189 0.17832071092825327 -0.02904173633276241 0.027306501311347254 -0.023214829130377299 0.021462369543086321 0.26334139839186033 -0.026484362757579507 -0.027473375604270153 -0.021722416757657455 0.041937334352616533 -0.0053657405966656057 0.060332039990058754 0.199090053275223 0.019020101070076872 -0.0080826746212562858
leaf_weight=321.73733335547149 3875.6639462672174 1759.7047608206049 12.754859062377362 211.92170938290656 19.953988362569365 3.9326152820140106 4.5306199593469501 278.91095570102334 1341.7244934318587 204.57401443459094 1986.8570014582947 1850.7890910198912 57.733246115036309 1.5450515979900945 62.511138079687953 35.575348589103669 3615.4607599568553 2133.9563442245126 5.4704568129964164 313.8624577857554 9.3189754690974933 466.35457645822316 125.05971524957567 97.632014794740826 180.01720529142767 1619.9783478630707 85.298374854028225 14.403858739882706 11.459537672810255 1334.6265184707008
leaf_count=8426 581626 25394 1237 20725 2744 417 366 14601 115794 8306 62956 275713 3213 66 8122 709 644529 29725 650 19415 426 37957 8591 7368 9770 121433 3921 92 989 189509
internal_value=-0.00108756 0.0164285 -0.0173606 -0.00616724 0.0197603 0.185071 0.616127 0.00648018 0.00440934 0.0152337 0.0244401 -0.0105488 -0.00114216 0.0486796 0.00100332 0.099758 -0.0232419 0.0200917 0.0110702 0.0275772 0.157347 -0.00142739 0.015634 0.0269538 -0.00595409 -0.000634969 0.0395058 0.0803782 0.139509 -0.00557365
internal_weight=22043.3 10616.2 11427.1 3935.99 568.991 28.4172 8.46324 4735.69 4413.95 1546.3 5880.52 3366.99 1516.21 123.846 64.0562 59.7897 7491.12 4120.81 540.574 328.652 14.7894 2867.66 601.305 476.245 2266.35 1800 378.613 99.7022 47.0349 1392.36
internal_count=2204790 454334 1750456 524301 44743 3527 783 336259 327833 124100 118075 479558 203845 11123 8188 2935 1226155 92681 41216 20491 1076 203733 34573 25982 169160 131203 18614 4013 1698 192722
is_linear=0
shrinkage=0.05


Tree=22
num_leaves=31
num_cat=0
split_feature=0 0 9 7 12 12 8 8 11 3 9 9 6 11 16 18 1 0 9 3 3 18 3 18 13 13 0 16 6 18
split_gain=2378.94 347.066 261.79 138.08 120.74 160.98 196.112 371.206 326.095 796.703 156.195 120.761 97.6811 94.5657 120.471 123.235 91.9255 111.692 91.4527 213.877 427.016 105.151 111.489 87.0233 85.3007 164.095 84.0514 82.7253 77.21 75.3679
threshold=931.50000000000011 205.50000000000003 0.0092135793529450911 2.5000000000000004 172.50000000000003 152.50000000000003 0.014939418528229 0.01455715484917164 44.975000381469734 0.23693286627531054 0.016771493479609493 0.037312678992748267 4532.5000000000009 11.925000190734865 0.061643833294510848 171.50000000000003 0.18333333730697635 8.5000000000000018 0.017226541414856914 0.16609954088926318 0.16184027493000033 72.500000000000014 0.10818287357687952 96.500000000000014 146.50000000000003 165.50000000000003 1317.5000000000002 0.017808218486607078 8702.5000000000018 121.50000000000001
decision_type=2 2 10 2 2 2 8 8 2 2 10 10 2 2 2 2 2 2 10 2 2 2 2 2 2 2 2 2 2 2
left_child=1 16 12 4 5 10 7 11 -9 -10 -4 -7 -2 14 15 27 17 -1 19 20 -12 22 -20 -19 -15 -26 -24 -3 -5 -25
right_child=2 13 3 28 -6 6 -8 8 9 -11 18 -13 -14 24 -16 -17 -18 23 21 -21 -22 -23 26 29 25 -27 -28 -29 -30 -31
leaf_value=0.036719791172054733 -0.016403115885410033 0.023482110790459719 -0.012479412640471706 -0.010658148501109938 -0.0099333288642743187 0.13422477221313817 0.023606587826871153 -0.05038731943154881 1.1935617437801438 -0.029006546441367201 0.038963628155180889 -0.036681684795395651 -0.027900389021915939 -0.0032592652161981175 0.036332492188352127 -0.0063526492274494058 0.031009644796537741 -0.0045966660614436437 0.25714269259996986 -0.021990686687975283 0.70387685219546681 0.007226433927824673 -0.015205226387170916 0.06484285321753934 0.29727883150090934 0.028588213750486719 0.10138614890215424 0.11423700347376181 -0.035196925384724853 0.016836489420328199
leaf_weight=712.95275756344199 3397.6152064949274 269.69489183882251 465.72658543568105 1554.0879242010415 878.98429539892823 35.260260110720992 134.28246089676395 2.2368884054012588 3.0932271359488368 2.3411417147144675 6.1549612972885388 14.622109770309178 4048.9534588316455 2500.6809371537529 434.65871969424188 716.98777988087386 2208.0067205540836 486.38646029867232 7.7372612589970222 10.532116129528729 3.9734860248863697 192.93859409820288 25.16796971578151 83.880769464187324 6.1721049193292847 71.61861771158874 40.06643537292257 27.687283631879836 403.86263132747263 3230.2180714458227
leaf_count=7002 504898 14052 59037 213632 113925 789 16526 311 214 330 857 2136 740708 227850 18981 42162 16253 19363 370 1255 211 23709 2411 1886 335 5218 602 1104 68413 100097
internal_value=-0.00111807 0.0156949 -0.0172142 -0.00649963 0.00340235 0.0158178 0.0567032 0.133923 0.457727 0.666876 0.00539201 0.0841267 -0.0226546 0.00408821 0.0143085 0.00487115 0.0226496 0.0185598 0.0344361 0.135769 0.299815 0.0265629 0.0776887 0.015153 -0.00165528 0.0499068 0.0564042 0.0319317 -0.0157197 0.0180515
internal_weight=21976.6 10748.9 11227.6 3781.07 1823.12 944.133 191.836 57.5536 7.67126 5.43437 752.297 49.8824 7446.57 4027.5 1449.03 1014.37 6721.44 4513.44 286.571 20.6606 10.1284 265.91 72.9717 3800.49 2578.47 77.7907 65.2344 297.382 1957.95 3314.1
internal_count=2204637 454303 1750334 504728 222683 108758 20306 3780 855 544 88452 2925 1245606 309702 76299 57318 144601 128348 29415 2323 1068 27092 3383 121346 233403 5553 3013 15156 282045 101983
is_linear=0
shrinkage=0.05


Tree=23
num_leaves=31
num_cat=0
split_feature=6 17 9 12 12 8 8 12 11 11 10 9 16 12 12 15 11 16 16 3 3 19 19 10 16 15 1 5 18 5
split_gain=2005.96 307.3 253.987 133.508 168.525 119.515 145.689 199.244 122.893 221.05 114.949 100.799 98.1289 130.343 126.555 174.057 116.798 101.531 93.9508 92.9633 84.7871 82.2321 187.828 109.994 82.8039 81.8951 85.0797 77.5023 75.8938 75.7751
threshold=1000.5000000000001 1.5000000000000002 0.0088977832347154635 172.50000000000003 148.50000000000003 0.011193967889994385 0.010338041000068189 98.500000000000014 30.891666412353519 21.075000762939457 23.500000000000004 0.026338496245443824 0.053424658253788955 36.500000000000007 34.500000000000007 26.500000000000004 33.391668319702156 0.0068493150174617776 0.050684932619333274 0.0094097224064171332 0.059409722685813911 4.5000000000000009 2.5000000000000004 355.50000000000006 0.02602739725261927 78.500000000000014 0.050000002607703216 188.50000000000003 1068.5000000000002 308.50000000000006
decision_type=2 2 10 2 2 10 10 2 2 2 2 10 2 2 2 2 2 2 2 2 2 2 2 2 2 2 2 2 2 2
left_child=1 12 10 4 5 6 11 -8 9 -9 -2 -4 13 14 18 -16 -14 -15 -1 -5 -13 22 -6 -24 28 -3 -27 -12 -25 -23
right_child=2 25 3 19 21 -7 7 8 -10 -11 27 20 16 17 15 -17 -18 -19 -20 -21 -22 29 23 24 -26 26 -28 -29 -30 -31
leaf_value=0.012154435890397544 0.0010119282761269107 0.028995773808040883 -0.011316156208995148 0.017125100109946174 -0.030797197339971039 -0.019210282032492056 -0.015697320853469459 0.025672584014127278 -0.0071463029043427528 0.26118047633762864 -0.017370281546555615 0.12637657603109662 0.022770112447898016 -0.023345597789215137 -0.035960891367177249 0.12702451357859751 0.0027972049598804071 0.001505678873161693 0.26875665329492965 -0.018918614771324935 0.019845066254931806 0.033396251928241388 0.048105583816527575 -0.044202164712559777 0.23774315060526807 -0.010786518611490523 0.020535773489557225 -0.028278032067848624 0.15668339601214692 -0.018228327456056653
leaf_weight=556.29477803921327 517.93445178773254 3036.3869184087962 484.61238559242338 199.8153576804325 35.201461432501674 724.53791952645406 41.798459134064615 16.212666211649776 12.68453045003116 25.850277996156365 2921.7692451626062 20.949220451526344 1679.0948316967115 493.48666529962793 22.865402036346495 57.760042742360383 1297.6524848309346 2458.8307123025879 3.5901563903316847 1708.4582674629055 172.22113285725936 231.02908714208752 40.600446957163513 6.6431484525091973 19.850333811249584 272.60305005684495 1059.0849553886801 3679.0626318147406 16.087303343694657 102.66943754535168
leaf_count=32731 68488 44727 62810 12328 4395 102515 6449 1377 1689 857 448072 887 80048 41102 1179 899 93636 159741 228 253238 17516 29097 2396 561 392 12825 11452 695594 335 17040
internal_value=-0.000971213 0.0141837 -0.0160705 -0.00574126 0.00345627 -0.00461433 0.00904308 0.0665076 0.129269 0.170407 -0.0216701 0.000857622 0.00734986 0.00178758 0.0222338 0.0808018 0.0140633 -0.00264827 0.0137998 -0.0151445 0.0313984 0.0302142 0.0660169 0.106988 0.163131 0.0244618 0.0141239 -0.0234499 0.0979731 0.0175129
internal_weight=21915.6 10937.6 10978 3859.22 1950.95 1498.87 774.329 96.5459 54.7475 42.0629 7118.77 677.783 6569.58 3592.83 640.51 80.6254 2976.75 2952.32 559.885 1908.27 193.17 452.081 118.383 83.1812 42.5808 4368.07 1331.69 6600.83 22.7305 333.699
internal_count=2204604 478568 1726036 513882 248316 194100 91585 10372 3923 2234 1212154 81213 409564 235880 35037 2078 173684 200843 32959 265566 18403 54216 8079 3684 1288 69004 24277 1143666 896 46137
is_linear=0
shrinkage=0.05


Tree=24
num_leaves=31
num_cat=0
split_feature=6 17 9 4 10 11 18 6 14 16 3 12 8 6 18 10 4 15 6 12 12 12 18 18 11 12 3 11 10 18
split_gain=1849.74 294.998 241.617 140.529 104.07 103.051 102.997 100.977 95.452 107.569 126.522 86.7295 86.1617 149.03 100.347 78.6072 112.535 74.5143 72.5532 70.1523 79.0805 157.507 129.421 143.869 120.562 245.052 96.7446 89.193 117.137 78.1956
threshold=1000.5000000000001 1.5000000000000002 0.0093673029914498347 79.500000000000014 19.500000000000004 23.908332824707035 1916.5000000000002 5460.5000000000009 0.019646301865577701 0.08356164395809175 0.16322916746139529 174.50000000000003 0.029295890592038635 10.500000000000002 80.500000000000014 80.500000000000014 81.500000000000014 85.500000000000014 3109.5000000000005 208.50000000000003 148.50000000000003 156.50000000000003 986.50000000000011 1661.5000000000002 44.858331680297859 152.50000000000003 0.24797453731298449 45.458333969116218 108.50000000000001 365.50000000000006
decision_type=2 2 10 8 2 2 2 2 10 2 2 2 8 2 2 2 10 2 2 2 2 2 2 2 2 2 2 2 2 2
left_child=1 8 7 4 11 18 -7 -2 9 -1 -11 -4 13 -3 -14 -8 -17 -15 -5 20 29 22 -22 24 -24 -26 27 28 -25 -6
right_child=2 12 3 5 19 6 15 -9 -10 10 -12 -13 14 17 -16 16 -18 -19 -20 -21 21 -23 23 26 25 -27 -28 -29 -30 -31
leaf_value=-0.0022423321949696816 -0.01534027082658607 0.046067966663701852 0.042750712267021665 0.022178857447781745 0.0045856922144254415 0.0021577653632506031 0.0023146263352423384 -0.027205328454484753 0.016195418228748908 0.029368096122938669 0.00028211604243957253 -0.0098696524709370424 0.0029580629744735982 0.013477171685210843 0.032437353661783422 0.075872662102664468 0.30937582335995933 -0.015082618787832378 -0.021824617349995433 -0.023837814394377752 0.0015441991722057893 -0.0052633722264865124 0.15062610639143528 0.36179781157126728 0.09204491067938482 0.8691544368957228 -0.050774080820641235 0.16014896449538052 -0.027274188919549788 -0.025491671896502824
leaf_weight=3228.7490648655221 3723.6675111241639 305.70386674441397 165.620114417281 381.49935253337026 311.79748508706689 19.974661413580179 6.6801590872928527 3458.7813156731427 1888.6881938679144 705.71867374051362 795.15659823128954 148.53606650885195 328.22506070323288 1086.244969134219 2395.832585000433 9.7411198969930428 10.971677328459917 289.18881945218891 124.16204098472372 913.10456251585856 65.515074748080224 692.03686009487137 11.894920969847588 2.1830509905703392 2.1076634582132092 1.9558445615693925 14.432872449513523 25.17268460476771 16.993025393690914 704.02523605432361
leaf_count=235644 583315 3016 14738 18170 35611 2722 73 662139 83536 28694 61575 16753 7150 23703 25011 419 347 9934 18849 141124 9712 105917 376 303 367 96 1590 479 1871 111665
internal_value=-0.00104566 0.0133664 -0.0157412 -0.00522442 -0.00939715 0.01798 0.0884997 -0.021054 0.00669326 0.00289875 0.0139585 0.0178713 0.023392 0.0144907 0.0288854 0.151459 0.199561 0.0074724 0.0113741 -0.0124996 -0.00689769 0.00452876 0.0528444 0.0978128 0.230951 0.466083 0.0616675 0.0982605 0.0170187 -0.0162597
internal_weight=21834.4 11023.5 10810.9 3628.4 3075.38 553.029 47.3676 7182.45 6618.31 4729.62 1500.88 314.156 4405.2 1681.14 2724.06 27.393 20.7128 1375.43 505.661 2761.22 1848.11 832.292 140.255 74.7401 15.9584 4.06351 58.7816 44.3488 19.1761 1015.82
internal_count=2204899 478263 1726636 481182 440602 40580 3561 1245454 409449 325913 90269 31491 68814 36653 32161 839 766 33637 37019 409111 267987 120711 14794 5082 839 463 4243 2653 2174 147276
is_linear=0
shrinkage=0.05


Tree=25
num_leaves=31
num_cat=0
split_feature=0 6 1 7 0 9 14 19 10 12 12 14 9 9 10 18 0 12 12 12 18 18 9 12 10 11 11 11 7 8
split_gain=1747.17 308.191 170.604 151.048 114.129 112.097 70.7984 106.497 136.916 66.4994 82.9943 65.0248 83.9353 90.2377 64.4275 95.559 67.1446 61.6294 59.8925 100.23 79.0879 158.607 285.923 746.057 756.409 877.667 1153.62 265.251 110.07 69.0521
threshold=583.50000000000011 4532.5000000000009 0.15000000596046451 3.5000000000000004 8.5000000000000018 0.0082176444120705145 0.044755019247531898 22.500000000000004 20.500000000000004 32.500000000000007 36.500000000000007 0.018592592328786853 0.017724137753248218 0.0088582760654389876 488.50000000000006 423.50000000000006 418.50000000000006 116.50000000000001 265.50000000000006 82.500000000000014 1711.5000000000002 1939.5000000000002 0.0072477718349546203 122.50000000000001 1266.5000000000002 45.108331680297859 36.858331680297859 17.958333969116214 1.5000000000000002 0.010338041000068189
decision_type=2 2 2 2 2 10 10 2 2 2 2 8 10 10 2 2 2 2 2 2 2 2 10 2 2 2 2 2 2 10
left_child=2 3 4 5 -1 17 18 -8 -9 -7 -11 12 13 -6 16 -16 -15 -2 19 -3 -21 22 23 24 27 26 -26 -22 -29 -24
right_child=1 6 -4 -5 11 9 7 8 -10 10 -12 -13 -14 14 15 -17 -18 -19 -20 20 21 -23 29 -25 25 -27 -28 28 -30 -31
leaf_value=0.029873407751960443 0.0044399199883156651 -0.031791600878548258 0.025233064758325336 -0.015729336356409156 0.002348027546649185 -0.02579277422368878 -0.018697409391881942 0.37826907429103729 0.056288522941929653 0.057556149151800767 0.0079910024694910715 0.016063768252991096 -0.010701955558084762 0.02068107138084993 0.10693142044579318 -0.0057351304963666168 -0.01709697164080996 -0.014172682305194088 -0.032795823796346428 -0.019124459703637048 0.9611272843315215 -0.010946091929348605 -0.032947095873415606 0.0048481003231287123 0.53410754847030339 -0.050252835116788699 2.7861548368560811 0.58978382927832607 0.063787956815636218 0.077952168692421664
leaf_weight=694.94207051768899 635.21459492854774 1277.7008270407096 2849.0924763847142 2721.5327380425297 2286.686912456993 136.68253976572305 61.69507866865024 3.7198794232681385 29.36930607445538 88.638079218566418 1790.4612339795567 1940.4326142529026 707.94484912604094 990.68601007573307 48.152060870081186 30.89548915065825 133.4626711634919 1483.2518211039715 1293.9214015617035 2030.2034038719721 1.1370583651587347 423.91939645959064 48.985216919332743 22.68453328544274 1.1123245670460162 1.0711447848007081 1.1634437344036994 1.1718051983043549 6.5763899367302656 19.674041787162423
leaf_count=6710 89285 247278 25633 384422 133000 15271 10338 345 3325 3116 189453 66557 34216 42976 1809 2256 9734 215976 250635 380661 226 74049 8499 4491 221 214 233 233 1298 1878
internal_value=-0.000869968 -0.0135536 0.0149545 -0.0065821 0.0106688 -0.000560569 -0.0227025 0.0201165 0.0924855 0.00787973 0.010329 0.00849457 0.00499573 0.00818011 0.019264 0.062896 0.0161959 -0.00859176 -0.0234938 -0.0203556 -0.0146428 0.00260609 0.058073 0.174565 0.489306 1.12994 1.68542 0.247991 0.143337 -0.00116935
internal_weight=21762.2 12079.9 9682.3 6855.78 6833.2 4134.25 5224.11 94.7843 33.0892 2015.78 1879.1 6138.26 4197.83 3489.88 1203.2 79.0476 1124.15 2118.47 5129.32 3835.4 2557.7 527.495 103.576 34.9167 12.2322 3.34691 2.27577 8.88525 7.7482 68.6593
internal_count=2204338 1881447 322891 897523 297258 513101 983924 14008 3670 207840 192569 290548 223991 189775 56775 4065 52710 305261 969916 719281 472003 91342 17293 6916 2425 668 454 1757 1531 10377
is_linear=0
shrinkage=0.05


Tree=26
num_leaves=31
num_cat=0
split_feature=6 6 1 10 3 16 1 10 12 16 4 12 13 4 10 5 18 18 19 12 12 6 18 7 7 11 3 8 14 19
split_gain=1481.62 221.755 216.132 138.264 152.109 99.9452 86.9067 75.6532 72.394 69.5535 89.9275 72.7864 101.945 98.9477 87.7196 92.9252 72.0524 89.8745 67.7089 87.0631 65.9829 63.3463 62.3132 60.8675 57.1048 55.6552 134.269 58.7898 53.9312 78.586
threshold=1000.5000000000001 9216.5000000000018 0.050000002607703216 19.500000000000004 0.019895832985639576 0.0041095891501754531 0.25000000745058065 6.5000000000000009 245.50000000000003 0.053424658253788955 1.5000000000000002 36.500000000000007 2.5000000000000004 130.50000000000003 488.50000000000006 21.500000000000004 96.500000000000014 171.50000000000003 11.500000000000002 8.5000000000000018 54.500000000000007 10.500000000000002 499.50000000000006 2.5000000000000004 3.5000000000000004 84.77500152587892 0.33534722030162817 0.022716131992638115 0.044755019247531898 21.500000000000004
decision_type=2 2 2 2 2 2 2 2 2 2 10 2 2 10 2 2 2 2 2 2 2 2 2 2 2 2 2 8 10 2
left_child=2 3 7 -2 5 -5 21 -1 20 11 22 12 13 14 18 -16 -13 -18 19 -9 -6 -4 -11 -22 -23 -12 27 -27 -3 -30
right_child=1 28 6 4 8 -7 -8 9 -10 10 25 16 -14 -15 15 -17 17 -19 -20 -21 23 24 -24 -25 -26 26 -28 -29 29 -31
leaf_value=0.027613044780505067 0.011501928235178979 -0.027985409160426855 0.030588672991748663 -0.022982556259080238 -0.023272883598404886 0.018525659333856557 0.027077508295927911 -0.0062866593395207119 -0.022941509739201602 0.01115609464552 0.0044684033210210189 -0.023987931128079468 -0.021595657131687887 0.24555610913906351 0.139593753403911 0.035025081079257753 0.029520172513872057 -0.0059840880415027225 -0.016677440949840413 0.062333765946198362 -0.00075645241291613348 0.016497798974810733 0.063386536897893947 -0.014195578615240151 0.0042331330448689862 0.11793936964854812 -0.027111047018528667 0.42621431405086013 -0.037601325860161829 0.092488841716048431
leaf_weight=306.06241368176416 654.99833036540076 2677.6696159900166 505.09673629701138 192.37274420028552 926.94350940454751 589.18357964791358 1729.891401682049 90.149463389068842 1999.437461941503 106.27019107714295 1395.9296888215467 476.46036031190306 160.91585130710155 5.0142402816563836 27.339462875388563 95.317192756105214 199.38215635763481 1681.280933144968 145.64230285165831 94.866770128253847 1515.0593192847446 2478.4827232314274 123.4309086962603 1898.0137391611934 1538.0287733487785 2.956912725698202 8.4625170598737878 3.2424582783132792 23.612715368159115 22.836398861370981
leaf_count=9995 71934 515181 3894 27721 163013 43909 11735 5076 346002 3534 123079 41087 11184 157 529 5118 10493 130714 9922 3311 233315 58349 4944 319707 43767 239 742 188 4102 1779
internal_value=-0.00129649 -0.0147823 0.0113758 -0.0104816 -0.0125036 0.0083088 0.0175464 0.0035395 -0.0150695 0.00194354 0.0102105 -0.00261245 0.0126425 0.0246633 0.0222199 0.0583328 -0.00662012 -0.00222003 0.00882398 0.0288984 -0.0114428 0.0139 0.0392224 -0.00822997 0.0118013 0.00548626 0.102394 0.279176 -0.0270588 0.0263566
internal_weight=21674.4 10500.1 11174.2 7776.01 7121.01 781.556 6251.5 4922.72 6339.45 4616.66 1640.29 2976.37 619.245 458.329 453.315 122.657 2357.12 1880.66 330.659 185.016 4340.02 4521.61 229.701 3413.07 4016.51 1410.59 14.6619 6.19937 2724.12 46.4491
internal_count=2204720 1726663 478057 1205601 1133667 71630 117745 360312 1062037 350317 132726 217591 35297 24113 23956 5647 182294 141207 18309 8387 716035 106010 8478 553022 102116 124248 1169 427 521062 5881
is_linear=0
shrinkage=0.05


Tree=27
num_leaves=31
num_cat=0
split_feature=0 0 9 4 8 3 8 6 4 16 7 14 7 18 18 8 9 16 18 18 12 18 0 16 18 10 16 18 16 7
split_gain=1444.08 223.888 219.292 130.652 81.915 168.242 99.267 80.783 74.4179 73.9924 71.994 98.8232 115.096 237.093 72.4847 72.3915 70.1299 81.1396 61.998 60.8957 78.0319 70.2736 67.1223 60.8495 73.2434 60.6982 66.2258 89.603 81.8456 119.155
threshold=1011.5000000000001 205.50000000000003 0.0088977832347154635 81.500000000000014 0.011193967889994385 0.095578704029321684 0.021040180698037151 4532.5000000000009 4.5000000000000009 0.015068492852151396 2.5000000000000004 0.0039685040246695289 1.0000000180025095e-35 269.50000000000006 64.500000000000014 0.043989297002553947 0.035857716575264938 0.045205479487776763 121.50000000000001 652.50000000000011 300.50000000000006 1419.5000000000002 62.500000000000007 0.10547945275902749 1916.5000000000002 355.50000000000006 0.042465753853321082 474.50000000000006 0.11369863152503969 5.5000000000000009
decision_type=2 2 10 8 8 2 8 2 10 2 2 10 2 2 2 10 10 2 2 2 2 2 2 2 2 2 2 2 2 2
left_child=1 9 7 10 5 -5 -6 -2 16 -1 11 12 -4 -14 -13 -12 17 18 -3 20 -11 -21 -23 24 -7 26 -17 -28 29 -29
right_child=2 8 3 4 6 23 -8 -9 -10 19 15 14 13 -15 -16 25 -18 -19 -20 21 -22 22 -24 -25 -26 -27 27 28 -30 -31
leaf_value=0.001685035520141098 -0.014339484992492688 0.02081753616525954 -0.0076774611925141904 0.013984882295779086 -0.039866799717138551 -0.029848484340085493 0.021134394448419611 -0.025515823538285971 -0.0025538051796988553 0.024218024853212321 -0.017865669037875839 0.050534537045472977 0.56024148808528285 0.054858478386678428 -0.0088203717108427584 -0.050291417511910436 0.042034853510805104 0.022825787762292903 -0.01101347646652847 0.0035041173772810182 8.1416085917196854e-05 0.031091238406054406 0.0063570699403929553 0.35799309035928273 0.19134476688415356 -0.017506774089976192 0.0031214821051386591 0.47524389395000832 0.097552329833114182 -0.050315095476289776
leaf_weight=756.00623160321265 2983.1530785579234 207.27290556253865 103.00378116965294 50.417904206551611 81.639018958434463 4.8765270723961356 364.23879213957116 3530.0365458000451 2902.7654326781631 3625.7651123022661 1609.9833302404732 53.760883186012506 2.3709170548245302 109.55240193055943 1189.7688058470376 5.9345237929374006 164.3472829577513 514.97835187939927 583.93708363315091 1216.9408132936805 368.92958426102996 660.60678590089083 469.04339819774032 3.7741273138672105 16.093897164333612 21.34569879854098 7.4829342644661692 4.6616612896323186 6.4241525535471737 1.403074227273464
leaf_count=27657 480842 10239 13849 4851 9867 739 21745 729419 266503 49104 264075 2350 234 9656 176561 1045 6201 20637 33417 31443 6098 10836 19186 334 686 3687 1170 755 1023 231
internal_value=-0.00116807 0.0109874 -0.0149051 -0.00506976 0.0181049 0.0663912 0.00996524 -0.0203969 0.00208852 0.0164708 -0.00894529 -0.000843402 0.0304632 0.0655642 -0.00625431 -0.0160754 0.0112522 0.00737912 -0.00267472 0.0182335 0.0219889 0.0118406 0.0208213 0.173171 0.139908 0.0449235 0.0963634 0.139941 0.221919 0.353656
internal_weight=21620.5 11470.6 10149.9 3636.73 521.04 75.1625 445.878 6513.19 4373.3 7097.29 3115.69 1458.46 214.927 111.923 1243.53 1657.24 1470.54 1306.19 791.21 6341.29 3994.69 2346.59 1129.65 24.7446 20.9704 47.252 25.9063 19.9718 12.4889 6.06474
internal_count=2204440 481321 1723119 512858 38222 6610 31612 1210261 336997 144324 474636 202650 23739 9890 178911 271986 70494 64293 43656 116667 55202 61465 30022 1759 1425 7911 4224 3179 2009 986
is_linear=0
shrinkage=0.05


Tree=28
num_leaves=31
num_cat=0
split_feature=0 6 0 3 16 7 3 18 14 12 16 12 15 11 16 3 7 7 0 4 11 19 14 12 19 15 18 12 12 6
split_gain=1296.72 194.281 192.119 144.818 124.976 115.611 146.3 86.7701 85.0291 102.399 126.438 243.751 84.6753 77.9141 75.9778 66.8586 85.8832 121.824 79.3726 66.5559 76.54 64.5784 70.5684 68.3394 123.458 130.627 58.2597 56.8497 90.3368 52.9133
threshold=931.50000000000011 9216.5000000000018 87.500000000000014 0.065798614174127593 0.08356164395809175 3.5000000000000004 0.016006944701075557 2341.5000000000005 0.044088352471590049 134.50000000000003 0.16301369667053225 112.50000000000001 11.500000000000002 45.458333969116218 0.07808218896389009 0.09371527656912805 3.5000000000000004 5.5000000000000009 73.500000000000014 14.500000000000002 16.691666603088382 19.500000000000004 0.055698657408356674 334.50000000000006 2.5000000000000004 51.500000000000007 64.500000000000014 312.50000000000006 310.50000000000006 62.500000000000007
decision_type=2 2 2 2 2 2 2 2 10 2 2 2 2 2 2 2 2 2 2 10 2 2 10 2 2 2 2 2 2 2
left_child=2 5 15 4 21 6 -2 8 14 10 19 -12 13 -9 -8 16 -1 -18 -19 26 -21 23 -23 27 -25 -26 -10 28 -4 -20
right_child=1 -3 3 -5 -6 -7 7 12 9 -11 11 -13 -14 -15 -16 -17 17 18 29 20 -22 22 -24 24 25 -27 -28 -29 -30 -31
leaf_value=0.018894137283903687 0.018937444492378764 -0.025860143336418551 0.01244884293553461 -0.001102771220740306 0.033441937822790306 -0.017450516776256659 -0.015482269343511835 0.004658820446911625 0.072649569425086019 -0.0091949380063690318 -0.033150284553400793 0.61988821603490152 -0.010739790113943978 0.17984007294217053 -5.8069057684332862e-06 0.022955355970248632 -0.015157786658606249 0.012890156468143869 0.12486465012692892 0.0031421870666152418 0.26752488882301079 -0.0096159852071478948 0.066341851694151646 0.18627432665430027 -0.019814992676121676 0.17096061028899784 -0.015420644636307846 -0.044110454031021755 0.16158111868143185 0.018283797182116382
leaf_weight=1319.6100361160934 563.21546136215329 2561.2587272073142 1055.0863628955558 3896.1528918729164 638.89403527323157 3081.5977508770302 2637.6621856163256 9.9637763989157992 38.104088383726776 116.49916571518406 2.8959262724965802 2.8207459198310971 25.154036186635494 17.48657760489732 1133.9403100484051 2875.5116593437269 535.5263310270384 174.17306023836136 30.834997612051666 4.6351175610907358 6.6869196891784668 574.77580783888698 32.295826158486307 15.728018998168407 37.786010967567563 11.76705787796527 37.023589530028403 44.00178383756429 10.253246411681173 18.711981848813593
leaf_count=15896 40850 520120 47011 289516 12364 526220 445963 1254 760 15799 373 134 3275 534 187719 43236 9476 2742 418 434 158 27299 1011 156 1744 186 4476 1731 392 401
internal_value=-0.0010551 -0.0139355 0.0106457 0.00486452 0.0144694 -0.00995743 -0.00493344 -0.00826715 -0.0091103 0.0219593 0.0613385 0.289075 0.0555288 0.116254 -0.0108292 0.0180167 0.0111855 -0.00221265 0.0287746 0.0462789 0.15929 0.00766609 -0.00557508 0.0145094 0.0642253 0.0254873 0.0292478 0.0115838 0.0138842 0.0846132
internal_weight=21510.1 10238.9 11271.1 6316.74 2420.59 7677.69 4596.09 4032.87 3980.27 208.666 92.1664 5.71667 52.6044 27.4504 3771.6 4954.37 2078.86 759.246 223.72 86.4497 11.322 1781.69 607.072 1174.62 65.2811 49.5531 75.1277 1109.34 1065.34 49.547
internal_count=2201648 1748069 453579 381410 91894 1227949 701729 660879 655816 22134 6335 507 5063 1788 633682 72169 28933 13037 3561 5828 592 79530 28310 51220 2086 1930 5236 49134 47403 819
is_linear=0
shrinkage=0.05


Tree=29
num_leaves=31
num_cat=0
split_feature=0 6 0 3 3 10 13 19 16 16 12 12 14 12 4 8 15 14 16 16 15 4 7 12 2 19 15 3 7 8
split_gain=1199.5 172.148 165.131 118.831 88.8994 107.595 87.246 78.1485 76.7695 74.8569 68.6749 100.461 72.7788 62.3086 77.9466 60.841 62.5984 68.0014 78.3908 82.4487 58.4463 89.5084 52.78 51.5126 50.0262 50.9151 48.1151 67.6938 185.439 60.3099
threshold=1011.5000000000001 9216.5000000000018 100.50000000000001 0.065798614174127593 0.019895832985639576 23.500000000000004 5.5000000000000009 25.500000000000004 0.0041095891501754531 0.0041095891501754531 208.50000000000003 148.50000000000003 0.037715518847107894 36.500000000000007 130.50000000000003 0.041478902101516731 41.500000000000007 0.015874016098678115 0.14657534658908847 0.058904109522700317 26.500000000000004 1.5000000000000002 5.5000000000000009 274.50000000000006 0.21428572386503222 21.500000000000004 161.50000000000003 0.089884258806705489 3.5000000000000004 0.014109808951616289
decision_type=2 2 2 2 2 2 2 2 2 2 2 2 10 2 10 10 2 10 2 2 2 10 2 2 2 2 2 2 2 10
left_child=2 4 22 6 9 8 7 13 -6 -2 11 12 -7 14 20 -13 17 -17 19 -19 24 -22 26 -10 25 -4 27 28 -1 -29
right_child=1 -3 3 -5 5 10 -8 -9 23 -11 -12 15 -14 -15 -16 16 -18 18 -20 -21 21 -23 -24 -25 -26 -27 -28 29 -30 -31
leaf_value=0.019184447275442607 -0.021750576781391074 -0.025100172183988592 -0.0016007114737802326 -0.00091915268031082277 0.22112309008582851 -0.016560290280129161 0.021898340702824433 -0.030448862582447597 0.016641577467162431 0.014397385225874179 -0.020266916281890802 0.0015772884942649357 0.021562525441894007 0.00037952970923623466 0.20161870034265475 0.015543116022723534 -0.0010189015450624238 0.1592477386659053 -0.031099408011826802 0.4778299215698949 0.10573995931190153 -0.037342101467084492 0.029498066652209661 -0.019069410868862269 0.18613197583047703 0.090712333107802912 -0.00036157915399927286 0.027517186023968562 -0.01533623596755293 0.0098510119593113021
leaf_weight=1360.947885225527 187.35932600265369 2496.4816298373044 157.99833859363571 3894.7082710945979 4.2498597046360365 2454.3689107280225 1312.2754935100675 152.74184970371425 407.02964210044593 607.93200642568991 2416.5473498110659 984.36350685730577 131.92050754558295 676.26805010531098 6.43514126446098 7.5894413916394141 17.230234004091471 5.2478408012539131 2.5965912467800072 3.3129407479427755 42.718218319118023 14.688755400944499 674.47998271137476 134.3039587889798 3.9923538826405993 16.496441955212504 485.68124620057642 1574.337181600742 544.74617926776409 696.98773798160255
leaf_count=16392 27778 520385 8435 306380 103 440350 35253 9432 58354 44294 434805 159179 12463 37594 170 1192 2620 782 380 449 740 942 10939 20481 227 743 8383 20890 10113 14030
internal_value=-0.000928492 -0.0137536 0.00995889 0.00446222 -0.00990701 -0.0118185 0.0132551 0.00266809 0.00944358 0.00588144 -0.0137445 -0.00937427 -0.0146157 0.00817469 0.0299286 0.00391145 0.0677761 0.131006 0.209545 0.282536 0.025245 0.0691295 0.0164248 0.00778174 0.0111304 0.00712641 0.0145337 0.0162657 0.00931665 0.0220961
internal_weight=21476 9860.53 11615.5 6278.32 7364.05 6568.76 2383.61 1071.34 545.583 795.291 6023.18 3606.63 2586.29 918.597 242.329 1020.34 35.977 18.7468 11.1574 8.56078 235.894 57.407 5337.18 541.334 178.487 174.495 4662.7 4177.02 1905.69 2271.32
internal_count=2204278 1723615 480663 399916 1203230 1131158 93536 58283 78938 72072 1052220 617415 452813 48851 11257 164602 5423 2803 1611 1231 11087 1682 80747 78835 9405 9178 69808 61425 26505 34920
is_linear=0
shrinkage=0.05


Tree=30
num_leaves=31
num_cat=0
split_feature=6 9 1 12 12 14 4 4 14 6 5 10 11 10 6 8 9 18 3 10 3 12 12 10 5 12 8 15 9 14
split_gain=1008.72 210.178 157.242 88.8075 132.543 135.108 99.7002 94.3973 91.9393 83.7415 82.1508 80.2215 74.2926 73.1451 68.749 57 69.7894 55.9004 55.4449 55.2793 55.7098 54.1506 116.657 63.4862 60.3409 52.8531 87.0919 78.7466 69.5958 103.064
threshold=922.50000000000011 0.0088977832347154635 0.15000000596046451 172.50000000000003 148.50000000000003 0.028074916452169422 81.500000000000014 1.5000000000000002 0.00342481816187501 9216.5000000000018 112.50000000000001 12.500000000000002 14.824999809265138 19.500000000000004 2747.5000000000005 0.030376874841749672 0.046442551538348205 652.50000000000011 0.15839120000600818 18.500000000000004 0.13221064954996112 175.50000000000003 152.50000000000003 836.50000000000011 13.500000000000002 38.500000000000007 0.053501529619097717 37.500000000000007 0.012206773739308121 0.018592592328786853
decision_type=2 10 2 2 2 10 8 8 10 2 2 2 2 2 2 8 10 2 2 2 2 2 2 2 2 2 10 2 8 8
left_child=2 9 11 4 5 -3 13 12 10 19 -9 -1 -6 18 -5 -13 17 21 -7 -2 -21 22 25 24 -24 26 27 28 -17 -30
right_child=1 3 -4 14 7 6 -8 8 -10 -11 -12 15 -14 -15 -16 16 -18 -19 -20 20 -22 -23 23 -25 -26 -27 -28 -29 29 -31
leaf_value=0.018467763827012575 0.0050112376596415688 -0.011102768248498663 0.01912517635918326 0.00033506055245520163 0.37945946664188335 0.16546097579637764 0.080442869351013468 0.25324473307870349 0.013836209872948306 -0.027072134043811209 0.059968883262097275 -0.00010121321555319311 0.096911216321337174 0.0001535198650508998 -0.019274698299916522 0.065643261820195795 -0.01147607316164246 -0.016602218598152297 0.036897478346312212 -0.0065823213756162667 -0.019417060265780342 0.005738605608593802 0.067964435631812689 0.21741124963615524 0.0047790567117360341 0.0050728357399541894 0.21276820840789187 -0.009484396793019793 -0.01588681787550645 0.04950371784147662
leaf_weight=1073.9344623452052 340.4821762656793 1153.9928556866944 2976.7444170881063 772.42301027663052 2.7872947668656733 11.499167325906454 65.3265236960724 6.0541373235173515 387.0798995657824 1808.8404169036075 59.839096567593515 4050.4558140598238 14.072253570891915 224.61267844028771 1060.7328382618725 128.2200800855644 371.23609860241413 165.05709507595748 30.978631212376058 1161.6495465664193 3106.2576188081875 1220.9002807708457 139.32682139705867 5.895933218766003 51.845188786275685 673.2453170963563 6.1951047107577315 129.20595802925527 109.39891813509166 134.14976018667221
leaf_count=23917 41354 167151 25721 84270 328 590 3136 416 50863 403949 1791 261907 1441 26909 186882 4886 16019 8887 2017 192449 590466 50713 3898 149 3486 33323 206 6296 7510 3990
internal_value=-0.00106343 -0.0124418 0.00927268 -0.00310471 0.00430495 -0.00301215 0.0250746 0.027454 0.0231302 -0.0179554 0.0777267 0.00572163 0.143623 0.0115323 -0.0110119 0.00381652 0.00887879 0.0116132 0.0717009 -0.0143769 -0.0159237 0.0134056 0.020201 0.0558126 0.0508288 0.0142557 0.0264455 0.0241414 0.0358279 0.0201311
internal_weight=21442.4 10206.6 11235.8 3789.4 1956.24 1486.41 332.417 469.833 452.973 6417.23 65.8932 8259.07 16.8595 267.09 1833.16 7185.13 3134.68 2763.44 42.4778 4608.39 4267.91 2598.38 1377.48 197.068 191.172 1180.42 507.17 500.975 371.769 243.549
internal_count=2204920 1754012 450908 525794 254642 199803 32652 54839 53070 1228218 2207 425187 1769 29516 271152 401270 139363 123344 2607 824269 782915 114457 63744 7533 7384 56211 22888 22682 16386 11500
is_linear=0
shrinkage=0.05


Tree=31
num_leaves=31
num_cat=0
split_feature=0 0 9 8 0 12 16 11 7 10 7 9 12 12 12 18 18 9 15 10 4 15 16 10 16 18 9 9 10 15
split_gain=983.109 237.994 107.955 96.0234 78.5865 75.5829 65.3417 74.2321 63.624 63.276 64.4969 63.1387 61.6408 58.8764 123.661 66.2461 155.569 394.402 203.158 87.4726 81.9467 65.2265 58.3341 58.1849 57.5824 72.5863 67.9744 98.1276 94.4125 78.8761
threshold=540.50000000000011 4555.5000000000009 0.012050881981849672 0.030376874841749672 18.500000000000004 297.50000000000006 0.0068493150174617776 28.791666030883793 2.5000000000000004 1266.5000000000002 1.5000000000000002 0.0046144798398017892 296.50000000000006 82.500000000000014 237.50000000000003 1848.5000000000002 1939.5000000000002 0.00608713272958994 47.500000000000007 938.50000000000011 79.500000000000014 32.500000000000007 0.061643833294510848 59.500000000000007 0.017808218486607078 652.50000000000011 0.012206773739308121 0.011551188305020334 488.50000000000006 28.500000000000004
decision_type=2 2 10 8 2 2 2 2 2 2 2 10 2 2 2 2 2 10 2 2 8 2 2 2 2 2 10 10 2 2
left_child=3 2 6 4 -1 12 -2 9 -4 -8 11 -11 24 -3 15 -15 17 18 19 -17 -19 -22 -7 -9 26 -26 27 28 -5 -29
right_child=1 13 8 5 -6 22 7 23 -10 10 -12 -13 -14 14 -16 16 -18 20 -20 -21 21 -23 -24 -25 25 -27 -28 29 -30 -31
leaf_value=0.018765387512826508 -0.027459675500904952 -0.029333086595944614 0.012592848140616104 -0.015158447613501803 0.0024143200338819244 -0.027105554217057834 -0.003225407335915731 0.0029493154011874865 -0.0042113111978842295 0.11111253244888486 0.0040719172722471749 0.026432867126157902 0.1015545252822774 -0.013232925887963834 -0.027473484423273173 0.70371470626008126 -0.0074382990894270896 -0.00033666017480462213 -0.051485340280138361 0.35545215842121713 -0.00026002753423906658 0.16006130235515437 0.008958804521775849 -0.016670861703201471 0.021542940445316974 -0.011716463516453821 0.0012013041874192288 0.12610798341134857 0.098929575643226866 -0.025171891699639456
leaf_weight=914.37238464131951 439.2843492757529 1124.4999619489536 1135.3000817787834 83.725891618058085 3742.7151965107769 166.3681901851669 1443.7647560792975 469.85700391978025 1117.9691068488173 33.740629584994167 157.83547240775079 63.331086032558233 21.687221215106547 1617.9272464215755 1439.1414184938185 2.6521630994975549 365.1140575921163 68.204517841339111 2.4480590103194109 5.6313605126924813 9.9500572448596376 17.506761230528355 343.90453276596963 1930.1582579063252 3515.3875579377636 172.0759668154642 876.67211271915585 40.252884794026613 23.147163167595863 10.963037044741212
leaf_count=9439 67062 247670 101355 3867 176672 5802 194950 70191 133755 3197 20844 5750 411 333557 318482 404 68822 11053 275 258 1342 311 6436 320950 58839 5700 35307 982 572 464
internal_value=-0.000675641 -0.0106592 -0.00469085 0.0108521 0.00562469 0.0154855 -0.00913299 -0.0071688 0.00425539 0.000829467 0.0237958 0.0558662 0.0174523 -0.0193701 -0.016195 -0.00842674 0.00806517 0.0612692 0.348691 0.466957 0.0290254 0.101963 -0.00279954 -0.0128298 0.0170661 0.0199909 0.00664326 0.0368213 0.00955137 0.0937257
internal_weight=21355.6 11444.3 6791.24 9911.27 4657.09 5254.18 4537.97 4098.69 2253.27 1698.67 254.907 97.0717 4743.91 4653.08 3528.58 2089.43 471.507 106.393 10.7316 8.28352 95.6613 27.4568 510.273 2400.02 4722.22 3687.46 1034.76 158.089 106.873 51.2159
internal_count=2204719 1900228 918054 304491 186111 118380 682944 615882 235110 224741 29791 8947 106142 982174 734504 416022 82465 13643 937 662 12706 1653 12238 391141 105731 64539 41192 5885 4439 1446
is_linear=0
shrinkage=0.05


Tree=32
num_leaves=31
num_cat=0
split_feature=0 1 10 8 6 9 9 9 1 10 8 7 13 3 7 14 9 15 4 10 4 15 7 11 0 10 14 11 8 4
split_gain=879.86 188.023 106.884 95.8757 87.326 67.716 77.2235 57.3393 53.3447 53 78.6995 52.8906 71.1837 56.1544 51.0956 60.4669 77.0799 73.8354 90.6882 49.9209 49.5849 144.014 129.956 71.6813 58.8593 49.2384 45.5998 104.838 95.8787 43.9889
threshold=1753.5000000000002 0.050000002607703216 23.500000000000004 0.031093168072402481 9350.5000000000018 0.046442551538348205 0.0098552517592906969 0.0088977832347154635 0.58333334326744091 1711.5000000000002 0.010159358382225038 2.5000000000000004 1.0000000180025095e-35 0.19348379224538806 5.5000000000000009 0.055698657408356674 0.041702812537550933 28.500000000000004 9.5000000000000018 212.50000000000003 1.5000000000000002 18.500000000000004 2.5000000000000004 18.991666793823246 4091.5000000000005 68.500000000000014 0.043653544038534171 27.891666412353519 0.010809807106852533 8.5000000000000018
decision_type=2 2 2 8 2 10 8 10 2 2 10 2 2 2 2 10 10 2 8 2 8 2 2 2 2 2 10 2 8 8
left_child=1 3 26 9 7 6 -5 -4 -3 25 -11 12 13 -8 15 -13 17 18 19 -17 21 22 24 -23 -9 -1 -2 28 -28 -14
right_child=2 8 4 5 -6 -7 11 20 -10 10 -12 14 29 -15 -16 16 -18 -19 -20 -21 -22 23 -24 -25 -26 -27 27 -29 -30 -31
leaf_value=0.0044697240078794684 0.0033805379557242201 0.012118225126111928 -0.016384153338486637 -0.014337220138166892 -0.024328131565613018 -0.016314233990516396 0.027821762122626732 0.55625540103849691 0.037676194380057773 0.19743007261225851 -0.017313513496669371 -0.0061863386721302824 -0.0034464754497759206 0.076205543502125286 0.024683654746262759 0.048773368267196249 0.14050207161415293 -0.03349656536341946 -0.011445207226975562 0.16366073373667933 -0.0063438245447693213 0.28318404762650812 -0.050303251234845164 -0.020320936451045522 0.21458954329009652 -0.0073009030542194823 0.40011889647677307 0.009887704341963368 0.068179410593505227 0.020988308749540982
leaf_weight=1258.5374743645079 507.60230056010187 6373.8924617404118 3113.1984813762829 273.55531964078546 2174.5406408379786 253.22825209377334 187.48609218560159 2.6348483627662054 210.91996169090271 8.100361389108004 9.0144589347764832 697.36806433135644 252.46423336630687 88.170523555018008 270.31825932022184 20.584887119941413 14.297680135816334 44.024171419907361 33.282754641026258 17.488349750172347 1748.6219620560296 2.0984541247598854 2.4608095679432154 26.676772969309241 2.4166793986223638 3021.5815347521566 3.817837585229424 24.036130223423243 5.0568521232344219 681.09553446387872
leaf_count=79280 84885 117175 640560 24826 487192 16949 6122 253 1052 260 1171 52100 20966 815 19026 452 500 2413 1442 566 286338 290 423 4530 196 322129 96 3024 586 29863
internal_value=-0.000721294 0.00684484 -0.014352 0.0012191 -0.0159898 0.0083592 0.0107808 -0.0122879 0.0129369 -0.0034887 0.0843236 0.0137597 0.0209724 0.0432976 0.00581184 -0.000356374 0.0309954 0.0174256 0.0488427 0.101545 -0.00514331 0.052707 0.247653 0.00181238 0.392801 -0.00383984 0.00707845 0.0641134 0.210978 0.0143804
internal_weight=21328.6 13715.4 7613.16 7130.6 7072.65 2833.36 2580.14 4898.11 6584.81 4297.23 17.1148 2306.58 1209.22 275.657 1097.36 827.046 129.678 115.38 71.356 38.0732 1784.91 36.2876 7.51234 28.7752 5.05153 4280.12 540.513 32.9108 8.87469 933.56
internal_count=2205480 697107 1508373 578880 1419782 176040 159091 932590 118227 402840 1431 134265 57766 6937 76499 57473 5373 4873 2460 1018 292030 5692 872 4820 449 401409 88591 3706 682 50829
is_linear=0
shrinkage=0.05


Tree=33
num_leaves=31
num_cat=0
split_feature=0 9 0 7 14 4 8 19 8 0 7 14 0 4 1 16 8 10 8 8 18 16 3 16 8 19 18 14 10 10
split_gain=849.366 158.819 147.545 85.6043 68.8854 104.566 85.7833 70.862 73.3736 67.0176 61.1718 64.104 68.1423 74.5503 59.1317 57.1987 55.5041 62.7142 54.4755 86.9182 126.672 54.3883 68.9336 77.7551 57.3087 53.0414 110.443 52.6538 68.0295 61.208
threshold=1011.5000000000001 0.0088977832347154635 188.50000000000003 3.5000000000000004 0.0039685040246695289 81.500000000000014 0.011193967889994385 8.5000000000000018 0.0094612310640513914 9434.5000000000018 1.0000000180025095e-35 0.00342481816187501 2811.5000000000005 8.5000000000000018 0.58333334326744091 0.0041095891501754531 0.042972596362233169 367.50000000000006 0.02353029698133469 0.025218538008630279 854.50000000000011 0.045205479487776763 0.047407407313585288 0.21232876181602481 0.042972596362233169 2.5000000000000004 942.50000000000011 0.024080277420580391 23.500000000000004 134.50000000000003
decision_type=2 10 2 2 10 8 8 2 10 2 2 10 2 10 2 2 10 2 8 8 2 2 2 2 8 2 2 10 2 2
left_child=2 9 14 4 10 -6 7 -7 -9 15 25 -12 13 -13 -1 -2 -5 27 -8 20 -20 24 23 -23 -4 26 -3 28 -18 -30
right_child=1 3 21 16 5 6 18 8 -10 -11 11 12 -14 -15 -16 -17 17 -19 19 -21 -22 22 -24 -25 -26 -27 -28 -29 29 -31
leaf_value=0.012151510954882387 -0.03216833061298046 -0.028042591898675442 -0.011205120489837989 -0.015644719012311795 -0.0064339809544210662 0.30903245079678643 -0.032288500689411866 -0.0098581894539811234 0.1079662618190087 -0.025323253609595659 0.031675977680773661 0.13764616577617736 0.063978170829458725 0.47424547696808539 0.039136829703187465 -0.011603000197152212 0.43177966586347055 -0.019908851014187576 -0.024416214539833114 0.017285324557333774 0.39048003889648902 0.018226267993496869 0.0021281128527982935 0.10572538045679306 0.0043536653937629056 -0.00749301339783479 0.54693183507481191 -0.022672584606761789 0.012788354402177571 0.20260105305291962
leaf_weight=7009.029769167304 370.29857440060005 2.2183165308088055 1241.2545597050339 1227.9248338961042 1552.608936350327 3.1394034493714562 55.626690973062068 20.787452226039022 36.263712218496948 1625.8615161927883 146.5383161357604 5.3147962344810393 17.935882891062647 2.3823556508868933 209.05927491188049 3889.2604377823882 1.7626886889338553 24.214755272492766 3.5346569516696027 247.00084018427879 3.8364117462188005 521.04479547729716 1723.7480787364766 26.690523533150554 1131.2332017184235 118.84671945078298 1.3395005613565447 7.2343782628886393 8.7000523023307341 8.2980625485070032
leaf_count=133895 75323 307 111707 209481 239799 42 6215 2444 1471 393303 14957 611 3110 307 1032 742067 217 3485 247 11925 207 15649 151916 740 65823 14689 228 1208 1210 1074
internal_value=-0.000430813 -0.0116734 0.00846023 -0.00323169 0.00270892 -0.000740495 0.0231385 0.0777615 0.0650351 -0.0166872 0.0252245 0.0444362 0.117383 0.241827 0.0129331 -0.0133908 -0.0135378 0.0379893 0.0125327 0.0223343 0.191524 0.00150808 0.00703809 0.02249 -0.00378649 -0.00179823 0.188432 0.0919219 0.136111 0.10545
internal_weight=21243 9380.93 11862.1 3495.51 2217.37 1922.8 370.189 60.1906 57.0512 5885.42 294.576 172.171 25.633 7.69715 7218.09 4259.56 1278.13 50.2099 309.999 254.372 7.37107 4643.97 2271.48 547.735 2372.49 122.405 3.55782 25.9952 18.7608 16.9981
internal_count=2204689 1723927 480762 513234 296559 262350 22551 3957 3915 1210693 34209 18985 4028 918 134927 817390 216675 7194 18594 12379 454 345835 168305 16389 177530 15224 535 3709 2501 2284
is_linear=0
shrinkage=0.05


Tree=34
num_leaves=31
num_cat=0
split_feature=0 1 3 10 16 8 11 9 15 15 0 19 9 9 9 14 19 16 10 18 3 10 19 0 9 15 10 18 11 10
split_gain=750.066 221.881 100.071 115.365 100.161 93.212 78.571 75.3902 63.1076 62.5163 64.9386 84.7514 108.428 53.8133 63.4696 59.2533 52.0603 60.0294 48.3465 46.0215 70.3837 45.6442 44.5663 42.8411 67.2156 45.8345 61.5468 48.3665 48.1365 55.9649
threshold=2432.5000000000005 0.050000002607703216 0.051354166120290763 12.500000000000002 0.031506848521530635 0.053501529619097717 27.891666412353519 0.0068663100246340045 33.500000000000007 55.500000000000007 1065.5000000000002 21.500000000000004 0.027044888585805896 0.013316913042217495 0.011551188305020334 0.020040160045027736 18.500000000000004 0.012328767217695715 1525.5000000000002 227.50000000000003 0.30649305880069738 4.5000000000000009 17.500000000000004 1317.5000000000002 0.0056110797449946412 24.500000000000004 146.50000000000003 556.50000000000011 3.058333277702332 188.50000000000003
decision_type=2 2 2 2 2 8 2 10 2 2 2 2 10 8 10 10 2 2 2 2 2 2 2 2 10 2 2 2 2 2
left_child=1 2 4 -4 5 16 9 -2 18 10 13 -12 -13 14 -7 -15 17 -1 -6 20 -3 -9 -16 25 -25 28 -27 -28 -19 -30
right_child=7 19 3 -5 8 6 -8 21 -10 -11 11 12 -14 15 22 -17 -18 23 -20 -21 -22 -23 -24 24 -26 26 27 -29 29 -31
leaf_value=-0.024844502678786455 -0.019886356778617286 0.021577351514886392 0.015315016780119213 -0.0059287553709900867 0.013968134048850174 -0.0055024415091387939 0.15149625415440238 0.03349238991893784 0.05146567952783962 -0.017551618746881253 0.024444792647323247 -0.0023279813085279131 0.18456310442743476 -0.026422446201878842 0.080909138698536595 0.01516669793574452 -0.028315346627846839 -0.027474186711256732 0.10712677144154453 0.0097405207084623954 -0.01347478530107383 -0.0099210312234320024 -0.039372393211124568 0.1193359582052779 0.016108785896475627 -0.018195299279032219 -0.039579363477869611 0.091934085858166065 -0.019715831888719781 0.18217475158809079
leaf_weight=165.98349197534844 3402.0006860946305 1827.0706073427573 729.56337473122403 5152.3273069434799 542.09724804153666 47.881840116810054 10.212314784526823 61.809856352861971 166.2917878148146 146.52615870535374 77.716080635320395 11.953077994752674 22.127165184356272 123.56028737174347 69.551216219551861 279.0851948754862 272.61791147105396 118.60612619062886 14.294258914422242 4680.8497376646847 155.3937001619488 2958.4861350422725 8.659883941523729 21.598388542886823 58.434323015157133 36.991398212499917 8.5446361126378161 38.451472355984151 7.6431037234142405 6.2310367291793227
leaf_count=13637 777390 22443 33925 592886 26902 2605 161 9161 4224 5649 2451 726 351 7566 1288 9583 20016 7140 565 92550 2994 564648 538 991 2574 1072 427 1147 312 640
internal_value=-0.000512456 0.00567955 0.000139545 -0.00329377 0.0090947 0.00185815 0.0136993 -0.014782 0.0244391 0.0119113 0.0186512 0.0532735 0.119014 0.0113306 0.0398349 0.00240419 -0.0109845 -0.000768516 0.0163615 0.0124448 0.0188298 -0.00903258 0.067591 0.0127094 0.0439667 0.00115297 0.030049 0.0680229 -0.017166 0.0709556
internal_weight=21222.6 14800.3 8136.95 5881.89 2255.06 1532.38 797.273 6422.3 722.683 787.061 640.535 111.796 34.0802 528.738 126.093 402.645 735.102 462.484 556.392 6663.31 1982.46 3020.3 78.2111 296.5 80.0327 216.468 83.9875 46.9961 132.48 13.8741
internal_count=2206562 855363 737376 626811 110565 78874 30918 1351199 31691 30757 25108 3528 1077 21580 4431 17149 47956 27940 27467 117987 25437 573809 1826 14303 3565 10738 2646 1574 8092 952
is_linear=0
shrinkage=0.05


Tree=35
num_leaves=31
num_cat=0
split_feature=0 9 1 7 14 4 11 2 10 5 8 10 4 8 18 1 6 16 11 4 9 5 10 16 16 10 18 7 8 3
split_gain=686.542 165.067 103.242 73.6148 73.2994 77.5488 75.3617 72.8213 67.4732 63.6557 73.0337 91.1095 60.8195 78.2667 102.346 54.3274 54.1263 53.7896 56.1584 52.6281 169.671 50.6367 48.9454 82.387 47.2001 53.4236 53.915 80.7938 90.4502 43.8232
threshold=1011.5000000000001 0.0092135793529450911 0.050000002607703216 3.5000000000000004 0.0039685040246695289 81.500000000000014 25.041666030883793 0.6428571641445161 4.5000000000000009 360.50000000000006 0.042972596362233169 27.500000000000004 10.500000000000002 0.014109808951616289 269.50000000000006 0.58333334326744091 9216.5000000000018 0.053424658253788955 9.7750000953674334 8.5000000000000018 0.014886976685374977 177.50000000000003 84.500000000000014 0.0041095891501754531 0.0041095891501754531 1494.5000000000002 399.50000000000006 3.5000000000000004 0.015499818604439499 0.24295138567686084
decision_type=2 10 2 2 10 8 2 2 2 2 10 2 8 10 2 2 2 2 2 10 8 2 2 2 2 2 2 2 10 2
left_child=2 7 8 4 12 22 21 16 -1 10 -5 -12 13 -3 -15 -4 24 -10 -19 29 -21 -7 23 -6 -2 -26 27 28 -27 -16
right_child=1 3 15 9 5 6 -8 -9 17 -11 11 -13 -14 14 19 -17 -18 18 -20 20 -22 -23 -24 -25 25 26 -28 -29 -30 -31
leaf_value=0.022331033551472045 -0.030713425716789644 -0.018044620268578324 0.010842214194168375 -0.0088197752218241721 0.32584397350354738 0.022279663907667141 0.10116674397438137 0.053098107728426353 -0.0032595256162888 -0.034678537831482267 0.30214608247042263 0.036629790258016097 0.0038664387629396392 0.29010727256250812 0.074763047022132739 0.036357849308498821 -0.023947037025863621 0.025105772016810551 0.0031214064941163795 0.080536729383150513 0.52841949918464737 -0.031197605535907409 -0.0097672049659867175 0.01041756379200149 -0.01353478476737284 0.22686769413009147 0.0012729697390223692 -0.044422870864983921 -0.03933253275965428 0.0044496904865717725
leaf_weight=389.75750655680895 350.61335680726916 34.067033648956567 6510.7190777398646 923.13592579262331 2.0840974291786543 291.96805609855801 26.835745170712471 38.19814069615677 3102.2050189822912 241.03435643715784 3.5435206037946037 36.619721159804612 149.09688932448626 4.966636366210877 45.014745154418051 215.52094543725252 1611.6918982709758 365.95083550084382 1408.6790061551146 22.718612614553425 2.3315624850802115 52.176161733455956 1173.7764179366641 309.41088102571666 3428.272249661386 10.736675139982255 364.51070017879829 8.5192247428931278 4.540532953105866 43.646029890049249
leaf_count=9005 74462 5462 116933 150156 65 11582 1277 6533 219007 52430 337 4562 16671 306 3018 1071 406285 17160 118035 2152 264 8801 187049 43676 670859 1282 68393 1562 777 5966
internal_value=-0.000322368 -0.0106137 0.00755476 -0.00179472 0.00373197 1.61331e-05 0.0204649 -0.0157113 0.00231203 -0.0116982 -0.00594812 0.0600557 0.0265834 0.0487579 0.0679339 0.0116598 -0.0161661 0.000712106 0.00765486 0.0582299 0.122224 0.0141719 -0.0050914 0.012528 -0.0131567 -0.0115439 0.00603331 0.0789516 0.14775 0.0401491
internal_weight=21172.3 9179.51 11992.8 3362.43 2158.09 1856.25 370.98 5817.08 5266.59 1204.33 963.299 40.1632 301.842 152.745 118.678 6726.24 5778.88 4876.83 1774.63 113.711 25.0502 344.144 1485.27 311.495 4167.19 3816.58 388.307 23.7964 15.2772 88.6608
internal_count=2205138 1723927 481211 493774 286289 252450 21660 1230153 363207 207485 155055 4899 33839 17168 11706 118004 1223620 354202 135195 11400 2416 20383 230790 43741 817335 742873 72014 3621 2059 8984
is_linear=0
shrinkage=0.05


Tree=36
num_leaves=31
num_cat=0
split_feature=0 0 11 10 6 15 19 12 12 15 19 12 12 9 8 8 9 8 19 8 8 9 8 11 4 11 11 19 3 11
split_gain=613.926 142.489 98.6583 90.6275 78.1325 78.0084 76.6673 76.384 78.2591 78.9209 96.1645 66.8594 107.914 62.903 62.8174 84.8891 73.6949 61.9481 60.5768 63.4068 55.4298 116.063 172.266 337.9 132.908 272.133 64.6435 228.917 134.605 296.148
threshold=1753.5000000000002 237.50000000000003 9.7750000953674334 23.500000000000004 9216.5000000000018 1.0000000180025095e-35 23.500000000000004 16.500000000000004 18.500000000000004 7.5000000000000009 2.5000000000000004 76.500000000000014 208.50000000000003 0.0049939719028770932 0.011309680528938772 0.01632668357342482 0.0053404634818434724 0.0095153348520398157 2.5000000000000004 0.041478902101516731 0.011250562965869905 0.0072477718349546203 0.011068334802985193 40.725000381469734 79.500000000000014 20.691666603088382 43.358331680297859 13.500000000000002 0.23771990835666659 53.208333969116218
decision_type=2 2 2 2 2 2 2 2 2 2 2 2 2 10 8 8 10 10 2 10 8 10 8 2 10 2 2 2 2 2
left_child=1 -1 5 -2 11 -3 7 -7 -9 10 17 -5 13 -13 -12 16 -16 -10 -11 -20 21 22 24 -24 26 -26 -15 28 -28 -30
right_child=3 2 -4 4 -6 6 -8 8 9 18 14 12 -14 20 15 -17 -18 -19 19 -21 -22 -23 23 -25 25 -27 27 -29 29 -31
leaf_value=0.0098138607362436622 0.0072875877502878821 -0.01277990643623486 -0.0050354273981984337 -0.022131858406580187 -0.022274514373849072 -0.026660175260164194 -0.0069010451333056475 0.11421265164678857 0.1578487542415713 -0.026878850455912623 -0.033301143533701331 -0.016115410669461816 -0.015928572298376277 0.00085767758627209906 0.12848841842010139 0.022810233927287704 -0.0025070852240844134 0.0050300546868610177 0.01376873905334655 0.07068353420870431 0.0018064272126956053 0.0092270434664873009 0.6624287120148733 -0.052510826083159615 0.048321306747204307 1.0589708819201218 0.040657878521799348 -0.04304928612437034 1.1501123540927753 0.15895288629076432
leaf_weight=7933.8563568117097 533.56351396115497 354.5546744717285 3933.8562638703734 981.77929048915394 2043.0688844698016 86.424891798291355 374.70853074407205 22.575077933259308 26.954220063053071 85.424907266162336 31.636971147730947 405.90756740234792 1852.7695611864328 32.280108862090856 41.746892092749476 150.9208970409818 14.453802141826598 8.7955100131221098 782.54969687899575 52.19988207379356 1175.3044438906945 179.60320731345564 3.5684283045120528 3.0784345841966569 2.0285015227273102 0.99169973749667395 1.6148126823827604 6.9687005835585296 1.3712931089103224 1.6731904656626282
leaf_count=161361 88553 29772 431694 209680 495132 5262 18372 591 401 3393 3050 88212 382582 6800 2182 8645 1221 485 29163 848 204519 29662 369 290 405 215 161 1576 92 372
internal_value=-0.000721403 0.00542379 -0.000413537 -0.0125436 -0.0141248 0.00853006 0.0130317 0.0187609 0.0219857 0.020243 0.0437716 -0.0105432 -0.00744069 0.00122673 0.0323203 0.0423437 0.0947987 0.120251 0.0132239 0.0173278 0.00622452 0.0284933 0.0930808 0.331311 0.0593383 0.380174 0.0372697 0.138352 0.409666 0.60539
internal_weight=21126.2 13900.7 5966.8 7225.57 6692.01 2032.95 1678.39 1303.68 1217.26 1194.68 274.508 4648.94 3667.16 1814.39 238.759 207.122 56.2007 35.7497 920.174 834.75 1408.48 233.178 53.5752 6.64686 46.9283 3.0202 43.9081 11.628 4.6593 3.04448
internal_count=2205060 696440 535079 1508620 1420067 103385 73613 55241 49979 49388 15984 924935 715255 332673 15098 12048 3403 886 33404 30011 244461 39942 10280 659 9621 620 9001 2201 625 464
is_linear=0
shrinkage=0.05


Tree=37
num_leaves=31
num_cat=0
split_feature=0 0 11 2 12 12 7 4 3 1 9 18 8 3 18 8 11 9 11 11 11 7 16 0 12 12 19 9 12 9
split_gain=585.98 159.999 101.131 84.4612 75.6732 134.415 87.5425 66.963 77.1432 55.3408 53.4899 72.1452 50.7735 103.339 183.4 51.6069 271.407 48.8881 47.6988 144.538 71.2163 132.003 67.1342 60.2361 73.0643 45.3528 54.519 118.744 54.6979 71.9544
threshold=2554.5000000000005 255.50000000000003 9.7750000953674334 0.6428571641445161 76.500000000000014 237.50000000000003 3.5000000000000004 2.5000000000000004 0.10418981313705446 0.58333334326744091 0.023067810572683815 32.500000000000007 0.0097219180315732973 0.019895832985639576 1470.5000000000002 0.0096495342440903204 44.408334732055671 0.010320119559764864 41.408334732055671 39.375000000000007 39.658334732055671 3.5000000000000004 0.069863013923168196 307.50000000000006 253.50000000000003 10.500000000000002 18.500000000000004 0.036431439220905311 172.50000000000003 0.029487091116607193
decision_type=2 2 2 2 2 2 2 8 2 2 10 2 8 2 2 8 2 10 2 2 2 2 2 2 2 2 2 10 2 10
left_child=1 9 7 4 -2 6 -6 8 -3 -1 -4 -12 13 14 -8 -15 -17 -5 19 23 21 -21 -20 24 -13 -9 -27 28 29 -28
right_child=3 2 10 17 5 -7 12 25 -10 -11 11 18 -14 15 -16 16 -18 -19 22 20 -22 -23 -24 -25 -26 26 27 -29 -30 -31
leaf_value=0.0088886198467854928 -0.024988764326546169 -0.0071951586315764848 -0.0073160936038806947 0.10754847651877586 0.0029751807077468308 -0.021429481289778785 0.063312742928242335 -0.031484425953281686 0.40178192799269985 0.034631943294471043 -0.042925317153392303 0.042244152212628373 -0.018682736071457033 -0.0063883496265945876 0.77712389289789419 -0.050593631559044921 0.44246110135946709 0.0029487231901901773 -0.019338262711243785 0.081159246032817614 0.06915374504796612 0.50539878601319632 0.026198237618606263 0.0037158937057550573 0.25840988905466639 0.015713154029831377 -0.001603490856087591 0.057876479139262152 -0.021942360123013187 0.06974824911762309
leaf_weight=7966.5163750965148 1266.3284359325189 2.2918735733255735 3903.9121317365207 22.175743080675602 1680.8238073366228 1911.996384578757 3.5219322640914461 70.894776654429734 2.3204141482710838 214.38218696415424 68.093169731553644 20.27488319948316 998.20693794847466 92.37498387764208 1.208671052707359 9.1782942800782603 4.0107065089978269 22.509672687854618 225.73223036015406 5.3565877480432373 62.268544913269579 2.7878890438005328 126.18682570941746 344.17451184615493 4.8427488300949326 1256.0065830019303 357.51734536280856 77.669538123067468 337.17428292473778 39.208609277848154
leaf_count=169819 298552 211 505992 4109 326034 446914 739 5719 207 1067 6081 945 221748 20757 278 1538 316 3412 24192 286 3468 299 11723 34484 235 66887 23549 1824 22595 1036
internal_value=-0.000427737 0.00483222 -0.000771596 -0.0136273 -0.0141401 -0.011218 -0.00421827 0.00824879 0.198559 0.00956323 -0.00482973 0.00646066 -0.0151257 0.0170667 0.245692 0.0068214 0.0993417 0.0548578 0.0107087 0.0216888 0.0873395 0.226378 -0.00301034 0.00917113 0.0839215 0.00783833 0.00918666 -0.000913913 -0.00713577 0.00544823
internal_weight=21099.9 15087.6 6906.71 6012.34 5967.65 4701.32 2789.33 2143.08 4.61229 8180.9 4763.63 859.717 1108.5 110.295 4.7306 105.564 13.189 44.6854 791.624 439.705 70.413 8.14448 351.919 369.292 25.1176 2138.47 2067.58 811.57 733.9 396.726
internal_count=2205016 880619 709733 1324397 1316876 1018324 571410 122028 418 170886 587705 81713 245376 23628 1017 22611 1854 7521 75632 39717 4053 585 35915 35664 1180 121610 115891 49004 47180 24585
is_linear=0
shrinkage=0.05


Tree=38
num_leaves=31
num_cat=0
split_feature=0 8 16 10 0 5 18 7 10 9 16 15 3 15 10 18 9 14 15 15 18 4 15 15 4 8 15 14 3 11
split_gain=575.836 136.927 88.1641 75.93 74.3061 58.5837 55.8686 53.896 54.3413 98.4155 52.9495 98.1422 56.132 53.7093 51.6963 63.3049 68.1128 61.2945 52.1805 49.7881 49.7129 133.34 59.0708 138.46 96.0312 83.3067 56.4975 100.314 48.0158 74.4364
threshold=2119.5000000000005 0.030376874841749672 0.0041095891501754531 23.500000000000004 62.500000000000007 402.50000000000006 1848.5000000000002 2.5000000000000004 1973.5000000000002 0.0035802409984171395 0.015068492852151396 52.500000000000007 0.20230323821306231 50.500000000000007 1098.5000000000002 48.500000000000007 0.012206773739308121 0.020384987816214565 26.500000000000004 17.500000000000004 1995.5000000000002 132.50000000000003 23.500000000000004 24.500000000000004 51.500000000000007 0.01039247401058674 26.500000000000004 0.013351158704608681 0.051354166120290763 27.891666412353519
decision_type=2 8 2 2 2 2 2 2 2 8 2 2 2 2 2 2 8 8 2 2 2 8 2 2 10 10 2 10 2 2
left_child=1 2 -1 -2 -4 -5 -7 8 -6 -10 11 12 13 14 15 16 -3 -18 28 -16 21 22 -8 -24 26 -26 27 -25 29 -19
right_child=3 10 4 5 7 6 20 -9 9 -11 -12 -13 -14 -15 19 -17 17 18 -20 -21 -22 -23 23 24 25 -27 -28 -29 -30 -31
leaf_value=-0.027169341860428395 0.0058992450912012176 0.050345510835346143 0.0097921808897244236 -0.011347274986030989 0.0030921707137831385 -0.026280859095342314 -0.023016757890796061 -0.0065196502149353179 0.36644373382591733 0.022529428261991526 0.012066944867787444 -0.0172150820483245 -0.017404637658282523 0.15473492034993788 0.06388921654204581 -0.0080427245161900553 -0.013942649274356385 0.014075515950974766 0.061744286543330008 -0.012702880055852751 -0.018769249899484614 0.5902020771456995 0.38654582706141816 -0.05018668503017986 0.0065141503090381005 0.2122646908466293 -0.018799771081059676 0.41537304065142477 -0.041478388644778458 0.17077204156122114
leaf_weight=286.459784086328 485.22551354812458 136.33340888936073 1835.8679319964722 4145.5857550883666 2436.1849554553628 1503.0695250350982 58.56533069582656 2872.345890050754 2.875454323831943 7.5213865460827956 5500.4551073303446 478.87997450679541 162.40223101526499 6.7667596405372015 85.899854588788003 328.75877592852339 163.70942900842056 103.19458906259388 70.989076898898929 28.177694085519761 230.11706282827072 1.0148781181778748 2.8329402732197186 2.5254989352542898 8.606392244575547 11.484751648968084 50.706628096057102 2.1353307366371155 35.104145139921457 8.179639518260954
leaf_count=32474 82037 4640 27946 867587 200241 386953 13592 269541 267 890 166936 24713 14768 333 3488 19361 11359 3347 1192 1247 54485 233 244 684 1237 529 12020 81 2287 59
internal_value=-0.000756941 0.00477094 3.0073e-05 -0.0131274 0.00111907 -0.0146619 -0.0220058 -0.00187452 0.00357897 0.117646 0.00973349 0.00175347 0.00979555 0.0143631 0.0133741 0.00911482 0.0200145 0.00916618 0.0265625 0.0449706 -0.00454431 0.0191981 0.0149637 0.0433747 0.030491 0.124128 -0.0034869 0.163107 0.00951204 0.0255838
internal_weight=21052 14550.1 7441.26 6501.87 7154.8 6016.64 1871.06 5318.93 2446.58 10.3968 7108.85 1608.4 1129.52 967.113 960.347 846.269 517.51 381.177 217.467 114.078 367.989 137.872 136.857 78.2915 75.4586 20.0911 55.3675 4.66083 146.478 111.374
internal_count=2204771 785089 531359 1419682 498885 1337645 470058 470939 201398 1157 253730 86794 62081 47313 46980 42245 22884 18244 6885 4735 83105 28620 28387 14795 14551 1766 12785 765 5693 3406
is_linear=0
shrinkage=0.05


Tree=39
num_leaves=31
num_cat=0
split_feature=6 1 10 3 10 16 7 12 12 15 15 4 11 9 4 12 18 19 10 18 3 3 2 12 11 15 19 7 7 14
split_gain=470.893 135.839 103.636 67.2871 70.9347 67.2619 65.5986 68.7701 83.4366 56.9021 68.4735 113.398 90.8272 87.1921 101.035 63.3154 110.32 85.1233 54.9317 53.4707 97.2988 53.449 50.2358 47.0168 62.9148 46.424 44.8294 44.6467 63.9041 51.5441
threshold=2536.5000000000005 0.050000002607703216 30.500000000000004 0.051354166120290763 68.500000000000014 0.031506848521530635 2.5000000000000004 86.500000000000014 237.50000000000003 55.500000000000007 42.500000000000007 57.500000000000007 36.858331680297859 0.011379310395568611 8.5000000000000018 206.50000000000003 564.50000000000011 5.5000000000000009 1367.5000000000002 219.50000000000003 0.28649304807186132 0.047407407313585288 0.35714286565780645 214.50000000000003 112.29999923706056 259.50000000000006 15.500000000000002 3.5000000000000004 5.5000000000000009 0.015874016098678115
decision_type=2 2 2 2 2 2 2 2 2 2 2 10 2 10 8 2 2 2 2 2 2 2 2 2 2 2 2 2 2 10
left_child=1 3 19 5 -5 21 7 -4 9 10 -9 13 -13 22 15 17 -17 -15 -7 20 25 27 -12 24 -6 -2 -20 -1 -29 -30
right_child=2 -3 6 4 23 18 -8 8 -10 -11 11 12 -14 14 -16 16 -18 -19 26 -21 -22 -23 -24 -25 -26 -27 -28 28 29 -31
leaf_value=0.0057416056024931876 0.010231773176185162 0.0092808691327575504 -0.023949876066001689 0.0053404307832707713 -0.0033826355325325182 0.01548176717107861 -0.019745249423233496 0.0050929319487008698 -0.016997693567296909 -0.017987540606248086 -0.027328318962052095 0.08842315455467098 0.33344919464098288 0.17966961948624521 -0.042489706886469143 0.48623923261197838 0.031798854096244132 -0.0019374266338383454 0.10562170609394164 0.0029839302736986606 0.23768817445408238 0.095505615948287909 0.2806533763606131 -0.014119542608253847 0.10492752067753611 0.28450573933335327 0.011819397904245901 -0.027553400282032788 -0.0085759348183446129 0.047120613642432051
leaf_weight=1076.24169151159 26.82312643900514 6876.5683752438053 559.65174619061872 1737.1187006742693 2673.478503620252 702.8503025197424 2952.2846319365781 768.17412216309458 733.04489778657444 219.80816769646481 50.111779292812571 12.661364174215125 5.3930519740097216 13.441975326277321 12.649228367954491 2.9549864381551734 2.4367779018357396 12.409001641906796 31.937443075701594 611.78177600167692 6.7080828743055454 14.826063232496379 1.3599808472208668 1407.7732557533309 13.47528950916603 1.6369684506207693 21.187017499934882 285.84574210084975 124.09564208751544 62.441032421309501
leaf_count=45340 3351 118130 134764 131513 319212 30633 709608 150006 176852 43399 11415 581 176 277 2131 212 453 2206 735 90305 540 538 302 195379 1126 213 736 22721 9597 1943
internal_value=-0.000620678 0.00410527 -0.0124706 -0.000260969 -0.00312588 0.00694241 -0.0147578 -0.00860751 -0.00392686 0.00477252 0.0104473 0.0467122 0.161615 0.0249586 0.0767322 0.125002 0.280857 0.0924945 0.0191872 0.00643036 0.0663841 0.00102167 -0.0191909 -0.00671756 -0.00283945 0.0260075 0.0682116 0.000117108 -0.0126973 0.0100679
internal_weight=21021.2 15027.8 5993.33 8151.27 5831.85 2319.42 5346.38 2394.1 1834.45 1101.4 881.592 113.418 18.0544 95.3637 43.892 31.2427 5.39176 25.851 755.975 646.95 35.1682 1563.45 51.4718 4094.73 2686.95 28.4601 53.1245 1548.62 472.382 186.537
internal_count=2204394 877603 1326791 759473 647230 112243 1232382 522774 388010 211158 167759 17753 757 16996 5279 3148 665 2483 32104 94409 4104 80139 11717 515717 320338 3564 1471 79601 34261 11540
is_linear=0
shrinkage=0.05


Tree=40
num_leaves=31
num_cat=0
split_feature=0 8 16 6 0 7 3 6 9 17 16 12 12 16 12 9 12 9 12 12 12 9 3 12 19 12 12 12 12 0
split_gain=457.908 119.062 80.0926 69.9893 66.0428 64.7659 69.4365 68.3466 79.9325 56.2489 55.5417 55.2054 87.7595 51.587 55.9401 56.3413 53.1984 60.7435 73.7773 46.7672 73.7979 48.1055 63.5774 46.4934 70.2047 46.3338 61.1872 56.1903 54.68 98.2327
threshold=2554.5000000000005 0.030376874841749672 0.0068493150174617776 9216.5000000000018 18.500000000000004 2.5000000000000004 0.14938657730817798 1992.5000000000002 0.002263430855236948 34.500000000000007 0.072602741420269026 76.500000000000014 249.50000000000003 0.028767122887074951 161.50000000000003 0.012341927271336319 148.50000000000003 0.039090441539883621 154.50000000000003 36.500000000000007 34.500000000000007 0.012050881981849672 0.063877318054437651 341.50000000000006 17.500000000000004 102.50000000000001 175.50000000000003 168.50000000000003 74.500000000000014 1289.5000000000002
decision_type=2 8 2 2 2 2 2 2 10 2 2 2 2 2 2 10 2 10 2 2 2 8 2 2 2 2 2 2 2 2
left_child=1 2 9 11 -4 6 7 10 -9 -1 23 -2 -13 19 15 -15 -17 18 -18 20 21 -3 -23 -6 -25 28 27 -27 29 -21
right_child=3 13 4 -5 5 -7 -8 8 -10 -11 -12 12 -14 14 -16 16 17 -19 -20 25 -22 22 -24 24 -26 26 -28 -29 -30 -31
leaf_value=-0.022023046557579459 -0.019934311261339377 0.034401149409404988 0.013347577767353527 -0.020074402388886761 -0.0029813797208649946 -0.005453524069528092 -0.0022277183003972354 0.33624459466622691 0.05225383237545464 0.22613099569058012 0.022506935190508285 0.0014440256164074061 -0.016424948478675958 0.0032187341280701652 0.008114424664635014 0.018739324030351532 0.036701168452851117 0.017424611011238367 0.10344192068316259 -0.011069201039533638 0.053203426916151535 0.013063121652698788 -0.027819951980162728 0.085172685740093873 -0.018676200487617454 0.010374076666493013 -0.0070458320695426114 0.05941232992615867 -0.034606972285944115 0.056429687574479227
leaf_weight=449.43579326942563 828.73162432294339 124.79641354689375 934.75388113036752 2027.5132148468401 628.67473858827725 3519.5024252631702 1653.2328666877002 2.5829005981795481 60.854356654919684 2.2952156811952582 548.48989392025396 1816.9732208070345 1105.0012581348419 368.0981943141669 3335.4563844939694 733.51431420072913 105.31331582088023 126.87856786791235 68.23773534456268 445.59936413448304 103.30667484598234 277.80214565899223 144.58874655468389 38.227590853814036 28.338722736109048 589.46568212145939 582.52600966254249 64.841789809055626 185.88644377002493 61.319192171562463
leaf_count=52598 193752 4466 8911 519725 40049 311438 160239 308 8938 59 20535 357138 253158 17410 99746 18233 3099 2419 1235 24159 1776 11032 9459 871 1545 32687 27425 2314 17539 2285
internal_value=-0.000610443 0.00394829 -0.000322041 -0.0125899 0.000923256 -0.000869006 0.00458134 0.0131931 0.0638168 -0.0207622 0.010611 -0.008544 -0.00531347 0.00853885 0.011637 0.0200172 0.0259977 0.0437193 0.0629427 0.00285021 0.0144443 0.00712672 -0.000931575 0.001226 0.040962 -0.00105822 0.00474048 0.0152338 -0.0114104 -0.00290423
internal_weight=20962.2 15184 7866.39 5778.22 7414.66 6479.9 2960.4 1307.17 63.4373 451.731 1243.73 3750.71 2921.97 7317.63 4737.5 1402.04 1033.94 300.43 173.551 2580.13 650.494 547.187 422.391 695.241 66.5663 1929.64 1236.83 654.307 692.805 506.919
internal_count=2204548 880775 605491 1323773 552834 543923 232485 72246 9246 52657 63000 804048 610296 275284 142142 42396 24986 6753 4334 133142 26733 24957 20491 42465 2416 106409 62426 35001 43983 26444
is_linear=0
shrinkage=0.05


Tree=41
num_leaves=31
num_cat=0
split_feature=0 0 3 10 12 12 7 19 15 12 15 18 10 12 12 9 3 15 9 14 16 15 14 12 16 0 7 9 14 19
split_gain=405.921 109.552 77.167 69.7439 56.4379 99.7329 58.2034 49.232 48.4804 55.4462 54.7938 80.4364 72.3127 64.686 57.8181 67.3372 103.05 55.8405 87.9063 108.592 63.6335 135.617 57.2846 52.0266 69.6197 76.6798 71.3632 64.3269 50.4621 48.6399
threshold=2554.5000000000005 237.50000000000003 0.12725694477558139 23.500000000000004 76.500000000000014 237.50000000000003 3.5000000000000004 22.500000000000004 1.0000000180025095e-35 10.500000000000002 8.5000000000000018 482.50000000000006 1494.5000000000002 311.50000000000006 194.50000000000003 0.002586973831057549 0.1000347249209881 26.500000000000004 0.016604704782366756 0.03397778049111367 0.20684932172298434 39.500000000000007 0.019646301865577701 188.50000000000003 0.061643833294510848 1652.5000000000002 5.5000000000000009 0.0078778946772217768 0.024080277420580391 20.500000000000004
decision_type=2 2 2 2 2 2 2 2 2 2 2 2 2 2 2 10 2 2 10 10 2 2 10 2 2 2 2 10 10 2
left_child=1 -1 7 -2 -5 6 -6 8 -3 -10 11 12 13 -11 23 16 -16 -12 19 20 -19 -22 -20 24 25 -13 -27 -25 -24 -26
right_child=3 2 -4 4 5 -7 -8 -9 9 10 17 14 -14 -15 15 -17 -18 18 22 -21 21 -23 28 27 29 26 -28 -29 -30 -31
leaf_value=0.007894262897266557 0.0075156588646023946 -0.0071590510563760944 -0.0048722905532456277 -0.023392140776586027 0.0018436141402124056 -0.020131232586900132 -0.013702018734026336 -0.0053530184311547666 -0.03730310010921585 0.035574266569118697 -0.00016202048003220734 -0.024771059715418844 0.21202340743122738 0.11886728231070305 0.47643090555846301 -0.027147533930451218 -0.0039541133853186888 0.031200801198664065 -0.04126467457739888 0.19125380257628818 0.0077031388587647858 0.51906949166959515 0.07934741400921437 0.014253133210200712 0.044771930857723991 0.050757878867674182 0.35117141489188741 0.24389283314782145 0.0039020112193635273 0.18178853832484601
leaf_weight=8139.1602361071855 436.21968996245414 353.59867142746225 4246.8787316828966 1094.9091477163602 1511.3080826015212 1664.3871139723342 1000.8363512980286 732.58977528428659 52.783430931624025 140.7384254145436 694.47987121995538 86.223294305615127 7.1217345008626571 27.936415535863489 1.7074807547032822 94.687013048212975 3.2247629216872156 242.06097102584317 61.856397772673517 11.64508813433349 3.3885117629542938 2.1001188438385725 25.670964357908815 6.1088850479572994 76.828544845338911 16.746658368036154 2.2414503972977391 6.0894275130704045 162.21816498087719 7.0735292616300276
leaf_count=161846 75242 32685 526702 284045 304305 424093 236597 54443 3598 8328 40193 7103 361 757 179 9889 402 14507 3287 244 335 199 542 453 5884 1852 354 419 5238 591
internal_value=-0.000328073 0.00393986 -0.000615121 -0.0116978 -0.0132878 -0.0106388 -0.00434975 0.00579812 0.00971333 0.0131561 0.0147413 0.0290875 0.0559588 0.0493695 0.0133899 -0.0177654 0.162349 0.00905816 0.0216397 0.0420374 0.0350181 0.203368 0.000470149 0.0288071 0.0223515 -0.00473983 0.0862202 0.12889 0.01421 0.0563234
internal_weight=20912.8 15205.2 7066 5707.66 5271.44 4176.53 2512.14 2819.12 2086.53 1732.93 1680.15 476.728 175.797 168.675 300.931 99.6193 4.93224 1203.42 508.94 259.195 247.55 5.48863 249.746 201.312 189.113 105.211 18.9881 12.1983 187.889 83.9021
internal_count=2204673 880391 718545 1324282 1249040 964995 540902 191843 137400 104715 101117 36572 9446 9085 27126 10470 581 64545 24352 15285 15041 534 9067 16656 15784 9309 2206 872 5780 6475
is_linear=0
shrinkage=0.05


Tree=42
num_leaves=31
num_cat=0
split_feature=0 8 16 16 7 12 12 14 19 7 7 3 7 10 8 10 15 13 3 7 12 12 12 19 16 15 3 19 8 10
split_gain=368.915 95.8055 78.3808 74.9342 68.2673 68.5638 61.8818 64.7578 65.1647 58.5256 97.3946 128.898 77.9486 54.7758 72.2574 58.6667 58.505 52.8951 49.9928 49.3858 47.9114 47.5213 75.1996 74.1907 46.5833 46.3422 45.635 58.1194 81.9765 64.1194
threshold=2432.5000000000005 0.030376874841749672 0.0068493150174617776 0.047945205122232444 2.5000000000000004 88.500000000000014 222.50000000000003 0.086370799690485014 13.500000000000002 3.5000000000000004 5.5000000000000009 0.033599536865949638 4.5000000000000009 1666.5000000000002 0.012222412042319776 12.500000000000002 80.500000000000014 9.5000000000000018 0.36797453463077551 2.5000000000000004 274.50000000000006 299.50000000000006 296.50000000000006 2.5000000000000004 0.061643833294510848 11.500000000000002 0.2573495358228684 13.500000000000002 0.033820603042840965 39.500000000000007
decision_type=2 8 2 2 2 2 2 10 2 2 2 2 2 2 10 2 2 2 2 2 2 2 2 2 2 2 2 2 10 2
left_child=1 2 -1 -2 5 -5 7 -7 -9 21 11 12 -11 15 16 -4 17 -15 -16 -17 -6 22 25 -23 -25 -3 27 28 -27 -30
right_child=3 9 13 4 20 6 -8 8 -10 10 -12 -13 -14 14 18 19 -18 -19 -20 -21 -22 23 -24 24 -26 26 -28 -29 29 -31
leaf_value=-0.020940754002583158 -0.016241498962033762 0.0021676409856775658 0.011425244616421209 -0.017073409555666417 -0.0070878616388926931 0.020908863278467221 -0.0037354965852833197 0.020138144646420691 0.32180248613449791 -0.0060648373670509712 0.01484224234570055 0.0053376672060612028 -0.040445034708010044 0.059639627477934637 -0.0049513349526716498 0.0034766255502665026 0.34940096706024776 0.31049732901785615 0.29027601853764912 -0.005489584324107997 -0.029110782171414763 0.085875773145449572 0.10605072663078093 -0.03329184635203887 0.0028450731870080445 0.017386782921645427 0.003196059977079193 0.010980556141205609 0.017285238466363369 0.061058823715882317
leaf_weight=433.986262768507 3281.8235952332616 905.89869998162612 1034.2903974726796 285.01315333531238 1031.456256988924 473.45320672472008 385.0214197174646 3.5469104684889308 3.6145772845484316 343.64505410566926 940.05144303198904 1109.7349179843441 316.90258208662271 40.171680915169418 61.483283268287778 2801.9365503783338 2.0014390121214083 2.2173474282026282 1.4681919631548215 3398.5174336601049 324.70572285563685 21.19064163044095 21.445582110434771 139.62742215394974 246.83110437588766 854.42210086155683 661.54687978606671 1412.9626037655398 129.11344153061509 237.62157282186672
leaf_count=50825 782665 38241 29301 66471 242486 85864 90154 540 297 10416 39225 56976 10225 4005 8330 206803 334 392 270 285219 81445 392 384 6594 7929 23050 28812 39882 1755 5653
internal_value=-0.000535945 0.00357418 -0.000293307 -0.0112696 -0.0047605 0.00419727 0.0112007 0.0231661 0.172395 0.00767088 0.00183541 -0.00507145 -0.022559 0.000927151 0.0363825 0.0004011 0.0852347 0.0727619 0.00193413 -0.00143782 -0.0123608 0.0110864 0.0126601 -0.00521635 -0.0102112 0.0121834 0.0149365 0.0178851 0.0258741 0.0456478
internal_weight=20905.7 15117.1 7776.07 5788.63 2506.81 1150.65 865.636 480.615 7.16149 7340.99 2710.33 1770.28 660.548 7342.09 107.342 7234.74 44.3905 42.389 62.9515 6200.45 1356.16 4630.66 4223.01 407.649 386.459 4201.57 3295.67 2634.12 1221.16 366.735
internal_count=2204935 855013 585479 1349922 567257 243326 176855 86701 837 269534 116842 77617 20641 534654 13331 521323 4731 4397 8600 492022 323931 152692 137777 14915 14523 137393 99152 70340 30458 7408
is_linear=0
shrinkage=0.05


end of trees

feature_importances:
day_of_year=112
net_event_share_7d=108
hours_since_last_event_t=104
day_of_week=92
disarm_share_30d=84
obj_alarms_7d=82
date_event_share_prev_years=78
hours_since_last_alarm_t=78
unit_age_days=76
net_event_share_1d=72
alarm_day_share_365d=70
disarm_hours_7d=68
day_of_month=56
armed_day_share_30d=55
hours_since_guard_change=46
hours_since_last_armed=44
days_since_last_armed=24
n_armed_90d=23
alarm_day_share_7d=12
n_armed_7d=6

parameters:
[boosting: gbdt]
[objective: binary]
[metric: binary_logloss]
[tree_learner: serial]
[device_type: cpu]
[data_sample_strategy: bagging]
[data: ]
[valid: ]
[num_iterations: 2000]
[learning_rate: 0.05]
[num_leaves: 31]
[num_threads: 8]
[seed: 4217]
[deterministic: 1]
[force_col_wise: 0]
[force_row_wise: 0]
[histogram_pool_size: -1]
[max_depth: -1]
[min_data_in_leaf: 200]
[min_sum_hessian_in_leaf: 0.001]
[bagging_fraction: 0.8]
[pos_bagging_fraction: 1]
[neg_bagging_fraction: 1]
[bagging_freq: 1]
[bagging_seed: 15605]
[bagging_by_query: 0]
[feature_fraction: 0.8]
[feature_fraction_bynode: 1]
[feature_fraction_seed: 27703]
[extra_trees: 0]
[extra_seed: 22977]
[early_stopping_round: 0]
[early_stopping_min_delta: 0]
[first_metric_only: 0]
[max_delta_step: 0]
[lambda_l1: 0]
[lambda_l2: 0]
[linear_lambda: 0]
[min_gain_to_split: 0]
[drop_rate: 0.1]
[max_drop: 50]
[skip_drop: 0.5]
[xgboost_dart_mode: 0]
[uniform_drop: 0]
[drop_seed: 20817]
[top_rate: 0.2]
[other_rate: 0.1]
[min_data_per_group: 100]
[max_cat_threshold: 32]
[cat_l2: 10]
[cat_smooth: 10]
[max_cat_to_onehot: 4]
[top_k: 20]
[monotone_constraints: ]
[monotone_constraints_method: basic]
[monotone_penalty: 0]
[feature_contri: ]
[forcedsplits_filename: ]
[refit_decay_rate: 0.9]
[cegb_tradeoff: 1]
[cegb_penalty_split: 0]
[cegb_penalty_feature_lazy: ]
[cegb_penalty_feature_coupled: ]
[path_smooth: 0]
[interaction_constraints: ]
[verbosity: -1]
[saved_feature_importance_type: 0]
[use_quantized_grad: 0]
[num_grad_quant_bins: 4]
[quant_train_renew_leaf: 0]
[stochastic_rounding: 1]
[linear_tree: 0]
[max_bin: 255]
[max_bin_by_feature: ]
[min_data_in_bin: 3]
[bin_construct_sample_cnt: 200000]
[data_random_seed: 13809]
[is_enable_sparse: 1]
[enable_bundle: 1]
[use_missing: 1]
[zero_as_missing: 0]
[feature_pre_filter: 1]
[pre_partition: 0]
[two_round: 0]
[header: 0]
[label_column: ]
[weight_column: ]
[group_column: ]
[ignore_column: ]
[categorical_feature: ]
[forcedbins_filename: ]
[precise_float_parser: 0]
[parser_config_file: ]
[objective_seed: 22279]
[num_class: 1]
[is_unbalance: 0]
[scale_pos_weight: 1]
[sigmoid: 1]
[boost_from_average: 1]
[reg_sqrt: 0]
[alpha: 0.9]
[fair_c: 1]
[poisson_max_delta_step: 0.7]
[tweedie_variance_power: 1.5]
[lambdarank_truncation_level: 30]
[lambdarank_norm: 1]
[label_gain: ]
[lambdarank_position_bias_regularization: 0]
[eval_at: ]
[multi_error_top_k: 1]
[auc_mu_weights: ]
[num_machines: 1]
[local_listen_port: 12400]
[time_out: 120]
[machine_list_filename: ]
[machines: ]
[gpu_platform_id: -1]
[gpu_device_id: -1]
[gpu_device_id_list: ]
[gpu_use_dp: 0]
[num_gpu: 1]

end of parameters

pandas_categorical:null
